run_id,sobol_index,prior_mode,family_drawn,regime_state_drawn,accepted,rejection_reason
20260511_090143,101024,nominal,importer,0000011,True,accepted
20260511_090143,101025,nominal,importer,0001100,True,accepted
20260511_090143,101026,nominal,importer,0001011,True,accepted
20260511_090143,101027,nominal,importer,0000100,True,accepted
20260511_090143,101028,nominal,importer,0000111,True,accepted
20260511_090143,101029,nominal,importer,0001010,True,accepted
20260511_090143,101030,nominal,importer,0001111,True,accepted
20260511_090143,101031,nominal,importer,0000010,True,accepted
20260511_090143,101032,nominal,importer,0001011,True,accepted
20260511_090143,101033,nominal,importer,0000110,True,accepted
20260511_090143,101034,nominal,importer,0000011,True,accepted
20260511_090143,101035,nominal,importer,0001110,True,accepted
20260511_090143,101036,nominal,importer,0001111,True,accepted
20260511_090143,101037,nominal,importer,0000000,True,accepted
20260511_090143,101038,nominal,importer,0000111,True,accepted
20260511_090143,101039,nominal,importer,0001000,True,accepted
20260511_090143,101040,nominal,importer,0000101,True,accepted
20260511_090143,101041,nominal,importer,0001010,True,accepted
20260511_090143,101042,nominal,importer,0001101,True,accepted
20260511_090143,101043,nominal,importer,0000010,True,accepted
20260511_090143,101044,nominal,importer,0000001,True,accepted
20260511_090143,101045,nominal,importer,0001111,True,accepted
20260511_090143,101046,nominal,importer,0001001,True,accepted
20260511_090143,101047,nominal,importer,0001000,True,accepted
20260511_090143,101048,nominal,importer,0001101,True,accepted
20260511_090143,101049,nominal,importer,0000100,True,accepted
20260511_090143,101050,nominal,importer,0000101,True,accepted
20260511_090143,101051,nominal,importer,0001100,True,accepted
20260511_090143,101052,nominal,importer,0001001,True,accepted
20260511_090143,101053,nominal,importer,0000110,True,accepted
20260511_090143,101054,nominal,importer,0000001,True,accepted
20260511_090143,101055,nominal,importer,0001110,True,accepted
20260511_090143,101056,nominal,importer,0001001,True,accepted
20260511_090143,101057,nominal,importer,0001000,True,accepted
20260511_090143,101058,nominal,importer,0000000,True,accepted
20260511_090143,101059,nominal,importer,0001111,True,accepted
20260511_090143,101060,nominal,importer,0001101,True,accepted
20260511_090143,101061,nominal,importer,0000010,True,accepted
20260511_090143,101062,nominal,importer,0000110,True,accepted
20260511_090143,101063,nominal,importer,0001011,True,accepted
20260511_090143,101064,nominal,importer,0000001,True,accepted
20260511_090143,101065,nominal,importer,0001110,True,accepted
20260511_090143,101066,nominal,importer,0001010,True,accepted
20260511_090143,101067,nominal,importer,0000111,True,accepted
20260511_090143,101068,nominal,importer,0000101,True,accepted
20260511_090143,101069,nominal,importer,0001100,True,accepted
20260511_090143,101070,nominal,importer,0001101,True,accepted
20260511_090143,101071,nominal,importer,0000100,True,accepted
20260511_090143,101072,nominal,importer,0001110,True,accepted
20260511_090143,101073,nominal,importer,0000001,True,accepted
20260511_090143,101074,nominal,importer,0000111,True,accepted
20260511_090143,101075,nominal,importer,0001010,True,accepted
20260511_090143,101076,nominal,importer,0001100,True,accepted
20260511_090143,101077,nominal,importer,0000101,True,accepted
20260511_090143,101078,nominal,importer,0000100,True,accepted
20260511_090143,101079,nominal,importer,0001100,True,accepted
20260511_090143,101080,nominal,importer,0001000,True,accepted
20260511_090143,101081,nominal,importer,0001001,True,accepted
20260511_090143,101082,nominal,importer,0001111,True,accepted
20260511_090143,101083,nominal,importer,0000000,True,accepted
20260511_090143,101084,nominal,importer,0000011,True,accepted
20260511_090143,101085,nominal,importer,0001101,True,accepted
20260511_090143,101086,nominal,importer,0001011,True,accepted
20260511_090143,101087,nominal,importer,0000110,True,accepted
20260511_090143,101088,nominal,importer,0001100,True,accepted
20260511_090143,101089,nominal,importer,0000101,True,accepted
20260511_090143,101090,nominal,importer,0000100,True,accepted
20260511_090143,101091,nominal,importer,0001101,True,accepted
20260511_090143,101092,nominal,importer,0001110,True,accepted
20260511_090143,101093,nominal,importer,0000001,True,accepted
20260511_090143,101094,nominal,importer,0000111,True,accepted
20260511_090143,101095,nominal,importer,0001010,True,accepted
20260511_090143,101096,nominal,importer,0000010,True,accepted
20260511_090143,101097,nominal,importer,0001101,True,accepted
20260511_090143,101098,nominal,importer,0001011,True,accepted
20260511_090143,101099,nominal,importer,0000110,True,accepted
20260511_090143,101100,nominal,importer,0001000,True,accepted
20260511_090143,101101,nominal,importer,0001001,True,accepted
20260511_090143,101102,nominal,importer,0001111,True,accepted
20260511_090143,101103,nominal,importer,0000000,True,accepted
20260511_090143,101104,nominal,importer,0001110,True,accepted
20260511_090143,101105,nominal,importer,0000011,True,accepted
20260511_090143,101106,nominal,importer,0000110,True,accepted
20260511_090143,101107,nominal,importer,0001011,True,accepted
20260511_090143,101108,nominal,importer,0001001,True,accepted
20260511_090143,101109,nominal,importer,0001000,True,accepted
20260511_090143,101110,nominal,importer,0000000,True,accepted
20260511_090143,101111,nominal,importer,0001111,True,accepted
20260511_090143,101112,nominal,importer,0000101,True,accepted
20260511_090143,101113,nominal,importer,0001100,True,accepted
20260511_090143,101114,nominal,importer,0001100,True,accepted
20260511_090143,101115,nominal,importer,0000011,True,accepted
20260511_090143,101116,nominal,importer,0000010,True,accepted
20260511_090143,101117,nominal,importer,0001110,True,accepted
20260511_090143,101118,nominal,importer,0001010,True,accepted
20260511_090143,101119,nominal,importer,0000111,True,accepted
20260511_090143,101120,nominal,importer,0000000,True,accepted
20260511_090143,101121,nominal,importer,0001111,True,accepted
20260511_090143,101122,nominal,importer,0001000,True,accepted
20260511_090143,101123,nominal,importer,0000111,True,accepted
20260511_090143,101124,nominal,importer,0000110,True,accepted
20260511_090143,101125,nominal,importer,0001011,True,accepted
20260511_090143,101126,nominal,importer,0001110,True,accepted
20260511_090143,101127,nominal,importer,0000011,True,accepted
20260511_090143,101128,nominal,importer,0001010,True,accepted
20260511_090143,101129,nominal,importer,0000111,True,accepted
20260511_090143,101130,nominal,importer,0000010,True,accepted
20260511_090143,101131,nominal,importer,0001111,True,accepted
20260511_090143,101132,nominal,importer,0001100,True,accepted
20260511_090143,101133,nominal,importer,0000011,True,accepted
20260511_090143,101134,nominal,importer,0000100,True,accepted
20260511_090143,101135,nominal,importer,0001011,True,accepted
20260511_090143,101136,nominal,importer,0000110,True,accepted
20260511_090143,101137,nominal,importer,0001001,True,accepted
20260511_090143,101138,nominal,importer,0001110,True,accepted
20260511_090143,101139,nominal,importer,0000001,True,accepted
20260511_090143,101140,nominal,importer,0000100,True,accepted
20260511_090143,101141,nominal,importer,0001101,True,accepted
20260511_090143,101142,nominal,importer,0001100,True,accepted
20260511_090143,101143,nominal,importer,0000101,True,accepted
20260511_090143,101144,nominal,importer,0001111,True,accepted
20260511_090143,101145,nominal,importer,0000000,True,accepted
20260511_090143,101146,nominal,importer,0001000,True,accepted
20260511_090143,101147,nominal,importer,0001001,True,accepted
20260511_090143,101148,nominal,importer,0001010,True,accepted
20260511_090143,101149,nominal,importer,0000101,True,accepted
20260511_090143,101150,nominal,importer,0000010,True,accepted
20260511_090143,101151,nominal,importer,0001101,True,accepted
20260511_090143,101152,nominal,importer,0000011,True,accepted
20260511_090143,101153,nominal,importer,0001100,True,accepted
20260511_090143,101154,nominal,importer,0001100,True,accepted
20260511_090143,101155,nominal,importer,0000101,True,accepted
20260511_090143,101156,nominal,importer,0000111,True,accepted
20260511_090143,101157,nominal,importer,0001010,True,accepted
20260511_090143,101158,nominal,importer,0001110,True,accepted
20260511_090143,101159,nominal,importer,0000010,True,accepted
20260511_090143,101160,nominal,importer,0001011,True,accepted
20260511_090143,101161,nominal,importer,0000110,True,accepted
20260511_090143,101162,nominal,importer,0000011,True,accepted
20260511_090143,101163,nominal,importer,0001110,True,accepted
20260511_090143,101164,nominal,importer,0001111,True,accepted
20260511_090143,101165,nominal,importer,0000000,True,accepted
20260511_090143,101166,nominal,importer,0001000,True,accepted
20260511_090143,101167,nominal,importer,0001001,True,accepted
20260511_090143,101168,nominal,importer,0000110,True,accepted
20260511_090143,101169,nominal,importer,0001011,True,accepted
20260511_090143,101170,nominal,importer,0001101,True,accepted
20260511_090143,101171,nominal,importer,0000010,True,accepted
20260511_090143,101172,nominal,importer,0000000,True,accepted
20260511_090143,101173,nominal,importer,0001111,True,accepted
20260511_090143,101174,nominal,importer,0001001,True,accepted
20260511_090143,101175,nominal,importer,0001000,True,accepted
20260511_090143,101176,nominal,importer,0001101,True,accepted
20260511_090143,101177,nominal,importer,0000100,True,accepted
20260511_090143,101178,nominal,importer,0000101,True,accepted
20260511_090143,101179,nominal,importer,0001100,True,accepted
20260511_090143,101180,nominal,importer,0001010,True,accepted
20260511_090143,101181,nominal,importer,0000111,True,accepted
20260511_090143,101182,nominal,importer,0000001,True,accepted
20260511_090143,101183,nominal,importer,0001110,True,accepted
20260511_090143,101184,nominal,importer,0001001,True,accepted
20260511_090143,101185,nominal,importer,0001000,True,accepted
20260511_090143,101186,nominal,importer,0000001,True,accepted
20260511_090143,101187,nominal,importer,0001111,True,accepted
20260511_090143,101188,nominal,importer,0001101,True,accepted
20260511_090143,101189,nominal,importer,0000010,True,accepted
20260511_090143,101190,nominal,importer,0000101,True,accepted
20260511_090143,101191,nominal,importer,0001010,True,accepted
20260511_090143,101192,nominal,importer,0000001,True,accepted
20260511_090143,101193,nominal,importer,0001110,True,accepted
20260511_090143,101194,nominal,importer,0001001,True,accepted
20260511_090143,101195,nominal,importer,0000110,True,accepted
20260511_090143,101196,nominal,importer,0000101,True,accepted
20260511_090143,101197,nominal,importer,0001100,True,accepted
20260511_090143,101198,nominal,importer,0001101,True,accepted
20260511_090143,101199,nominal,importer,0000100,True,accepted
20260511_090143,101200,nominal,importer,0001110,True,accepted
20260511_090143,101201,nominal,importer,0000010,True,accepted
20260511_090143,101202,nominal,importer,0000111,True,accepted
20260511_090143,101203,nominal,importer,0001010,True,accepted
20260511_090143,101204,nominal,importer,0001011,True,accepted
20260511_090143,101205,nominal,importer,0000100,True,accepted
20260511_090143,101206,nominal,importer,0000011,True,accepted
20260511_090143,101207,nominal,importer,0001100,True,accepted
20260511_090143,101208,nominal,importer,0000111,True,accepted
20260511_090143,101209,nominal,importer,0001000,True,accepted
20260511_090143,101210,nominal,importer,0001111,True,accepted
20260511_090143,101211,nominal,importer,0000000,True,accepted
20260511_090143,101212,nominal,importer,0000011,True,accepted
20260511_090143,101213,nominal,importer,0001110,True,accepted
20260511_090143,101214,nominal,importer,0001011,True,accepted
20260511_090143,101215,nominal,importer,0000110,True,accepted
20260511_090143,101216,nominal,importer,0001100,True,accepted
20260511_090143,101217,nominal,importer,0000101,True,accepted
20260511_090143,101218,nominal,importer,0000100,True,accepted
20260511_090143,101219,nominal,importer,0001101,True,accepted
20260511_090143,101220,nominal,importer,0001110,True,accepted
20260511_090143,101221,nominal,importer,0000001,True,accepted
20260511_090143,101222,nominal,importer,0000110,True,accepted
20260511_090143,101223,nominal,importer,0001010,True,accepted
20260511_090143,101224,nominal,importer,0000010,True,accepted
20260511_090143,101225,nominal,importer,0001101,True,accepted
20260511_090143,101226,nominal,importer,0001010,True,accepted
20260511_090143,101227,nominal,importer,0000101,True,accepted
20260511_090143,101228,nominal,importer,0001000,True,accepted
20260511_090143,101229,nominal,importer,0001001,True,accepted
20260511_090143,101230,nominal,importer,0001111,True,accepted
20260511_090143,101231,nominal,importer,0000001,True,accepted
20260511_090143,101232,nominal,importer,0001110,True,accepted
20260511_090143,101233,nominal,importer,0000011,True,accepted
20260511_090143,101234,nominal,importer,0000110,True,accepted
20260511_090143,101235,nominal,importer,0001011,True,accepted
20260511_090143,101236,nominal,importer,0001000,True,accepted
20260511_090143,101237,nominal,importer,0000111,True,accepted
20260511_090143,101238,nominal,importer,0000000,True,accepted
20260511_090143,101239,nominal,importer,0001111,True,accepted
20260511_090143,101240,nominal,importer,0000100,True,accepted
20260511_090143,101241,nominal,importer,0001011,True,accepted
20260511_090143,101242,nominal,importer,0001100,True,accepted
20260511_090143,101243,nominal,importer,0000011,True,accepted
20260511_090143,101244,nominal,importer,0000010,True,accepted
20260511_090143,101245,nominal,importer,0001111,True,accepted
20260511_090143,101246,nominal,importer,0001010,True,accepted
20260511_090143,101247,nominal,importer,0000111,True,accepted
20260511_090143,101248,nominal,importer,0000000,True,accepted
20260511_090143,101249,nominal,importer,0001111,True,accepted
20260511_090143,101250,nominal,importer,0001001,True,accepted
20260511_090143,101251,nominal,importer,0001000,True,accepted
20260511_090143,101252,nominal,importer,0000110,True,accepted
20260511_090143,101253,nominal,importer,0001011,True,accepted
20260511_090143,101254,nominal,importer,0001110,True,accepted
20260511_090143,101255,nominal,importer,0000011,True,accepted
20260511_090143,101256,nominal,importer,0001010,True,accepted
20260511_090143,101257,nominal,importer,0000111,True,accepted
20260511_090143,101258,nominal,importer,0000001,True,accepted
20260511_090143,101259,nominal,importer,0001110,True,accepted
20260511_090143,101260,nominal,importer,0001100,True,accepted
20260511_090143,101261,nominal,importer,0000100,True,accepted
20260511_090143,101262,nominal,importer,0000100,True,accepted
20260511_090143,101263,nominal,importer,0001011,True,accepted
20260511_090143,101264,nominal,importer,0000110,True,accepted
20260511_090143,101265,nominal,importer,0001010,True,accepted
20260511_090143,101266,nominal,importer,0001110,True,accepted
20260511_090143,101267,nominal,importer,0000001,True,accepted
20260511_090143,101268,nominal,importer,0000100,True,accepted
20260511_090143,101269,nominal,importer,0001101,True,accepted
20260511_090143,101270,nominal,importer,0001100,True,accepted
20260511_090143,101271,nominal,importer,0000101,True,accepted
20260511_090143,101272,nominal,importer,0001111,True,accepted
20260511_090143,101273,nominal,importer,0000000,True,accepted
20260511_090143,101274,nominal,importer,0001000,True,accepted
20260511_090143,101275,nominal,importer,0001001,True,accepted
20260511_090143,101276,nominal,importer,0001011,True,accepted
20260511_090143,101277,nominal,importer,0000110,True,accepted
20260511_090143,101278,nominal,importer,0000010,True,accepted
20260511_090143,101279,nominal,importer,0001101,True,accepted
20260511_090143,101280,nominal,importer,0001100,True,accepted
20260511_090143,101281,nominal,importer,0000011,True,accepted
20260511_090143,101282,nominal,importer,0000100,True,accepted
20260511_090143,101283,nominal,importer,0001011,True,accepted
20260511_090143,101284,nominal,importer,0001010,True,accepted
20260511_090143,101285,nominal,importer,0000111,True,accepted
20260511_090143,101286,nominal,importer,0000010,True,accepted
20260511_090143,101287,nominal,importer,0001110,True,accepted
20260511_090143,101288,nominal,importer,0000110,True,accepted
20260511_090143,101289,nominal,importer,0001011,True,accepted
20260511_090143,101290,nominal,importer,0001110,True,accepted
20260511_090143,101291,nominal,importer,0000011,True,accepted
20260511_090143,101292,nominal,importer,0000000,True,accepted
20260511_090143,101293,nominal,importer,0001111,True,accepted
20260511_090143,101294,nominal,importer,0001000,True,accepted
20260511_090143,101295,nominal,importer,0000111,True,accepted
20260511_090143,101296,nominal,importer,0001010,True,accepted
20260511_090143,101297,nominal,importer,0000101,True,accepted
20260511_090143,101298,nominal,importer,0000010,True,accepted
20260511_090143,101299,nominal,importer,0001101,True,accepted
20260511_090143,101300,nominal,importer,0001111,True,accepted
20260511_090143,101301,nominal,importer,0000001,True,accepted
20260511_090143,101302,nominal,importer,0001000,True,accepted
20260511_090143,101303,nominal,importer,0001001,True,accepted
20260511_090143,101304,nominal,importer,0000100,True,accepted
20260511_090143,101305,nominal,importer,0001101,True,accepted
20260511_090143,101306,nominal,importer,0001100,True,accepted
20260511_090143,101307,nominal,importer,0000101,True,accepted
20260511_090143,101308,nominal,importer,0000110,True,accepted
20260511_090143,101309,nominal,importer,0001001,True,accepted
20260511_090143,101310,nominal,importer,0001110,True,accepted
20260511_090143,101311,nominal,importer,0000001,True,accepted
20260511_090143,101312,nominal,importer,0001000,True,accepted
20260511_090143,101313,nominal,importer,0001001,True,accepted
20260511_090143,101314,nominal,importer,0001111,True,accepted
20260511_090143,101315,nominal,importer,0000000,True,accepted
20260511_090143,101316,nominal,importer,0000010,True,accepted
20260511_090143,101317,nominal,importer,0001101,True,accepted
20260511_090143,101318,nominal,importer,0001011,True,accepted
20260511_090143,101319,nominal,importer,0000110,True,accepted
20260511_090143,101320,nominal,importer,0001110,True,accepted
20260511_090143,101321,nominal,importer,0000001,True,accepted
20260511_090143,101322,nominal,importer,0000111,True,accepted
20260511_090143,101323,nominal,importer,0001010,True,accepted
20260511_090143,101324,nominal,importer,0001100,True,accepted
20260511_090143,101325,nominal,importer,0000101,True,accepted
20260511_090143,101326,nominal,importer,0000100,True,accepted
20260511_090143,101327,nominal,importer,0001101,True,accepted
20260511_090143,101328,nominal,importer,0000010,True,accepted
20260511_090143,101329,nominal,importer,0001110,True,accepted
20260511_090143,101330,nominal,importer,0001010,True,accepted
20260511_090143,101331,nominal,importer,0000111,True,accepted
20260511_090143,101332,nominal,importer,0000101,True,accepted
20260511_090143,101333,nominal,importer,0001100,True,accepted
20260511_090143,101334,nominal,importer,0001100,True,accepted
20260511_090143,101335,nominal,importer,0000011,True,accepted
20260511_090143,101336,nominal,importer,0001001,True,accepted
20260511_090143,101337,nominal,importer,0001000,True,accepted
20260511_090143,101338,nominal,importer,0000000,True,accepted
20260511_090143,101339,nominal,importer,0001111,True,accepted
20260511_090143,101340,nominal,importer,0001110,True,accepted
20260511_090143,101341,nominal,importer,0000011,True,accepted
20260511_090143,101342,nominal,importer,0000110,True,accepted
20260511_090143,101343,nominal,importer,0001011,True,accepted
20260511_090143,101344,nominal,importer,0000101,True,accepted
20260511_090143,101345,nominal,importer,0001100,True,accepted
20260511_090143,101346,nominal,importer,0001101,True,accepted
20260511_090143,101347,nominal,importer,0000100,True,accepted
20260511_090143,101348,nominal,importer,0000001,True,accepted
20260511_090143,101349,nominal,importer,0001110,True,accepted
20260511_090143,101350,nominal,importer,0001010,True,accepted
20260511_090143,101351,nominal,importer,0000111,True,accepted
20260511_090143,101352,nominal,importer,0001101,True,accepted
20260511_090143,101353,nominal,importer,0000010,True,accepted
20260511_090143,101354,nominal,importer,0000110,True,accepted
20260511_090143,101355,nominal,importer,0001011,True,accepted
20260511_090143,101356,nominal,importer,0001001,True,accepted
20260511_090143,101357,nominal,importer,0001000,True,accepted
20260511_090143,101358,nominal,importer,0000000,True,accepted
20260511_090143,101359,nominal,importer,0001111,True,accepted
20260511_090143,101360,nominal,importer,0000011,True,accepted
20260511_090143,101361,nominal,importer,0001110,True,accepted
20260511_090143,101362,nominal,importer,0001011,True,accepted
20260511_090143,101363,nominal,importer,0000110,True,accepted
20260511_090143,101364,nominal,importer,0001000,True,accepted
20260511_090143,101365,nominal,importer,0001001,True,accepted
20260511_090143,101366,nominal,importer,0001111,True,accepted
20260511_090143,101367,nominal,importer,0000000,True,accepted
20260511_090143,101368,nominal,importer,0001011,True,accepted
20260511_090143,101369,nominal,importer,0000100,True,accepted
20260511_090143,101370,nominal,importer,0000100,True,accepted
20260511_090143,101371,nominal,importer,0001100,True,accepted
20260511_090143,101372,nominal,importer,0001110,True,accepted
20260511_090143,101373,nominal,importer,0000001,True,accepted
20260511_090143,101374,nominal,importer,0000111,True,accepted
20260511_090143,101375,nominal,importer,0001010,True,accepted
20260511_090143,101376,nominal,importer,0001111,True,accepted
20260511_090143,101377,nominal,importer,0000000,True,accepted
20260511_090143,101378,nominal,importer,0000111,True,accepted
20260511_090143,101379,nominal,importer,0001000,True,accepted
20260511_090143,101380,nominal,importer,0001011,True,accepted
20260511_090143,101381,nominal,importer,0000110,True,accepted
20260511_090143,101382,nominal,importer,0000011,True,accepted
20260511_090143,101383,nominal,importer,0001110,True,accepted
20260511_090143,101384,nominal,importer,0000111,True,accepted
20260511_090143,101385,nominal,importer,0001010,True,accepted
20260511_090143,101386,nominal,importer,0001111,True,accepted
20260511_090143,101387,nominal,importer,0000010,True,accepted
20260511_090143,101388,nominal,importer,0000011,True,accepted
20260511_090143,101389,nominal,importer,0001100,True,accepted
20260511_090143,101390,nominal,importer,0001011,True,accepted
20260511_090143,101391,nominal,importer,0000100,True,accepted
20260511_090143,101392,nominal,importer,0001010,True,accepted
20260511_090143,101393,nominal,importer,0000110,True,accepted
20260511_090143,101394,nominal,importer,0000001,True,accepted
20260511_090143,101395,nominal,importer,0001110,True,accepted
20260511_090143,101396,nominal,importer,0001101,True,accepted
20260511_090143,101397,nominal,importer,0000100,True,accepted
20260511_090143,101398,nominal,importer,0000101,True,accepted
20260511_090143,101399,nominal,importer,0001100,True,accepted
20260511_090143,101400,nominal,importer,0000001,True,accepted
20260511_090143,101401,nominal,importer,0001111,True,accepted
20260511_090143,101402,nominal,importer,0001001,True,accepted
20260511_090143,101403,nominal,importer,0001000,True,accepted
20260511_090143,101404,nominal,importer,0000101,True,accepted
20260511_090143,101405,nominal,importer,0001010,True,accepted
20260511_090143,101406,nominal,importer,0001101,True,accepted
20260511_090143,101407,nominal,importer,0000010,True,accepted
20260511_090143,101408,nominal,importer,0001100,True,accepted
20260511_090143,101409,nominal,importer,0000100,True,accepted
20260511_090143,101410,nominal,importer,0000101,True,accepted
20260511_090143,101411,nominal,importer,0001100,True,accepted
20260511_090143,101412,nominal,importer,0001010,True,accepted
20260511_090143,101413,nominal,importer,0000111,True,accepted
20260511_090143,101414,nominal,importer,0000001,True,accepted
20260511_090143,101415,nominal,importer,0001110,True,accepted
20260511_090143,101416,nominal,importer,0000110,True,accepted
20260511_090143,101417,nominal,importer,0001011,True,accepted
20260511_090143,101418,nominal,importer,0001101,True,accepted
20260511_090143,101419,nominal,importer,0000011,True,accepted
20260511_090143,101420,nominal,importer,0000000,True,accepted
20260511_090143,101421,nominal,importer,0001111,True,accepted
20260511_090143,101422,nominal,importer,0001001,True,accepted
20260511_090143,101423,nominal,importer,0001000,True,accepted
20260511_090143,101424,nominal,importer,0001010,True,accepted
20260511_090143,101425,nominal,importer,0000110,True,accepted
20260511_090143,101426,nominal,importer,0000010,True,accepted
20260511_090143,101427,nominal,importer,0001101,True,accepted
20260511_090143,101428,nominal,importer,0001111,True,accepted
20260511_090143,101429,nominal,importer,0000000,True,accepted
20260511_090143,101430,nominal,importer,0001000,True,accepted
20260511_090143,101431,nominal,importer,0001001,True,accepted
20260511_090143,101432,nominal,importer,0000100,True,accepted
20260511_090143,101433,nominal,importer,0001101,True,accepted
20260511_090143,101434,nominal,importer,0001100,True,accepted
20260511_090143,101435,nominal,importer,0000101,True,accepted
20260511_090143,101436,nominal,importer,0000111,True,accepted
20260511_090143,101437,nominal,importer,0001010,True,accepted
20260511_090143,101438,nominal,importer,0001110,True,accepted
20260511_090143,101439,nominal,importer,0000001,True,accepted
20260511_090143,101440,nominal,importer,0001000,True,accepted
20260511_090143,101441,nominal,importer,0001001,True,accepted
20260511_090143,101442,nominal,importer,0001111,True,accepted
20260511_090143,101443,nominal,importer,0000001,True,accepted
20260511_090143,101444,nominal,importer,0000010,True,accepted
20260511_090143,101445,nominal,importer,0001101,True,accepted
20260511_090143,101446,nominal,importer,0001010,True,accepted
20260511_090143,101447,nominal,importer,0000101,True,accepted
20260511_090143,101448,nominal,importer,0001110,True,accepted
20260511_090143,101449,nominal,importer,0000001,True,accepted
20260511_090143,101450,nominal,importer,0000110,True,accepted
20260511_090143,101451,nominal,importer,0001001,True,accepted
20260511_090143,101452,nominal,importer,0001100,True,accepted
20260511_090143,101453,nominal,importer,0000101,True,accepted
20260511_090143,101454,nominal,importer,0000100,True,accepted
20260511_090143,101455,nominal,importer,0001101,True,accepted
20260511_090143,101456,nominal,importer,0000010,True,accepted
20260511_090143,101457,nominal,importer,0001111,True,accepted
20260511_090143,101458,nominal,importer,0001010,True,accepted
20260511_090143,101459,nominal,importer,0000111,True,accepted
20260511_090143,101460,nominal,importer,0000100,True,accepted
20260511_090143,101461,nominal,importer,0001011,True,accepted
20260511_090143,101462,nominal,importer,0001100,True,accepted
20260511_090143,101463,nominal,importer,0000011,True,accepted
20260511_090143,101464,nominal,importer,0001000,True,accepted
20260511_090143,101465,nominal,importer,0000111,True,accepted
20260511_090143,101466,nominal,importer,0000000,True,accepted
20260511_090143,101467,nominal,importer,0001111,True,accepted
20260511_090143,101468,nominal,importer,0001110,True,accepted
20260511_090143,101469,nominal,importer,0000011,True,accepted
20260511_090143,101470,nominal,importer,0000110,True,accepted
20260511_090143,101471,nominal,importer,0001011,True,accepted
20260511_090143,101472,nominal,importer,0000101,True,accepted
20260511_090143,101473,nominal,importer,0001100,True,accepted
20260511_090143,101474,nominal,importer,0001101,True,accepted
20260511_090143,101475,nominal,importer,0000100,True,accepted
20260511_090143,101476,nominal,importer,0000001,True,accepted
20260511_090143,101477,nominal,importer,0001110,True,accepted
20260511_090143,101478,nominal,importer,0001001,True,accepted
20260511_090143,101479,nominal,importer,0000110,True,accepted
20260511_090143,101480,nominal,importer,0001101,True,accepted
20260511_090143,101481,nominal,importer,0000010,True,accepted
20260511_090143,101482,nominal,importer,0000101,True,accepted
20260511_090143,101483,nominal,importer,0001010,True,accepted
20260511_090143,101484,nominal,importer,0001001,True,accepted
20260511_090143,101485,nominal,importer,0001000,True,accepted
20260511_090143,101486,nominal,importer,0000000,True,accepted
20260511_090143,101487,nominal,importer,0001111,True,accepted
20260511_090143,101488,nominal,importer,0000011,True,accepted
20260511_090143,101489,nominal,importer,0001110,True,accepted
20260511_090143,101490,nominal,importer,0001011,True,accepted
20260511_090143,101491,nominal,importer,0000110,True,accepted
20260511_090143,101492,nominal,importer,0000111,True,accepted
20260511_090143,101493,nominal,importer,0001000,True,accepted
20260511_090143,101494,nominal,importer,0001111,True,accepted
20260511_090143,101495,nominal,importer,0000000,True,accepted
20260511_090143,101496,nominal,importer,0001011,True,accepted
20260511_090143,101497,nominal,importer,0000100,True,accepted
20260511_090143,101498,nominal,importer,0000011,True,accepted
20260511_090143,101499,nominal,importer,0001100,True,accepted
20260511_090143,101500,nominal,importer,0001111,True,accepted
20260511_090143,101501,nominal,importer,0000010,True,accepted
20260511_090143,101502,nominal,importer,0000111,True,accepted
20260511_090143,101503,nominal,importer,0001010,True,accepted
20260511_090143,101504,nominal,importer,0001111,True,accepted
20260511_090143,101505,nominal,importer,0000000,True,accepted
20260511_090143,101506,nominal,importer,0001000,True,accepted
20260511_090143,101507,nominal,importer,0001001,True,accepted
20260511_090143,101508,nominal,importer,0001011,True,accepted
20260511_090143,101509,nominal,importer,0000110,True,accepted
20260511_090143,101510,nominal,importer,0000011,True,accepted
20260511_090143,101511,nominal,importer,0001110,True,accepted
20260511_090143,101512,nominal,importer,0000111,True,accepted
20260511_090143,101513,nominal,importer,0001010,True,accepted
20260511_090143,101514,nominal,importer,0001110,True,accepted
20260511_090143,101515,nominal,importer,0000010,True,accepted
20260511_090143,101516,nominal,importer,0000011,True,accepted
20260511_090143,101517,nominal,importer,0001100,True,accepted
20260511_090143,101518,nominal,importer,0001100,True,accepted
20260511_090143,101519,nominal,importer,0000101,True,accepted
20260511_090143,101520,nominal,importer,0001010,True,accepted
20260511_090143,101521,nominal,importer,0000111,True,accepted
20260511_090143,101522,nominal,importer,0000001,True,accepted
20260511_090143,101523,nominal,importer,0001110,True,accepted
20260511_090143,101524,nominal,importer,0001101,True,accepted
20260511_090143,101525,nominal,importer,0000100,True,accepted
20260511_090143,101526,nominal,importer,0000101,True,accepted
20260511_090143,101527,nominal,importer,0001100,True,accepted
20260511_090143,101528,nominal,importer,0000000,True,accepted
20260511_090143,101529,nominal,importer,0001111,True,accepted
20260511_090143,101530,nominal,importer,0001001,True,accepted
20260511_090143,101531,nominal,importer,0001000,True,accepted
20260511_090143,101532,nominal,importer,0000110,True,accepted
20260511_090143,101533,nominal,importer,0001011,True,accepted
20260511_090143,101534,nominal,importer,0001101,True,accepted
20260511_090143,101535,nominal,importer,0000010,True,accepted
20260511_090143,101536,nominal,importer,0000100,True,accepted
20260511_090143,101537,nominal,importer,0001011,True,accepted
20260511_090143,101538,nominal,importer,0001100,True,accepted
20260511_090143,101539,nominal,importer,0000011,True,accepted
20260511_090143,101540,nominal,importer,0000010,True,accepted
20260511_090143,101541,nominal,importer,0001111,True,accepted
20260511_090143,101542,nominal,importer,0001010,True,accepted
20260511_090143,101543,nominal,importer,0000111,True,accepted
20260511_090143,101544,nominal,importer,0001110,True,accepted
20260511_090143,101545,nominal,importer,0000011,True,accepted
20260511_090143,101546,nominal,importer,0000110,True,accepted
20260511_090143,101547,nominal,importer,0001011,True,accepted
20260511_090143,101548,nominal,importer,0001000,True,accepted
20260511_090143,101549,nominal,importer,0000111,True,accepted
20260511_090143,101550,nominal,importer,0000000,True,accepted
20260511_090143,101551,nominal,importer,0001111,True,accepted
20260511_090143,101552,nominal,importer,0000010,True,accepted
20260511_090143,101553,nominal,importer,0001101,True,accepted
20260511_090143,101554,nominal,importer,0001010,True,accepted
20260511_090143,101555,nominal,importer,0000101,True,accepted
20260511_090143,101556,nominal,importer,0001000,True,accepted
20260511_090143,101557,nominal,importer,0001001,True,accepted
20260511_090143,101558,nominal,importer,0001111,True,accepted
20260511_090143,101559,nominal,importer,0000000,True,accepted
20260511_090143,101560,nominal,importer,0001100,True,accepted
20260511_090143,101561,nominal,importer,0000101,True,accepted
20260511_090143,101562,nominal,importer,0000100,True,accepted
20260511_090143,101563,nominal,importer,0001101,True,accepted
20260511_090143,101564,nominal,importer,0001110,True,accepted
20260511_090143,101565,nominal,importer,0000001,True,accepted
20260511_090143,101566,nominal,importer,0000110,True,accepted
20260511_090143,101567,nominal,importer,0001001,True,accepted
20260511_090143,101568,nominal,importer,0001111,True,accepted
20260511_090143,101569,nominal,importer,0000000,True,accepted
20260511_090143,101570,nominal,importer,0001000,True,accepted
20260511_090143,101571,nominal,importer,0001001,True,accepted
20260511_090143,101572,nominal,importer,0001011,True,accepted
20260511_090143,101573,nominal,importer,0000110,True,accepted
20260511_090143,101574,nominal,importer,0000010,True,accepted
20260511_090143,101575,nominal,importer,0001101,True,accepted
20260511_090143,101576,nominal,importer,0000111,True,accepted
20260511_090143,101577,nominal,importer,0001010,True,accepted
20260511_090143,101578,nominal,importer,0001110,True,accepted
20260511_090143,101579,nominal,importer,0000001,True,accepted
20260511_090143,101580,nominal,importer,0000100,True,accepted
20260511_090143,101581,nominal,importer,0001101,True,accepted
20260511_090143,101582,nominal,importer,0001100,True,accepted
20260511_090143,101583,nominal,importer,0000101,True,accepted
20260511_090143,101584,nominal,importer,0001010,True,accepted
20260511_090143,101585,nominal,importer,0000111,True,accepted
20260511_090143,101586,nominal,importer,0000010,True,accepted
20260511_090143,101587,nominal,importer,0001110,True,accepted
20260511_090143,101588,nominal,importer,0001100,True,accepted
20260511_090143,101589,nominal,importer,0000011,True,accepted
20260511_090143,101590,nominal,importer,0000101,True,accepted
20260511_090143,101591,nominal,importer,0001100,True,accepted
20260511_090143,101592,nominal,importer,0000000,True,accepted
20260511_090143,101593,nominal,importer,0001111,True,accepted
20260511_090143,101594,nominal,importer,0001001,True,accepted
20260511_090143,101595,nominal,importer,0001000,True,accepted
20260511_090143,101596,nominal,importer,0000110,True,accepted
20260511_090143,101597,nominal,importer,0001011,True,accepted
20260511_090143,101598,nominal,importer,0001110,True,accepted
20260511_090143,101599,nominal,importer,0000011,True,accepted
20260511_090143,101600,nominal,importer,0001101,True,accepted
20260511_090143,101601,nominal,importer,0000100,True,accepted
20260511_090143,101602,nominal,importer,0000101,True,accepted
20260511_090143,101603,nominal,importer,0001100,True,accepted
20260511_090143,101604,nominal,importer,0001010,True,accepted
20260511_090143,101605,nominal,importer,0000111,True,accepted
20260511_090143,101606,nominal,importer,0000001,True,accepted
20260511_090143,101607,nominal,importer,0001110,True,accepted
20260511_090143,101608,nominal,importer,0000110,True,accepted
20260511_090143,101609,nominal,importer,0001010,True,accepted
20260511_090143,101610,nominal,importer,0001101,True,accepted
20260511_090143,101611,nominal,importer,0000010,True,accepted
20260511_090143,101612,nominal,importer,0000000,True,accepted
20260511_090143,101613,nominal,importer,0001111,True,accepted
20260511_090143,101614,nominal,importer,0001001,True,accepted
20260511_090143,101615,nominal,importer,0001000,True,accepted
20260511_090143,101616,nominal,importer,0001011,True,accepted
20260511_090143,101617,nominal,importer,0000110,True,accepted
20260511_090143,101618,nominal,importer,0000010,True,accepted
20260511_090143,101619,nominal,importer,0001101,True,accepted
20260511_090143,101620,nominal,importer,0001111,True,accepted
20260511_090143,101621,nominal,importer,0000000,True,accepted
20260511_090143,101622,nominal,importer,0000111,True,accepted
20260511_090143,101623,nominal,importer,0001000,True,accepted
20260511_090143,101624,nominal,importer,0000100,True,accepted
20260511_090143,101625,nominal,importer,0001100,True,accepted
20260511_090143,101626,nominal,importer,0001011,True,accepted
20260511_090143,101627,nominal,importer,0000100,True,accepted
20260511_090143,101628,nominal,importer,0000111,True,accepted
20260511_090143,101629,nominal,importer,0001010,True,accepted
20260511_090143,101630,nominal,importer,0001110,True,accepted
20260511_090143,101631,nominal,importer,0000001,True,accepted
20260511_090143,101632,nominal,importer,0000111,True,accepted
20260511_090143,101633,nominal,importer,0001000,True,accepted
20260511_090143,101634,nominal,importer,0001111,True,accepted
20260511_090143,101635,nominal,importer,0000000,True,accepted
20260511_090143,101636,nominal,importer,0000011,True,accepted
20260511_090143,101637,nominal,importer,0001110,True,accepted
20260511_090143,101638,nominal,importer,0001011,True,accepted
20260511_090143,101639,nominal,importer,0000110,True,accepted
20260511_090143,101640,nominal,importer,0001111,True,accepted
20260511_090143,101641,nominal,importer,0000010,True,accepted
20260511_090143,101642,nominal,importer,0000111,True,accepted
20260511_090143,101643,nominal,importer,0001010,True,accepted
20260511_090143,101644,nominal,importer,0001011,True,accepted
20260511_090143,101645,nominal,importer,0000100,True,accepted
20260511_090143,101646,nominal,importer,0000011,True,accepted
20260511_090143,101647,nominal,importer,0001100,True,accepted
20260511_090143,101648,nominal,importer,0000001,True,accepted
20260511_090143,101649,nominal,importer,0001110,True,accepted
20260511_090143,101650,nominal,importer,0001001,True,accepted
20260511_090143,101651,nominal,importer,0000110,True,accepted
20260511_090143,101652,nominal,importer,0000101,True,accepted
20260511_090143,101653,nominal,importer,0001100,True,accepted
20260511_090143,101654,nominal,importer,0001101,True,accepted
20260511_090143,101655,nominal,importer,0000100,True,accepted
20260511_090143,101656,nominal,importer,0001001,True,accepted
20260511_090143,101657,nominal,importer,0001000,True,accepted
20260511_090143,101658,nominal,importer,0000001,True,accepted
20260511_090143,101659,nominal,importer,0001111,True,accepted
20260511_090143,101660,nominal,importer,0001101,True,accepted
20260511_090143,101661,nominal,importer,0000010,True,accepted
20260511_090143,101662,nominal,importer,0000110,True,accepted
20260511_090143,101663,nominal,importer,0001010,True,accepted
20260511_090143,101664,nominal,importer,0000100,True,accepted
20260511_090143,101665,nominal,importer,0001011,True,accepted
20260511_090143,101666,nominal,importer,0001101,True,accepted
20260511_090143,101667,nominal,importer,0000100,True,accepted
20260511_090143,101668,nominal,importer,0000001,True,accepted
20260511_090143,101669,nominal,importer,0001110,True,accepted
20260511_090143,101670,nominal,importer,0001010,True,accepted
20260511_090143,101671,nominal,importer,0000111,True,accepted
20260511_090143,101672,nominal,importer,0001110,True,accepted
20260511_090143,101673,nominal,importer,0000011,True,accepted
20260511_090143,101674,nominal,importer,0000110,True,accepted
20260511_090143,101675,nominal,importer,0001011,True,accepted
20260511_090143,101676,nominal,importer,0001001,True,accepted
20260511_090143,101677,nominal,importer,0001000,True,accepted
20260511_090143,101678,nominal,importer,0000000,True,accepted
20260511_090143,101679,nominal,importer,0001111,True,accepted
20260511_090143,101680,nominal,importer,0000010,True,accepted
20260511_090143,101681,nominal,importer,0001101,True,accepted
20260511_090143,101682,nominal,importer,0001011,True,accepted
20260511_090143,101683,nominal,importer,0000110,True,accepted
20260511_090143,101684,nominal,importer,0001000,True,accepted
20260511_090143,101685,nominal,importer,0001001,True,accepted
20260511_090143,101686,nominal,importer,0001111,True,accepted
20260511_090143,101687,nominal,importer,0000000,True,accepted
20260511_090143,101688,nominal,importer,0001100,True,accepted
20260511_090143,101689,nominal,importer,0000101,True,accepted
20260511_090143,101690,nominal,importer,0000100,True,accepted
20260511_090143,101691,nominal,importer,0001101,True,accepted
20260511_090143,101692,nominal,importer,0001110,True,accepted
20260511_090143,101693,nominal,importer,0000001,True,accepted
20260511_090143,101694,nominal,importer,0000110,True,accepted
20260511_090143,101695,nominal,importer,0001010,True,accepted
20260511_090143,101696,nominal,importer,0001111,True,accepted
20260511_090143,101697,nominal,importer,0000001,True,accepted
20260511_090143,101698,nominal,importer,0001000,True,accepted
20260511_090143,101699,nominal,importer,0001001,True,accepted
20260511_090143,101700,nominal,importer,0001010,True,accepted
20260511_090143,101701,nominal,importer,0000101,True,accepted
20260511_090143,101702,nominal,importer,0000010,True,accepted
20260511_090143,101703,nominal,importer,0001101,True,accepted
20260511_090143,101704,nominal,importer,0000110,True,accepted
20260511_090143,101705,nominal,importer,0001001,True,accepted
20260511_090143,101706,nominal,importer,0001110,True,accepted
20260511_090143,101707,nominal,importer,0000001,True,accepted
20260511_090143,101708,nominal,importer,0000100,True,accepted
20260511_090143,101709,nominal,importer,0001101,True,accepted
20260511_090143,101710,nominal,importer,0001100,True,accepted
20260511_090143,101711,nominal,importer,0000101,True,accepted
20260511_090143,101712,nominal,importer,0001010,True,accepted
20260511_090143,101713,nominal,importer,0000111,True,accepted
20260511_090143,101714,nominal,importer,0000010,True,accepted
20260511_090143,101715,nominal,importer,0001111,True,accepted
20260511_090143,101716,nominal,importer,0001100,True,accepted
20260511_090143,101717,nominal,importer,0000011,True,accepted
20260511_090143,101718,nominal,importer,0000100,True,accepted
20260511_090143,101719,nominal,importer,0001011,True,accepted
20260511_090143,101720,nominal,importer,0000000,True,accepted
20260511_090143,101721,nominal,importer,0001111,True,accepted
20260511_090143,101722,nominal,importer,0001000,True,accepted
20260511_090143,101723,nominal,importer,0000111,True,accepted
20260511_090143,101724,nominal,importer,0000110,True,accepted
20260511_090143,101725,nominal,importer,0001011,True,accepted
20260511_090143,101726,nominal,importer,0001110,True,accepted
20260511_090143,101727,nominal,importer,0000011,True,accepted
20260511_090143,101728,nominal,importer,0001101,True,accepted
20260511_090143,101729,nominal,importer,0000100,True,accepted
20260511_090143,101730,nominal,importer,0000101,True,accepted
20260511_090143,101731,nominal,importer,0001100,True,accepted
20260511_090143,101732,nominal,importer,0001001,True,accepted
20260511_090143,101733,nominal,importer,0000110,True,accepted
20260511_090143,101734,nominal,importer,0000001,True,accepted
20260511_090143,101735,nominal,importer,0001110,True,accepted
20260511_090143,101736,nominal,importer,0000101,True,accepted
20260511_090143,101737,nominal,importer,0001010,True,accepted
20260511_090143,101738,nominal,importer,0001101,True,accepted
20260511_090143,101739,nominal,importer,0000010,True,accepted
20260511_090143,101740,nominal,importer,0000000,True,accepted
20260511_090143,101741,nominal,importer,0001111,True,accepted
20260511_090143,101742,nominal,importer,0001001,True,accepted
20260511_090143,101743,nominal,importer,0001000,True,accepted
20260511_090143,101744,nominal,importer,0001011,True,accepted
20260511_090143,101745,nominal,importer,0000110,True,accepted
20260511_090143,101746,nominal,importer,0000011,True,accepted
20260511_090143,101747,nominal,importer,0001110,True,accepted
20260511_090143,101748,nominal,importer,0001111,True,accepted
20260511_090143,101749,nominal,importer,0000000,True,accepted
20260511_090143,101750,nominal,importer,0000111,True,accepted
20260511_090143,101751,nominal,importer,0001000,True,accepted
20260511_090143,101752,nominal,importer,0000011,True,accepted
20260511_090143,101753,nominal,importer,0001100,True,accepted
20260511_090143,101754,nominal,importer,0001011,True,accepted
20260511_090143,101755,nominal,importer,0000100,True,accepted
20260511_090143,101756,nominal,importer,0000111,True,accepted
20260511_090143,101757,nominal,importer,0001010,True,accepted
20260511_090143,101758,nominal,importer,0001110,True,accepted
20260511_090143,101759,nominal,importer,0000010,True,accepted
20260511_090143,101760,nominal,importer,0001000,True,accepted
20260511_090143,101761,nominal,importer,0001001,True,accepted
20260511_090143,101762,nominal,importer,0001111,True,accepted
20260511_090143,101763,nominal,importer,0000000,True,accepted
20260511_090143,101764,nominal,importer,0000011,True,accepted
20260511_090143,101765,nominal,importer,0001110,True,accepted
20260511_090143,101766,nominal,importer,0001011,True,accepted
20260511_090143,101767,nominal,importer,0000110,True,accepted
20260511_090143,101768,nominal,importer,0001110,True,accepted
20260511_090143,101769,nominal,importer,0000010,True,accepted
20260511_090143,101770,nominal,importer,0000111,True,accepted
20260511_090143,101771,nominal,importer,0001010,True,accepted
20260511_090143,101772,nominal,importer,0001100,True,accepted
20260511_090143,101773,nominal,importer,0000101,True,accepted
20260511_090143,101774,nominal,importer,0000011,True,accepted
20260511_090143,101775,nominal,importer,0001100,True,accepted
20260511_090143,101776,nominal,importer,0000001,True,accepted
20260511_090143,101777,nominal,importer,0001110,True,accepted
20260511_090143,101778,nominal,importer,0001010,True,accepted
20260511_090143,101779,nominal,importer,0000111,True,accepted
20260511_090143,101780,nominal,importer,0000101,True,accepted
20260511_090143,101781,nominal,importer,0001100,True,accepted
20260511_090143,101782,nominal,importer,0001101,True,accepted
20260511_090143,101783,nominal,importer,0000100,True,accepted
20260511_090143,101784,nominal,importer,0001001,True,accepted
20260511_090143,101785,nominal,importer,0001000,True,accepted
20260511_090143,101786,nominal,importer,0000000,True,accepted
20260511_090143,101787,nominal,importer,0001111,True,accepted
20260511_090143,101788,nominal,importer,0001101,True,accepted
20260511_090143,101789,nominal,importer,0000010,True,accepted
20260511_090143,101790,nominal,importer,0000110,True,accepted
20260511_090143,101791,nominal,importer,0001011,True,accepted
20260511_090143,101792,nominal,importer,0001011,True,accepted
20260511_090143,101793,nominal,importer,0000100,True,accepted
20260511_090143,101794,nominal,importer,0000011,True,accepted
20260511_090143,101795,nominal,importer,0001100,True,accepted
20260511_090143,101796,nominal,importer,0001111,True,accepted
20260511_090143,101797,nominal,importer,0000010,True,accepted
20260511_090143,101798,nominal,importer,0000111,True,accepted
20260511_090143,101799,nominal,importer,0001010,True,accepted
20260511_090143,101800,nominal,importer,0000011,True,accepted
20260511_090143,101801,nominal,importer,0001110,True,accepted
20260511_090143,101802,nominal,importer,0001011,True,accepted
20260511_090143,101803,nominal,importer,0000110,True,accepted
20260511_090143,101804,nominal,importer,0000111,True,accepted
20260511_090143,101805,nominal,importer,0001000,True,accepted
20260511_090143,101806,nominal,importer,0001111,True,accepted
20260511_090143,101807,nominal,importer,0000000,True,accepted
20260511_090143,101808,nominal,importer,0001101,True,accepted
20260511_090143,101809,nominal,importer,0000010,True,accepted
20260511_090143,101810,nominal,importer,0000101,True,accepted
20260511_090143,101811,nominal,importer,0001010,True,accepted
20260511_090143,101812,nominal,importer,0001001,True,accepted
20260511_090143,101813,nominal,importer,0001000,True,accepted
20260511_090143,101814,nominal,importer,0000001,True,accepted
20260511_090143,101815,nominal,importer,0001111,True,accepted
20260511_090143,101816,nominal,importer,0000101,True,accepted
20260511_090143,101817,nominal,importer,0001100,True,accepted
20260511_090143,101818,nominal,importer,0001101,True,accepted
20260511_090143,101819,nominal,importer,0000100,True,accepted
20260511_090143,101820,nominal,importer,0000001,True,accepted
20260511_090143,101821,nominal,importer,0001110,True,accepted
20260511_090143,101822,nominal,importer,0001010,True,accepted
20260511_090143,101823,nominal,importer,0000110,True,accepted
20260511_090143,101824,nominal,importer,0000000,True,accepted
20260511_090143,101825,nominal,importer,0001111,True,accepted
20260511_090143,101826,nominal,importer,0001001,True,accepted
20260511_090143,101827,nominal,importer,0001000,True,accepted
20260511_090143,101828,nominal,importer,0000110,True,accepted
20260511_090143,101829,nominal,importer,0001011,True,accepted
20260511_090143,101830,nominal,importer,0001101,True,accepted
20260511_090143,101831,nominal,importer,0000010,True,accepted
20260511_090143,101832,nominal,importer,0001010,True,accepted
20260511_090143,101833,nominal,importer,0000111,True,accepted
20260511_090143,101834,nominal,importer,0000001,True,accepted
20260511_090143,101835,nominal,importer,0001110,True,accepted
20260511_090143,101836,nominal,importer,0001101,True,accepted
20260511_090143,101837,nominal,importer,0000100,True,accepted
20260511_090143,101838,nominal,importer,0000101,True,accepted
20260511_090143,101839,nominal,importer,0001100,True,accepted
20260511_090143,101840,nominal,importer,0000111,True,accepted
20260511_090143,101841,nominal,importer,0001010,True,accepted
20260511_090143,101842,nominal,importer,0001110,True,accepted
20260511_090143,101843,nominal,importer,0000001,True,accepted
20260511_090143,101844,nominal,importer,0000100,True,accepted
20260511_090143,101845,nominal,importer,0001100,True,accepted
20260511_090143,101846,nominal,importer,0001011,True,accepted
20260511_090143,101847,nominal,importer,0000100,True,accepted
20260511_090143,101848,nominal,importer,0001111,True,accepted
20260511_090143,101849,nominal,importer,0000000,True,accepted
20260511_090143,101850,nominal,importer,0001000,True,accepted
20260511_090143,101851,nominal,importer,0001001,True,accepted
20260511_090143,101852,nominal,importer,0001011,True,accepted
20260511_090143,101853,nominal,importer,0000110,True,accepted
20260511_090143,101854,nominal,importer,0000011,True,accepted
20260511_090143,101855,nominal,importer,0001110,True,accepted
20260511_090143,101856,nominal,importer,0000100,True,accepted
20260511_090143,101857,nominal,importer,0001101,True,accepted
20260511_090143,101858,nominal,importer,0001100,True,accepted
20260511_090143,101859,nominal,importer,0000101,True,accepted
20260511_090143,101860,nominal,importer,0000111,True,accepted
20260511_090143,101861,nominal,importer,0001010,True,accepted
20260511_090143,101862,nominal,importer,0001110,True,accepted
20260511_090143,101863,nominal,importer,0000001,True,accepted
20260511_090143,101864,nominal,importer,0001011,True,accepted
20260511_090143,101865,nominal,importer,0000110,True,accepted
20260511_090143,101866,nominal,importer,0000010,True,accepted
20260511_090143,101867,nominal,importer,0001101,True,accepted
20260511_090143,101868,nominal,importer,0001111,True,accepted
20260511_090143,101869,nominal,importer,0000000,True,accepted
20260511_090143,101870,nominal,importer,0001000,True,accepted
20260511_090143,101871,nominal,importer,0001001,True,accepted
20260511_090143,101872,nominal,importer,0000110,True,accepted
20260511_090143,101873,nominal,importer,0001011,True,accepted
20260511_090143,101874,nominal,importer,0001110,True,accepted
20260511_090143,101875,nominal,importer,0000011,True,accepted
20260511_090143,101876,nominal,importer,0000000,True,accepted
20260511_090143,101877,nominal,importer,0001111,True,accepted
20260511_090143,101878,nominal,importer,0001001,True,accepted
20260511_090143,101879,nominal,importer,0001000,True,accepted
20260511_090143,101880,nominal,importer,0001100,True,accepted
20260511_090143,101881,nominal,importer,0000011,True,accepted
20260511_090143,101882,nominal,importer,0000101,True,accepted
20260511_090143,101883,nominal,importer,0001100,True,accepted
20260511_090143,101884,nominal,importer,0001010,True,accepted
20260511_090143,101885,nominal,importer,0000111,True,accepted
20260511_090143,101886,nominal,importer,0000010,True,accepted
20260511_090143,101887,nominal,importer,0001110,True,accepted
20260511_090143,101888,nominal,importer,0001000,True,accepted
20260511_090143,101889,nominal,importer,0000111,True,accepted
20260511_090143,101890,nominal,importer,0000000,True,accepted
20260511_090143,101891,nominal,importer,0001111,True,accepted
20260511_090143,101892,nominal,importer,0001110,True,accepted
20260511_090143,101893,nominal,importer,0000011,True,accepted
20260511_090143,101894,nominal,importer,0000110,True,accepted
20260511_090143,101895,nominal,importer,0001011,True,accepted
20260511_090143,101896,nominal,importer,0000010,True,accepted
20260511_090143,101897,nominal,importer,0001110,True,accepted
20260511_090143,101898,nominal,importer,0001010,True,accepted
20260511_090143,101899,nominal,importer,0000111,True,accepted
20260511_090143,101900,nominal,importer,0000100,True,accepted
20260511_090143,101901,nominal,importer,0001011,True,accepted
20260511_090143,101902,nominal,importer,0001100,True,accepted
20260511_090143,101903,nominal,importer,0000011,True,accepted
20260511_090143,101904,nominal,importer,0001110,True,accepted
20260511_090143,101905,nominal,importer,0000001,True,accepted
20260511_090143,101906,nominal,importer,0000110,True,accepted
20260511_090143,101907,nominal,importer,0001001,True,accepted
20260511_090143,101908,nominal,importer,0001100,True,accepted
20260511_090143,101909,nominal,importer,0000101,True,accepted
20260511_090143,101910,nominal,importer,0000100,True,accepted
20260511_090143,101911,nominal,importer,0001101,True,accepted
20260511_090143,101912,nominal,importer,0001000,True,accepted
20260511_090143,101913,nominal,importer,0001001,True,accepted
20260511_090143,101914,nominal,importer,0001111,True,accepted
20260511_090143,101915,nominal,importer,0000001,True,accepted
20260511_090143,101916,nominal,importer,0000010,True,accepted
20260511_090143,101917,nominal,importer,0001101,True,accepted
20260511_090143,101918,nominal,importer,0001010,True,accepted
20260511_090143,101919,nominal,importer,0000101,True,accepted
20260511_090143,101920,nominal,importer,0001100,True,accepted
20260511_090143,101921,nominal,importer,0000101,True,accepted
20260511_090143,101922,nominal,importer,0000011,True,accepted
20260511_090143,101923,nominal,importer,0001100,True,accepted
20260511_090143,101924,nominal,importer,0001110,True,accepted
20260511_090143,101925,nominal,importer,0000010,True,accepted
20260511_090143,101926,nominal,importer,0000111,True,accepted
20260511_090143,101927,nominal,importer,0001010,True,accepted
20260511_090143,101928,nominal,importer,0000011,True,accepted
20260511_090143,101929,nominal,importer,0001110,True,accepted
20260511_090143,101930,nominal,importer,0001011,True,accepted
20260511_090143,101931,nominal,importer,0000110,True,accepted
20260511_090143,101932,nominal,importer,0001000,True,accepted
20260511_090143,101933,nominal,importer,0001001,True,accepted
20260511_090143,101934,nominal,importer,0001111,True,accepted
20260511_090143,101935,nominal,importer,0000000,True,accepted
20260511_090143,101936,nominal,importer,0001101,True,accepted
20260511_090143,101937,nominal,importer,0000010,True,accepted
20260511_090143,101938,nominal,importer,0000110,True,accepted
20260511_090143,101939,nominal,importer,0001011,True,accepted
20260511_090143,101940,nominal,importer,0001001,True,accepted
20260511_090143,101941,nominal,importer,0001000,True,accepted
20260511_090143,101942,nominal,importer,0000000,True,accepted
20260511_090143,101943,nominal,importer,0001111,True,accepted
20260511_090143,101944,nominal,importer,0000101,True,accepted
20260511_090143,101945,nominal,importer,0001100,True,accepted
20260511_090143,101946,nominal,importer,0001101,True,accepted
20260511_090143,101947,nominal,importer,0000100,True,accepted
20260511_090143,101948,nominal,importer,0000001,True,accepted
20260511_090143,101949,nominal,importer,0001110,True,accepted
20260511_090143,101950,nominal,importer,0001010,True,accepted
20260511_090143,101951,nominal,importer,0000111,True,accepted
20260511_090143,101952,nominal,importer,0000000,True,accepted
20260511_090143,101953,nominal,importer,0001111,True,accepted
20260511_090143,101954,nominal,importer,0001001,True,accepted
20260511_090143,101955,nominal,importer,0001000,True,accepted
20260511_090143,101956,nominal,importer,0000101,True,accepted
20260511_090143,101957,nominal,importer,0001010,True,accepted
20260511_090143,101958,nominal,importer,0001101,True,accepted
20260511_090143,101959,nominal,importer,0000010,True,accepted
20260511_090143,101960,nominal,importer,0001001,True,accepted
20260511_090143,101961,nominal,importer,0000110,True,accepted
20260511_090143,101962,nominal,importer,0000001,True,accepted
20260511_090143,101963,nominal,importer,0001110,True,accepted
20260511_090143,101964,nominal,importer,0001101,True,accepted
20260511_090143,101965,nominal,importer,0000100,True,accepted
20260511_090143,101966,nominal,importer,0000101,True,accepted
20260511_090143,101967,nominal,importer,0001100,True,accepted
20260511_090143,101968,nominal,importer,0000111,True,accepted
20260511_090143,101969,nominal,importer,0001010,True,accepted
20260511_090143,101970,nominal,importer,0001111,True,accepted
20260511_090143,101971,nominal,importer,0000010,True,accepted
20260511_090143,101972,nominal,importer,0000011,True,accepted
20260511_090143,101973,nominal,importer,0001100,True,accepted
20260511_090143,101974,nominal,importer,0001011,True,accepted
20260511_090143,101975,nominal,importer,0000100,True,accepted
20260511_090143,101976,nominal,importer,0001111,True,accepted
20260511_090143,101977,nominal,importer,0000000,True,accepted
20260511_090143,101978,nominal,importer,0000111,True,accepted
20260511_090143,101979,nominal,importer,0001000,True,accepted
20260511_090143,101980,nominal,importer,0001011,True,accepted
20260511_090143,101981,nominal,importer,0000110,True,accepted
20260511_090143,101982,nominal,importer,0000011,True,accepted
20260511_090143,101983,nominal,importer,0001110,True,accepted
20260511_090143,101984,nominal,importer,0000100,True,accepted
20260511_090143,101985,nominal,importer,0001101,True,accepted
20260511_090143,101986,nominal,importer,0001100,True,accepted
20260511_090143,101987,nominal,importer,0000101,True,accepted
20260511_090143,101988,nominal,importer,0000110,True,accepted
20260511_090143,101989,nominal,importer,0001001,True,accepted
20260511_090143,101990,nominal,importer,0001110,True,accepted
20260511_090143,101991,nominal,importer,0000001,True,accepted
20260511_090143,101992,nominal,importer,0001010,True,accepted
20260511_090143,101993,nominal,importer,0000101,True,accepted
20260511_090143,101994,nominal,importer,0000010,True,accepted
20260511_090143,101995,nominal,importer,0001101,True,accepted
20260511_090143,101996,nominal,importer,0001111,True,accepted
20260511_090143,101997,nominal,importer,0000001,True,accepted
20260511_090143,101998,nominal,importer,0001000,True,accepted
20260511_090143,101999,nominal,importer,0001001,True,accepted
20260511_090143,102000,nominal,importer,0000110,True,accepted
20260511_090143,102001,nominal,importer,0001011,True,accepted
20260511_090143,102002,nominal,importer,0001110,True,accepted
20260511_090143,102003,nominal,importer,0000011,True,accepted
20260511_090143,102004,nominal,importer,0000000,True,accepted
20260511_090143,102005,nominal,importer,0001111,True,accepted
20260511_090143,102006,nominal,importer,0001000,True,accepted
20260511_090143,102007,nominal,importer,0000111,True,accepted
20260511_090143,102008,nominal,importer,0001100,True,accepted
20260511_090143,102009,nominal,importer,0000011,True,accepted
20260511_090143,102010,nominal,importer,0000100,True,accepted
20260511_090143,102011,nominal,importer,0001011,True,accepted
20260511_090143,102012,nominal,importer,0001010,True,accepted
20260511_090143,102013,nominal,importer,0000111,True,accepted
20260511_090143,102014,nominal,importer,0000010,True,accepted
20260511_090143,102015,nominal,importer,0001111,True,accepted
20260511_090143,102016,nominal,importer,0001001,True,accepted
20260511_090143,102017,nominal,importer,0001000,True,accepted
20260511_090143,102018,nominal,importer,0000000,True,accepted
20260511_090143,102019,nominal,importer,0001111,True,accepted
20260511_090143,102020,nominal,importer,0001110,True,accepted
20260511_090143,102021,nominal,importer,0000011,True,accepted
20260511_090143,102022,nominal,importer,0000110,True,accepted
20260511_090143,102023,nominal,importer,0001011,True,accepted
20260511_090143,102024,nominal,importer,0000010,True,accepted
20260511_090143,102025,nominal,importer,0001110,True,accepted
20260511_090143,102026,nominal,importer,0001010,True,accepted
20260511_090143,102027,nominal,importer,0000111,True,accepted
20260511_090143,102028,nominal,importer,0000101,True,accepted
20260511_090143,102029,nominal,importer,0001100,True,accepted
20260511_090143,102030,nominal,importer,0001100,True,accepted
20260511_090143,102031,nominal,importer,0000100,True,accepted
20260511_090143,102032,nominal,importer,0001110,True,accepted
20260511_090143,102033,nominal,importer,0000001,True,accepted
20260511_090143,102034,nominal,importer,0000111,True,accepted
20260511_090143,102035,nominal,importer,0001010,True,accepted
20260511_090143,102036,nominal,importer,0001100,True,accepted
20260511_090143,102037,nominal,importer,0000101,True,accepted
20260511_090143,102038,nominal,importer,0000100,True,accepted
20260511_090143,102039,nominal,importer,0001101,True,accepted
20260511_090143,102040,nominal,importer,0001000,True,accepted
20260511_090143,102041,nominal,importer,0001001,True,accepted
20260511_090143,102042,nominal,importer,0001111,True,accepted
20260511_090143,102043,nominal,importer,0000000,True,accepted
20260511_090143,102044,nominal,importer,0000010,True,accepted
20260511_090143,102045,nominal,importer,0001101,True,accepted
20260511_090143,102046,nominal,importer,0001010,True,accepted
20260511_090143,102047,nominal,importer,0000110,True,accepted
20260511_090143,102048,nominal,importer,0001011,True,accepted
20260511_090143,102049,nominal,importer,0000110,True,accepted
20260511_090143,102050,nominal,importer,0000011,True,accepted
20260511_090143,102051,nominal,importer,0001110,True,accepted
20260511_090143,102052,nominal,importer,0001111,True,accepted
20260511_090143,102053,nominal,importer,0000000,True,accepted
20260511_090143,102054,nominal,importer,0000111,True,accepted
20260511_090143,102055,nominal,importer,0001000,True,accepted
20260511_090143,102056,nominal,importer,0000011,True,accepted
20260511_090143,102057,nominal,importer,0001100,True,accepted
20260511_090143,102058,nominal,importer,0001011,True,accepted
20260511_090143,102059,nominal,importer,0000100,True,accepted
20260511_090143,102060,nominal,importer,0000111,True,accepted
20260511_090143,102061,nominal,importer,0001010,True,accepted
20260511_090143,102062,nominal,importer,0001111,True,accepted
20260511_090143,102063,nominal,importer,0000010,True,accepted
20260511_090143,102064,nominal,importer,0001101,True,accepted
20260511_090143,102065,nominal,importer,0000100,True,accepted
20260511_090143,102066,nominal,importer,0000101,True,accepted
20260511_090143,102067,nominal,importer,0001100,True,accepted
20260511_090143,102068,nominal,importer,0001010,True,accepted
20260511_090143,102069,nominal,importer,0000110,True,accepted
20260511_090143,102070,nominal,importer,0000001,True,accepted
20260511_090143,102071,nominal,importer,0001110,True,accepted
20260511_090143,102072,nominal,importer,0000101,True,accepted
20260511_090143,102073,nominal,importer,0001010,True,accepted
20260511_090143,102074,nominal,importer,0001101,True,accepted
20260511_090143,102075,nominal,importer,0000010,True,accepted
20260511_090143,102076,nominal,importer,0000001,True,accepted
20260511_090143,102077,nominal,importer,0001111,True,accepted
20260511_090143,102078,nominal,importer,0001001,True,accepted
20260511_090143,102079,nominal,importer,0001000,True,accepted
20260511_090143,102080,nominal,importer,0000001,True,accepted
20260511_090143,102081,nominal,importer,0001110,True,accepted
20260511_090143,102082,nominal,importer,0001010,True,accepted
20260511_090143,102083,nominal,importer,0000111,True,accepted
20260511_090143,102084,nominal,importer,0000101,True,accepted
20260511_090143,102085,nominal,importer,0001100,True,accepted
20260511_090143,102086,nominal,importer,0001101,True,accepted
20260511_090143,102087,nominal,importer,0000100,True,accepted
20260511_090143,102088,nominal,importer,0001001,True,accepted
20260511_090143,102089,nominal,importer,0001000,True,accepted
20260511_090143,102090,nominal,importer,0000000,True,accepted
20260511_090143,102091,nominal,importer,0001111,True,accepted
20260511_090143,102092,nominal,importer,0001101,True,accepted
20260511_090143,102093,nominal,importer,0000010,True,accepted
20260511_090143,102094,nominal,importer,0000110,True,accepted
20260511_090143,102095,nominal,importer,0001011,True,accepted
20260511_090143,102096,nominal,importer,0001000,True,accepted
20260511_090143,102097,nominal,importer,0001001,True,accepted
20260511_090143,102098,nominal,importer,0001111,True,accepted
20260511_090143,102099,nominal,importer,0000000,True,accepted
20260511_090143,102100,nominal,importer,0000011,True,accepted
20260511_090143,102101,nominal,importer,0001110,True,accepted
20260511_090143,102102,nominal,importer,0001011,True,accepted
20260511_090143,102103,nominal,importer,0000110,True,accepted
20260511_090143,102104,nominal,importer,0001110,True,accepted
20260511_090143,102105,nominal,importer,0000001,True,accepted
20260511_090143,102106,nominal,importer,0000111,True,accepted
20260511_090143,102107,nominal,importer,0001010,True,accepted
20260511_090143,102108,nominal,importer,0001011,True,accepted
20260511_090143,102109,nominal,importer,0000100,True,accepted
20260511_090143,102110,nominal,importer,0000100,True,accepted
20260511_090143,102111,nominal,importer,0001100,True,accepted
20260511_090143,102112,nominal,importer,0000010,True,accepted
20260511_090143,102113,nominal,importer,0001101,True,accepted
20260511_090143,102114,nominal,importer,0001011,True,accepted
20260511_090143,102115,nominal,importer,0000110,True,accepted
20260511_090143,102116,nominal,importer,0001000,True,accepted
20260511_090143,102117,nominal,importer,0001001,True,accepted
20260511_090143,102118,nominal,importer,0001111,True,accepted
20260511_090143,102119,nominal,importer,0000000,True,accepted
20260511_090143,102120,nominal,importer,0001100,True,accepted
20260511_090143,102121,nominal,importer,0000101,True,accepted
20260511_090143,102122,nominal,importer,0000100,True,accepted
20260511_090143,102123,nominal,importer,0001101,True,accepted
20260511_090143,102124,nominal,importer,0001110,True,accepted
20260511_090143,102125,nominal,importer,0000001,True,accepted
20260511_090143,102126,nominal,importer,0000111,True,accepted
20260511_090143,102127,nominal,importer,0001010,True,accepted
20260511_090143,102128,nominal,importer,0000101,True,accepted
20260511_090143,102129,nominal,importer,0001100,True,accepted
20260511_090143,102130,nominal,importer,0001100,True,accepted
20260511_090143,102131,nominal,importer,0000011,True,accepted
20260511_090143,102132,nominal,importer,0000010,True,accepted
20260511_090143,102133,nominal,importer,0001110,True,accepted
20260511_090143,102134,nominal,importer,0001010,True,accepted
20260511_090143,102135,nominal,importer,0000111,True,accepted
20260511_090143,102136,nominal,importer,0001110,True,accepted
20260511_090143,102137,nominal,importer,0000011,True,accepted
20260511_090143,102138,nominal,importer,0000110,True,accepted
20260511_090143,102139,nominal,importer,0001011,True,accepted
20260511_090143,102140,nominal,importer,0001001,True,accepted
20260511_090143,102141,nominal,importer,0001000,True,accepted
20260511_090143,102142,nominal,importer,0000000,True,accepted
20260511_090143,102143,nominal,importer,0001111,True,accepted
20260511_090143,102144,nominal,importer,0001010,True,accepted
20260511_090143,102145,nominal,importer,0000111,True,accepted
20260511_090143,102146,nominal,importer,0000010,True,accepted
20260511_090143,102147,nominal,importer,0001110,True,accepted
20260511_090143,102148,nominal,importer,0001100,True,accepted
20260511_090143,102149,nominal,importer,0000011,True,accepted
20260511_090143,102150,nominal,importer,0000100,True,accepted
20260511_090143,102151,nominal,importer,0001011,True,accepted
20260511_090143,102152,nominal,importer,0000000,True,accepted
20260511_090143,102153,nominal,importer,0001111,True,accepted
20260511_090143,102154,nominal,importer,0001000,True,accepted
20260511_090143,102155,nominal,importer,0000111,True,accepted
20260511_090143,102156,nominal,importer,0000110,True,accepted
20260511_090143,102157,nominal,importer,0001011,True,accepted
20260511_090143,102158,nominal,importer,0001110,True,accepted
20260511_090143,102159,nominal,importer,0000011,True,accepted
20260511_090143,102160,nominal,importer,0001111,True,accepted
20260511_090143,102161,nominal,importer,0000001,True,accepted
20260511_090143,102162,nominal,importer,0001000,True,accepted
20260511_090143,102163,nominal,importer,0001001,True,accepted
20260511_090143,102164,nominal,importer,0001010,True,accepted
20260511_090143,102165,nominal,importer,0000101,True,accepted
20260511_090143,102166,nominal,importer,0000010,True,accepted
20260511_090143,102167,nominal,importer,0001101,True,accepted
20260511_090143,102168,nominal,importer,0000110,True,accepted
20260511_090143,102169,nominal,importer,0001001,True,accepted
20260511_090143,102170,nominal,importer,0001110,True,accepted
20260511_090143,102171,nominal,importer,0000001,True,accepted
20260511_090143,102172,nominal,importer,0000100,True,accepted
20260511_090143,102173,nominal,importer,0001101,True,accepted
20260511_090143,102174,nominal,importer,0001100,True,accepted
20260511_090143,102175,nominal,importer,0000101,True,accepted
20260511_090143,102176,nominal,importer,0001011,True,accepted
20260511_090143,102177,nominal,importer,0000110,True,accepted
20260511_090143,102178,nominal,importer,0000011,True,accepted
20260511_090143,102179,nominal,importer,0001110,True,accepted
20260511_090143,102180,nominal,importer,0001111,True,accepted
20260511_090143,102181,nominal,importer,0000000,True,accepted
20260511_090143,102182,nominal,importer,0001000,True,accepted
20260511_090143,102183,nominal,importer,0001001,True,accepted
20260511_090143,102184,nominal,importer,0000011,True,accepted
20260511_090143,102185,nominal,importer,0001100,True,accepted
20260511_090143,102186,nominal,importer,0001100,True,accepted
20260511_090143,102187,nominal,importer,0000101,True,accepted
20260511_090143,102188,nominal,importer,0000111,True,accepted
20260511_090143,102189,nominal,importer,0001010,True,accepted
20260511_090143,102190,nominal,importer,0001110,True,accepted
20260511_090143,102191,nominal,importer,0000010,True,accepted
20260511_090143,102192,nominal,importer,0001101,True,accepted
20260511_090143,102193,nominal,importer,0000100,True,accepted
20260511_090143,102194,nominal,importer,0000101,True,accepted
20260511_090143,102195,nominal,importer,0001100,True,accepted
20260511_090143,102196,nominal,importer,0001010,True,accepted
20260511_090143,102197,nominal,importer,0000111,True,accepted
20260511_090143,102198,nominal,importer,0000001,True,accepted
20260511_090143,102199,nominal,importer,0001110,True,accepted
20260511_090143,102200,nominal,importer,0000110,True,accepted
20260511_090143,102201,nominal,importer,0001011,True,accepted
20260511_090143,102202,nominal,importer,0001101,True,accepted
20260511_090143,102203,nominal,importer,0000010,True,accepted
20260511_090143,102204,nominal,importer,0000000,True,accepted
20260511_090143,102205,nominal,importer,0001111,True,accepted
20260511_090143,102206,nominal,importer,0001001,True,accepted
20260511_090143,102207,nominal,importer,0001000,True,accepted
20260511_090143,102208,nominal,importer,0000001,True,accepted
20260511_090143,102209,nominal,importer,0001110,True,accepted
20260511_090143,102210,nominal,importer,0001001,True,accepted
20260511_090143,102211,nominal,importer,0000110,True,accepted
20260511_090143,102212,nominal,importer,0000101,True,accepted
20260511_090143,102213,nominal,importer,0001100,True,accepted
20260511_090143,102214,nominal,importer,0001101,True,accepted
20260511_090143,102215,nominal,importer,0000100,True,accepted
20260511_090143,102216,nominal,importer,0001001,True,accepted
20260511_090143,102217,nominal,importer,0001000,True,accepted
20260511_090143,102218,nominal,importer,0000000,True,accepted
20260511_090143,102219,nominal,importer,0001111,True,accepted
20260511_090143,102220,nominal,importer,0001101,True,accepted
20260511_090143,102221,nominal,importer,0000010,True,accepted
20260511_090143,102222,nominal,importer,0000101,True,accepted
20260511_090143,102223,nominal,importer,0001010,True,accepted
20260511_090143,102224,nominal,importer,0000111,True,accepted
20260511_090143,102225,nominal,importer,0001000,True,accepted
20260511_090143,102226,nominal,importer,0001111,True,accepted
20260511_090143,102227,nominal,importer,0000000,True,accepted
20260511_090143,102228,nominal,importer,0000011,True,accepted
20260511_090143,102229,nominal,importer,0001110,True,accepted
20260511_090143,102230,nominal,importer,0001011,True,accepted
20260511_090143,102231,nominal,importer,0000110,True,accepted
20260511_090143,102232,nominal,importer,0001111,True,accepted
20260511_090143,102233,nominal,importer,0000010,True,accepted
20260511_090143,102234,nominal,importer,0000111,True,accepted
20260511_090143,102235,nominal,importer,0001010,True,accepted
20260511_090143,102236,nominal,importer,0001011,True,accepted
20260511_090143,102237,nominal,importer,0000100,True,accepted
20260511_090143,102238,nominal,importer,0000011,True,accepted
20260511_090143,102239,nominal,importer,0001100,True,accepted
20260511_090143,102240,nominal,importer,0000010,True,accepted
20260511_090143,102241,nominal,importer,0001101,True,accepted
20260511_090143,102242,nominal,importer,0001010,True,accepted
20260511_090143,102243,nominal,importer,0000101,True,accepted
20260511_090143,102244,nominal,importer,0001000,True,accepted
20260511_090143,102245,nominal,importer,0001001,True,accepted
20260511_090143,102246,nominal,importer,0001111,True,accepted
20260511_090143,102247,nominal,importer,0000001,True,accepted
20260511_090143,102248,nominal,importer,0001100,True,accepted
20260511_090143,102249,nominal,importer,0000101,True,accepted
20260511_090143,102250,nominal,importer,0000100,True,accepted
20260511_090143,102251,nominal,importer,0001101,True,accepted
20260511_090143,102252,nominal,importer,0001110,True,accepted
20260511_090143,102253,nominal,importer,0000001,True,accepted
20260511_090143,102254,nominal,importer,0000110,True,accepted
20260511_090143,102255,nominal,importer,0001001,True,accepted
20260511_090143,102256,nominal,importer,0000100,True,accepted
20260511_090143,102257,nominal,importer,0001011,True,accepted
20260511_090143,102258,nominal,importer,0001100,True,accepted
20260511_090143,102259,nominal,importer,0000011,True,accepted
20260511_090143,102260,nominal,importer,0000010,True,accepted
20260511_090143,102261,nominal,importer,0001111,True,accepted
20260511_090143,102262,nominal,importer,0001010,True,accepted
20260511_090143,102263,nominal,importer,0000111,True,accepted
20260511_090143,102264,nominal,importer,0001110,True,accepted
20260511_090143,102265,nominal,importer,0000011,True,accepted
20260511_090143,102266,nominal,importer,0000110,True,accepted
20260511_090143,102267,nominal,importer,0001011,True,accepted
20260511_090143,102268,nominal,importer,0001000,True,accepted
20260511_090143,102269,nominal,importer,0000111,True,accepted
20260511_090143,102270,nominal,importer,0000000,True,accepted
20260511_090143,102271,nominal,importer,0001111,True,accepted
20260511_090143,102272,nominal,importer,0001010,True,accepted
20260511_090143,102273,nominal,importer,0000111,True,accepted
20260511_090143,102274,nominal,importer,0000001,True,accepted
20260511_090143,102275,nominal,importer,0001110,True,accepted
20260511_090143,102276,nominal,importer,0001100,True,accepted
20260511_090143,102277,nominal,importer,0000100,True,accepted
20260511_090143,102278,nominal,importer,0000101,True,accepted
20260511_090143,102279,nominal,importer,0001100,True,accepted
20260511_090143,102280,nominal,importer,0000000,True,accepted
20260511_090143,102281,nominal,importer,0001111,True,accepted
20260511_090143,102282,nominal,importer,0001001,True,accepted
20260511_090143,102283,nominal,importer,0001000,True,accepted
20260511_090143,102284,nominal,importer,0000110,True,accepted
20260511_090143,102285,nominal,importer,0001011,True,accepted
20260511_090143,102286,nominal,importer,0001110,True,accepted
20260511_090143,102287,nominal,importer,0000011,True,accepted
20260511_090143,102288,nominal,importer,0001111,True,accepted
20260511_090143,102289,nominal,importer,0000000,True,accepted
20260511_090143,102290,nominal,importer,0001000,True,accepted
20260511_090143,102291,nominal,importer,0001001,True,accepted
20260511_090143,102292,nominal,importer,0001010,True,accepted
20260511_090143,102293,nominal,importer,0000110,True,accepted
20260511_090143,102294,nominal,importer,0000010,True,accepted
20260511_090143,102295,nominal,importer,0001101,True,accepted
20260511_090143,102296,nominal,importer,0000111,True,accepted
20260511_090143,102297,nominal,importer,0001010,True,accepted
20260511_090143,102298,nominal,importer,0001110,True,accepted
20260511_090143,102299,nominal,importer,0000001,True,accepted
20260511_090143,102300,nominal,importer,0000100,True,accepted
20260511_090143,102301,nominal,importer,0001101,True,accepted
20260511_090143,102302,nominal,importer,0001100,True,accepted
20260511_090143,102303,nominal,importer,0000101,True,accepted
20260511_090143,102304,nominal,importer,0000110,True,accepted
20260511_090143,102305,nominal,importer,0001011,True,accepted
20260511_090143,102306,nominal,importer,0001110,True,accepted
20260511_090143,102307,nominal,importer,0000011,True,accepted
20260511_090143,102308,nominal,importer,0000000,True,accepted
20260511_090143,102309,nominal,importer,0001111,True,accepted
20260511_090143,102310,nominal,importer,0001000,True,accepted
20260511_090143,102311,nominal,importer,0000111,True,accepted
20260511_090143,102312,nominal,importer,0001100,True,accepted
20260511_090143,102313,nominal,importer,0000011,True,accepted
20260511_090143,102314,nominal,importer,0000100,True,accepted
20260511_090143,102315,nominal,importer,0001011,True,accepted
20260511_090143,102316,nominal,importer,0001010,True,accepted
20260511_090143,102317,nominal,importer,0000111,True,accepted
20260511_090143,102318,nominal,importer,0000010,True,accepted
20260511_090143,102319,nominal,importer,0001111,True,accepted
20260511_090143,102320,nominal,importer,0000100,True,accepted
20260511_090143,102321,nominal,importer,0001101,True,accepted
20260511_090143,102322,nominal,importer,0001100,True,accepted
20260511_090143,102323,nominal,importer,0000101,True,accepted
20260511_090143,102324,nominal,importer,0000110,True,accepted
20260511_090143,102325,nominal,importer,0001001,True,accepted
20260511_090143,102326,nominal,importer,0001110,True,accepted
20260511_090143,102327,nominal,importer,0000001,True,accepted
20260511_090143,102328,nominal,importer,0001010,True,accepted
20260511_090143,102329,nominal,importer,0000101,True,accepted
20260511_090143,102330,nominal,importer,0000010,True,accepted
20260511_090143,102331,nominal,importer,0001101,True,accepted
20260511_090143,102332,nominal,importer,0001111,True,accepted
20260511_090143,102333,nominal,importer,0000000,True,accepted
20260511_090143,102334,nominal,importer,0001000,True,accepted
20260511_090143,102335,nominal,importer,0001001,True,accepted
20260511_090143,102336,nominal,importer,0001110,True,accepted
20260511_090143,102337,nominal,importer,0000001,True,accepted
20260511_090143,102338,nominal,importer,0000111,True,accepted
20260511_090143,102339,nominal,importer,0001010,True,accepted
20260511_090143,102340,nominal,importer,0001100,True,accepted
20260511_090143,102341,nominal,importer,0000101,True,accepted
20260511_090143,102342,nominal,importer,0000100,True,accepted
20260511_090143,102343,nominal,importer,0001101,True,accepted
20260511_090143,102344,nominal,importer,0001000,True,accepted
20260511_090143,102345,nominal,importer,0001001,True,accepted
20260511_090143,102346,nominal,importer,0001111,True,accepted
20260511_090143,102347,nominal,importer,0000000,True,accepted
20260511_090143,102348,nominal,importer,0000010,True,accepted
20260511_090143,102349,nominal,importer,0001101,True,accepted
20260511_090143,102350,nominal,importer,0001011,True,accepted
20260511_090143,102351,nominal,importer,0000110,True,accepted
20260511_090143,102352,nominal,importer,0001001,True,accepted
20260511_090143,102353,nominal,importer,0001000,True,accepted
20260511_090143,102354,nominal,importer,0000000,True,accepted
20260511_090143,102355,nominal,importer,0001111,True,accepted
20260511_090143,102356,nominal,importer,0001110,True,accepted
20260511_090143,102357,nominal,importer,0000011,True,accepted
20260511_090143,102358,nominal,importer,0000110,True,accepted
20260511_090143,102359,nominal,importer,0001011,True,accepted
20260511_090143,102360,nominal,importer,0000010,True,accepted
20260511_090143,102361,nominal,importer,0001110,True,accepted
20260511_090143,102362,nominal,importer,0001010,True,accepted
20260511_090143,102363,nominal,importer,0000111,True,accepted
20260511_090143,102364,nominal,importer,0000101,True,accepted
20260511_090143,102365,nominal,importer,0001100,True,accepted
20260511_090143,102366,nominal,importer,0001100,True,accepted
20260511_090143,102367,nominal,importer,0000011,True,accepted
20260511_090143,102368,nominal,importer,0001101,True,accepted
20260511_090143,102369,nominal,importer,0000010,True,accepted
20260511_090143,102370,nominal,importer,0000110,True,accepted
20260511_090143,102371,nominal,importer,0001010,True,accepted
20260511_090143,102372,nominal,importer,0001001,True,accepted
20260511_090143,102373,nominal,importer,0001000,True,accepted
20260511_090143,102374,nominal,importer,0000000,True,accepted
20260511_090143,102375,nominal,importer,0001111,True,accepted
20260511_090143,102376,nominal,importer,0000101,True,accepted
20260511_090143,102377,nominal,importer,0001100,True,accepted
20260511_090143,102378,nominal,importer,0001101,True,accepted
20260511_090143,102379,nominal,importer,0000100,True,accepted
20260511_090143,102380,nominal,importer,0000001,True,accepted
20260511_090143,102381,nominal,importer,0001110,True,accepted
20260511_090143,102382,nominal,importer,0001010,True,accepted
20260511_090143,102383,nominal,importer,0000111,True,accepted
20260511_090143,102384,nominal,importer,0001011,True,accepted
20260511_090143,102385,nominal,importer,0000100,True,accepted
20260511_090143,102386,nominal,importer,0000100,True,accepted
20260511_090143,102387,nominal,importer,0001100,True,accepted
20260511_090143,102388,nominal,importer,0001110,True,accepted
20260511_090143,102389,nominal,importer,0000001,True,accepted
20260511_090143,102390,nominal,importer,0000111,True,accepted
20260511_090143,102391,nominal,importer,0001010,True,accepted
20260511_090143,102392,nominal,importer,0000010,True,accepted
20260511_090143,102393,nominal,importer,0001101,True,accepted
20260511_090143,102394,nominal,importer,0001011,True,accepted
20260511_090143,102395,nominal,importer,0000110,True,accepted
20260511_090143,102396,nominal,importer,0000111,True,accepted
20260511_090143,102397,nominal,importer,0001000,True,accepted
20260511_090143,102398,nominal,importer,0001111,True,accepted
20260511_090143,102399,nominal,importer,0000000,True,accepted
20260511_090143,102400,nominal,importer,0000111,True,accepted
20260511_090143,102401,nominal,importer,0001010,True,accepted
20260511_090143,102402,nominal,importer,0001111,True,accepted
20260511_090143,102403,nominal,importer,0000010,True,accepted
20260511_090143,102404,nominal,importer,0000011,True,accepted
20260511_090143,102405,nominal,importer,0001100,True,accepted
20260511_090143,102406,nominal,importer,0001011,True,accepted
20260511_090143,102407,nominal,importer,0000100,True,accepted
20260511_090143,102408,nominal,importer,0001111,True,accepted
20260511_090143,102409,nominal,importer,0000000,True,accepted
20260511_090143,102410,nominal,importer,0000111,True,accepted
20260511_090143,102411,nominal,importer,0001000,True,accepted
20260511_090143,102412,nominal,importer,0001011,True,accepted
20260511_090143,102413,nominal,importer,0000110,True,accepted
20260511_090143,102414,nominal,importer,0000011,True,accepted
20260511_090143,102415,nominal,importer,0001110,True,accepted
20260511_090143,102416,nominal,importer,0000001,True,accepted
20260511_090143,102417,nominal,importer,0001111,True,accepted
20260511_090143,102418,nominal,importer,0001001,True,accepted
20260511_090143,102419,nominal,importer,0001000,True,accepted
20260511_090143,102420,nominal,importer,0000110,True,accepted
20260511_090143,102421,nominal,importer,0001010,True,accepted
20260511_090143,102422,nominal,importer,0001101,True,accepted
20260511_090143,102423,nominal,importer,0000010,True,accepted
20260511_090143,102424,nominal,importer,0001001,True,accepted
20260511_090143,102425,nominal,importer,0000110,True,accepted
20260511_090143,102426,nominal,importer,0000001,True,accepted
20260511_090143,102427,nominal,importer,0001110,True,accepted
20260511_090143,102428,nominal,importer,0001101,True,accepted
20260511_090143,102429,nominal,importer,0000100,True,accepted
20260511_090143,102430,nominal,importer,0000101,True,accepted
20260511_090143,102431,nominal,importer,0001100,True,accepted
20260511_090143,102432,nominal,importer,0000110,True,accepted
20260511_090143,102433,nominal,importer,0001011,True,accepted
20260511_090143,102434,nominal,importer,0001110,True,accepted
20260511_090143,102435,nominal,importer,0000011,True,accepted
20260511_090143,102436,nominal,importer,0000000,True,accepted
20260511_090143,102437,nominal,importer,0001111,True,accepted
20260511_090143,102438,nominal,importer,0001001,True,accepted
20260511_090143,102439,nominal,importer,0001000,True,accepted
20260511_090143,102440,nominal,importer,0001101,True,accepted
20260511_090143,102441,nominal,importer,0000100,True,accepted
20260511_090143,102442,nominal,importer,0000100,True,accepted
20260511_090143,102443,nominal,importer,0001011,True,accepted
20260511_090143,102444,nominal,importer,0001010,True,accepted
20260511_090143,102445,nominal,importer,0000111,True,accepted
20260511_090143,102446,nominal,importer,0000001,True,accepted
20260511_090143,102447,nominal,importer,0001110,True,accepted
20260511_090143,102448,nominal,importer,0000100,True,accepted
20260511_090143,102449,nominal,importer,0001101,True,accepted
20260511_090143,102450,nominal,importer,0001100,True,accepted
20260511_090143,102451,nominal,importer,0000101,True,accepted
20260511_090143,102452,nominal,importer,0000110,True,accepted
20260511_090143,102453,nominal,importer,0001010,True,accepted
20260511_090143,102454,nominal,importer,0001110,True,accepted
20260511_090143,102455,nominal,importer,0000001,True,accepted
20260511_090143,102456,nominal,importer,0001011,True,accepted
20260511_090143,102457,nominal,importer,0000110,True,accepted
20260511_090143,102458,nominal,importer,0000010,True,accepted
20260511_090143,102459,nominal,importer,0001101,True,accepted
20260511_090143,102460,nominal,importer,0001111,True,accepted
20260511_090143,102461,nominal,importer,0000000,True,accepted
20260511_090143,102462,nominal,importer,0001000,True,accepted
20260511_090143,102463,nominal,importer,0001001,True,accepted
20260511_090143,102464,nominal,importer,0001110,True,accepted
20260511_090143,102465,nominal,importer,0000001,True,accepted
20260511_090143,102466,nominal,importer,0000110,True,accepted
20260511_090143,102467,nominal,importer,0001001,True,accepted
20260511_090143,102468,nominal,importer,0001100,True,accepted
20260511_090143,102469,nominal,importer,0000101,True,accepted
20260511_090143,102470,nominal,importer,0000100,True,accepted
20260511_090143,102471,nominal,importer,0001101,True,accepted
20260511_090143,102472,nominal,importer,0001000,True,accepted
20260511_090143,102473,nominal,importer,0001001,True,accepted
20260511_090143,102474,nominal,importer,0001111,True,accepted
20260511_090143,102475,nominal,importer,0000001,True,accepted
20260511_090143,102476,nominal,importer,0000010,True,accepted
20260511_090143,102477,nominal,importer,0001101,True,accepted
20260511_090143,102478,nominal,importer,0001010,True,accepted
20260511_090143,102479,nominal,importer,0000101,True,accepted
20260511_090143,102480,nominal,importer,0001000,True,accepted
20260511_090143,102481,nominal,importer,0000111,True,accepted
20260511_090143,102482,nominal,importer,0000000,True,accepted
20260511_090143,102483,nominal,importer,0001111,True,accepted
20260511_090143,102484,nominal,importer,0001110,True,accepted
20260511_090143,102485,nominal,importer,0000011,True,accepted
20260511_090143,102486,nominal,importer,0000110,True,accepted
20260511_090143,102487,nominal,importer,0001011,True,accepted
20260511_090143,102488,nominal,importer,0000010,True,accepted
20260511_090143,102489,nominal,importer,0001111,True,accepted
20260511_090143,102490,nominal,importer,0001010,True,accepted
20260511_090143,102491,nominal,importer,0000111,True,accepted
20260511_090143,102492,nominal,importer,0000100,True,accepted
20260511_090143,102493,nominal,importer,0001011,True,accepted
20260511_090143,102494,nominal,importer,0001100,True,accepted
20260511_090143,102495,nominal,importer,0000011,True,accepted
20260511_090143,102496,nominal,importer,0001101,True,accepted
20260511_090143,102497,nominal,importer,0000010,True,accepted
20260511_090143,102498,nominal,importer,0000101,True,accepted
20260511_090143,102499,nominal,importer,0001010,True,accepted
20260511_090143,102500,nominal,importer,0001001,True,accepted
20260511_090143,102501,nominal,importer,0001000,True,accepted
20260511_090143,102502,nominal,importer,0000000,True,accepted
20260511_090143,102503,nominal,importer,0001111,True,accepted
20260511_090143,102504,nominal,importer,0000101,True,accepted
20260511_090143,102505,nominal,importer,0001100,True,accepted
20260511_090143,102506,nominal,importer,0001101,True,accepted
20260511_090143,102507,nominal,importer,0000100,True,accepted
20260511_090143,102508,nominal,importer,0000001,True,accepted
20260511_090143,102509,nominal,importer,0001110,True,accepted
20260511_090143,102510,nominal,importer,0001001,True,accepted
20260511_090143,102511,nominal,importer,0000110,True,accepted
20260511_090143,102512,nominal,importer,0001011,True,accepted
20260511_090143,102513,nominal,importer,0000100,True,accepted
20260511_090143,102514,nominal,importer,0000011,True,accepted
20260511_090143,102515,nominal,importer,0001100,True,accepted
20260511_090143,102516,nominal,importer,0001110,True,accepted
20260511_090143,102517,nominal,importer,0000010,True,accepted
20260511_090143,102518,nominal,importer,0000111,True,accepted
20260511_090143,102519,nominal,importer,0001010,True,accepted
20260511_090143,102520,nominal,importer,0000011,True,accepted
20260511_090143,102521,nominal,importer,0001110,True,accepted
20260511_090143,102522,nominal,importer,0001011,True,accepted
20260511_090143,102523,nominal,importer,0000110,True,accepted
20260511_090143,102524,nominal,importer,0000111,True,accepted
20260511_090143,102525,nominal,importer,0001000,True,accepted
20260511_090143,102526,nominal,importer,0001111,True,accepted
20260511_090143,102527,nominal,importer,0000000,True,accepted
20260511_090143,102528,nominal,importer,0000111,True,accepted
20260511_090143,102529,nominal,importer,0001010,True,accepted
20260511_090143,102530,nominal,importer,0001110,True,accepted
20260511_090143,102531,nominal,importer,0000010,True,accepted
20260511_090143,102532,nominal,importer,0000011,True,accepted
20260511_090143,102533,nominal,importer,0001100,True,accepted
20260511_090143,102534,nominal,importer,0001100,True,accepted
20260511_090143,102535,nominal,importer,0000101,True,accepted
20260511_090143,102536,nominal,importer,0001111,True,accepted
20260511_090143,102537,nominal,importer,0000000,True,accepted
20260511_090143,102538,nominal,importer,0001000,True,accepted
20260511_090143,102539,nominal,importer,0001001,True,accepted
20260511_090143,102540,nominal,importer,0001011,True,accepted
20260511_090143,102541,nominal,importer,0000110,True,accepted
20260511_090143,102542,nominal,importer,0000011,True,accepted
20260511_090143,102543,nominal,importer,0001110,True,accepted
20260511_090143,102544,nominal,importer,0000000,True,accepted
20260511_090143,102545,nominal,importer,0001111,True,accepted
20260511_090143,102546,nominal,importer,0001001,True,accepted
20260511_090143,102547,nominal,importer,0001000,True,accepted
20260511_090143,102548,nominal,importer,0000110,True,accepted
20260511_090143,102549,nominal,importer,0001011,True,accepted
20260511_090143,102550,nominal,importer,0001101,True,accepted
20260511_090143,102551,nominal,importer,0000010,True,accepted
20260511_090143,102552,nominal,importer,0001010,True,accepted
20260511_090143,102553,nominal,importer,0000111,True,accepted
20260511_090143,102554,nominal,importer,0000001,True,accepted
20260511_090143,102555,nominal,importer,0001110,True,accepted
20260511_090143,102556,nominal,importer,0001101,True,accepted
20260511_090143,102557,nominal,importer,0000100,True,accepted
20260511_090143,102558,nominal,importer,0000101,True,accepted
20260511_090143,102559,nominal,importer,0001100,True,accepted
20260511_090143,102560,nominal,importer,0001110,True,accepted
20260511_090143,102561,nominal,importer,0000011,True,accepted
20260511_090143,102562,nominal,importer,0000110,True,accepted
20260511_090143,102563,nominal,importer,0001011,True,accepted
20260511_090143,102564,nominal,importer,0001000,True,accepted
20260511_090143,102565,nominal,importer,0000111,True,accepted
20260511_090143,102566,nominal,importer,0000000,True,accepted
20260511_090143,102567,nominal,importer,0001111,True,accepted
20260511_090143,102568,nominal,importer,0000100,True,accepted
20260511_090143,102569,nominal,importer,0001011,True,accepted
20260511_090143,102570,nominal,importer,0001100,True,accepted
20260511_090143,102571,nominal,importer,0000011,True,accepted
20260511_090143,102572,nominal,importer,0000010,True,accepted
20260511_090143,102573,nominal,importer,0001110,True,accepted
20260511_090143,102574,nominal,importer,0001010,True,accepted
20260511_090143,102575,nominal,importer,0000111,True,accepted
20260511_090143,102576,nominal,importer,0001100,True,accepted
20260511_090143,102577,nominal,importer,0000101,True,accepted
20260511_090143,102578,nominal,importer,0000100,True,accepted
20260511_090143,102579,nominal,importer,0001101,True,accepted
20260511_090143,102580,nominal,importer,0001110,True,accepted
20260511_090143,102581,nominal,importer,0000001,True,accepted
20260511_090143,102582,nominal,importer,0000110,True,accepted
20260511_090143,102583,nominal,importer,0001001,True,accepted
20260511_090143,102584,nominal,importer,0000010,True,accepted
20260511_090143,102585,nominal,importer,0001101,True,accepted
20260511_090143,102586,nominal,importer,0001010,True,accepted
20260511_090143,102587,nominal,importer,0000101,True,accepted
20260511_090143,102588,nominal,importer,0001000,True,accepted
20260511_090143,102589,nominal,importer,0001001,True,accepted
20260511_090143,102590,nominal,importer,0001111,True,accepted
20260511_090143,102591,nominal,importer,0000001,True,accepted
20260511_090143,102592,nominal,importer,0000111,True,accepted
20260511_090143,102593,nominal,importer,0001010,True,accepted
20260511_090143,102594,nominal,importer,0001110,True,accepted
20260511_090143,102595,nominal,importer,0000001,True,accepted
20260511_090143,102596,nominal,importer,0000100,True,accepted
20260511_090143,102597,nominal,importer,0001101,True,accepted
20260511_090143,102598,nominal,importer,0001100,True,accepted
20260511_090143,102599,nominal,importer,0000101,True,accepted
20260511_090143,102600,nominal,importer,0001111,True,accepted
20260511_090143,102601,nominal,importer,0000000,True,accepted
20260511_090143,102602,nominal,importer,0001000,True,accepted
20260511_090143,102603,nominal,importer,0001001,True,accepted
20260511_090143,102604,nominal,importer,0001011,True,accepted
20260511_090143,102605,nominal,importer,0000110,True,accepted
20260511_090143,102606,nominal,importer,0000010,True,accepted
20260511_090143,102607,nominal,importer,0001101,True,accepted
20260511_090143,102608,nominal,importer,0000000,True,accepted
20260511_090143,102609,nominal,importer,0001111,True,accepted
20260511_090143,102610,nominal,importer,0001001,True,accepted
20260511_090143,102611,nominal,importer,0001000,True,accepted
20260511_090143,102612,nominal,importer,0000110,True,accepted
20260511_090143,102613,nominal,importer,0001011,True,accepted
20260511_090143,102614,nominal,importer,0001110,True,accepted
20260511_090143,102615,nominal,importer,0000011,True,accepted
20260511_090143,102616,nominal,importer,0001010,True,accepted
20260511_090143,102617,nominal,importer,0000111,True,accepted
20260511_090143,102618,nominal,importer,0000010,True,accepted
20260511_090143,102619,nominal,importer,0001110,True,accepted
20260511_090143,102620,nominal,importer,0001100,True,accepted
20260511_090143,102621,nominal,importer,0000011,True,accepted
20260511_090143,102622,nominal,importer,0000101,True,accepted
20260511_090143,102623,nominal,importer,0001100,True,accepted
20260511_090143,102624,nominal,importer,0000110,True,accepted
20260511_090143,102625,nominal,importer,0001011,True,accepted
20260511_090143,102626,nominal,importer,0001101,True,accepted
20260511_090143,102627,nominal,importer,0000010,True,accepted
20260511_090143,102628,nominal,importer,0000000,True,accepted
20260511_090143,102629,nominal,importer,0001111,True,accepted
20260511_090143,102630,nominal,importer,0001001,True,accepted
20260511_090143,102631,nominal,importer,0001000,True,accepted
20260511_090143,102632,nominal,importer,0001101,True,accepted
20260511_090143,102633,nominal,importer,0000100,True,accepted
20260511_090143,102634,nominal,importer,0000101,True,accepted
20260511_090143,102635,nominal,importer,0001100,True,accepted
20260511_090143,102636,nominal,importer,0001010,True,accepted
20260511_090143,102637,nominal,importer,0000111,True,accepted
20260511_090143,102638,nominal,importer,0000001,True,accepted
20260511_090143,102639,nominal,importer,0001110,True,accepted
20260511_090143,102640,nominal,importer,0000100,True,accepted
20260511_090143,102641,nominal,importer,0001100,True,accepted
20260511_090143,102642,nominal,importer,0001011,True,accepted
20260511_090143,102643,nominal,importer,0000100,True,accepted
20260511_090143,102644,nominal,importer,0000111,True,accepted
20260511_090143,102645,nominal,importer,0001010,True,accepted
20260511_090143,102646,nominal,importer,0001110,True,accepted
20260511_090143,102647,nominal,importer,0000001,True,accepted
20260511_090143,102648,nominal,importer,0001011,True,accepted
20260511_090143,102649,nominal,importer,0000110,True,accepted
20260511_090143,102650,nominal,importer,0000011,True,accepted
20260511_090143,102651,nominal,importer,0001110,True,accepted
20260511_090143,102652,nominal,importer,0001111,True,accepted
20260511_090143,102653,nominal,importer,0000000,True,accepted
20260511_090143,102654,nominal,importer,0001000,True,accepted
20260511_090143,102655,nominal,importer,0001001,True,accepted
20260511_090143,102656,nominal,importer,0001111,True,accepted
20260511_090143,102657,nominal,importer,0000010,True,accepted
20260511_090143,102658,nominal,importer,0000111,True,accepted
20260511_090143,102659,nominal,importer,0001010,True,accepted
20260511_090143,102660,nominal,importer,0001011,True,accepted
20260511_090143,102661,nominal,importer,0000100,True,accepted
20260511_090143,102662,nominal,importer,0000011,True,accepted
20260511_090143,102663,nominal,importer,0001100,True,accepted
20260511_090143,102664,nominal,importer,0000111,True,accepted
20260511_090143,102665,nominal,importer,0001000,True,accepted
20260511_090143,102666,nominal,importer,0001111,True,accepted
20260511_090143,102667,nominal,importer,0000000,True,accepted
20260511_090143,102668,nominal,importer,0000011,True,accepted
20260511_090143,102669,nominal,importer,0001110,True,accepted
20260511_090143,102670,nominal,importer,0001011,True,accepted
20260511_090143,102671,nominal,importer,0000110,True,accepted
20260511_090143,102672,nominal,importer,0001001,True,accepted
20260511_090143,102673,nominal,importer,0001000,True,accepted
20260511_090143,102674,nominal,importer,0000001,True,accepted
20260511_090143,102675,nominal,importer,0001111,True,accepted
20260511_090143,102676,nominal,importer,0001101,True,accepted
20260511_090143,102677,nominal,importer,0000010,True,accepted
20260511_090143,102678,nominal,importer,0000101,True,accepted
20260511_090143,102679,nominal,importer,0001010,True,accepted
20260511_090143,102680,nominal,importer,0000001,True,accepted
20260511_090143,102681,nominal,importer,0001110,True,accepted
20260511_090143,102682,nominal,importer,0001010,True,accepted
20260511_090143,102683,nominal,importer,0000110,True,accepted
20260511_090143,102684,nominal,importer,0000101,True,accepted
20260511_090143,102685,nominal,importer,0001100,True,accepted
20260511_090143,102686,nominal,importer,0001101,True,accepted
20260511_090143,102687,nominal,importer,0000100,True,accepted
20260511_090143,102688,nominal,importer,0001101,True,accepted
20260511_090143,102689,nominal,importer,0000011,True,accepted
20260511_090143,102690,nominal,importer,0000110,True,accepted
20260511_090143,102691,nominal,importer,0001011,True,accepted
20260511_090143,102692,nominal,importer,0001001,True,accepted
20260511_090143,102693,nominal,importer,0001000,True,accepted
20260511_090143,102694,nominal,importer,0000000,True,accepted
20260511_090143,102695,nominal,importer,0001111,True,accepted
20260511_090143,102696,nominal,importer,0000101,True,accepted
20260511_090143,102697,nominal,importer,0001100,True,accepted
20260511_090143,102698,nominal,importer,0001100,True,accepted
20260511_090143,102699,nominal,importer,0000100,True,accepted
20260511_090143,102700,nominal,importer,0000001,True,accepted
20260511_090143,102701,nominal,importer,0001110,True,accepted
20260511_090143,102702,nominal,importer,0001010,True,accepted
20260511_090143,102703,nominal,importer,0000111,True,accepted
20260511_090143,102704,nominal,importer,0001100,True,accepted
20260511_090143,102705,nominal,importer,0000101,True,accepted
20260511_090143,102706,nominal,importer,0000100,True,accepted
20260511_090143,102707,nominal,importer,0001101,True,accepted
20260511_090143,102708,nominal,importer,0001110,True,accepted
20260511_090143,102709,nominal,importer,0000001,True,accepted
20260511_090143,102710,nominal,importer,0000111,True,accepted
20260511_090143,102711,nominal,importer,0001010,True,accepted
20260511_090143,102712,nominal,importer,0000010,True,accepted
20260511_090143,102713,nominal,importer,0001101,True,accepted
20260511_090143,102714,nominal,importer,0001010,True,accepted
20260511_090143,102715,nominal,importer,0000110,True,accepted
20260511_090143,102716,nominal,importer,0001000,True,accepted
20260511_090143,102717,nominal,importer,0001001,True,accepted
20260511_090143,102718,nominal,importer,0001111,True,accepted
20260511_090143,102719,nominal,importer,0000000,True,accepted
20260511_090143,102720,nominal,importer,0000110,True,accepted
20260511_090143,102721,nominal,importer,0001001,True,accepted
20260511_090143,102722,nominal,importer,0001110,True,accepted
20260511_090143,102723,nominal,importer,0000001,True,accepted
20260511_090143,102724,nominal,importer,0000100,True,accepted
20260511_090143,102725,nominal,importer,0001101,True,accepted
20260511_090143,102726,nominal,importer,0001100,True,accepted
20260511_090143,102727,nominal,importer,0000101,True,accepted
20260511_090143,102728,nominal,importer,0001111,True,accepted
20260511_090143,102729,nominal,importer,0000001,True,accepted
20260511_090143,102730,nominal,importer,0001000,True,accepted
20260511_090143,102731,nominal,importer,0001001,True,accepted
20260511_090143,102732,nominal,importer,0001010,True,accepted
20260511_090143,102733,nominal,importer,0000101,True,accepted
20260511_090143,102734,nominal,importer,0000010,True,accepted
20260511_090143,102735,nominal,importer,0001101,True,accepted
20260511_090143,102736,nominal,importer,0000000,True,accepted
20260511_090143,102737,nominal,importer,0001111,True,accepted
20260511_090143,102738,nominal,importer,0001000,True,accepted
20260511_090143,102739,nominal,importer,0000111,True,accepted
20260511_090143,102740,nominal,importer,0000110,True,accepted
20260511_090143,102741,nominal,importer,0001011,True,accepted
20260511_090143,102742,nominal,importer,0001110,True,accepted
20260511_090143,102743,nominal,importer,0000011,True,accepted
20260511_090143,102744,nominal,importer,0001010,True,accepted
20260511_090143,102745,nominal,importer,0000111,True,accepted
20260511_090143,102746,nominal,importer,0000010,True,accepted
20260511_090143,102747,nominal,importer,0001111,True,accepted
20260511_090143,102748,nominal,importer,0001100,True,accepted
20260511_090143,102749,nominal,importer,0000011,True,accepted
20260511_090143,102750,nominal,importer,0000100,True,accepted
20260511_090143,102751,nominal,importer,0001011,True,accepted
20260511_090143,102752,nominal,importer,0000101,True,accepted
20260511_090143,102753,nominal,importer,0001010,True,accepted
20260511_090143,102754,nominal,importer,0001101,True,accepted
20260511_090143,102755,nominal,importer,0000010,True,accepted
20260511_090143,102756,nominal,importer,0000000,True,accepted
20260511_090143,102757,nominal,importer,0001111,True,accepted
20260511_090143,102758,nominal,importer,0001001,True,accepted
20260511_090143,102759,nominal,importer,0001000,True,accepted
20260511_090143,102760,nominal,importer,0001101,True,accepted
20260511_090143,102761,nominal,importer,0000100,True,accepted
20260511_090143,102762,nominal,importer,0000101,True,accepted
20260511_090143,102763,nominal,importer,0001100,True,accepted
20260511_090143,102764,nominal,importer,0001001,True,accepted
20260511_090143,102765,nominal,importer,0000110,True,accepted
20260511_090143,102766,nominal,importer,0000001,True,accepted
20260511_090143,102767,nominal,importer,0001110,True,accepted
20260511_090143,102768,nominal,importer,0000011,True,accepted
20260511_090143,102769,nominal,importer,0001100,True,accepted
20260511_090143,102770,nominal,importer,0001011,True,accepted
20260511_090143,102771,nominal,importer,0000100,True,accepted
20260511_090143,102772,nominal,importer,0000111,True,accepted
20260511_090143,102773,nominal,importer,0001010,True,accepted
20260511_090143,201024,nominal,exporter,0001110,True,accepted
20260511_090143,201025,nominal,exporter,1100100,True,accepted
20260511_090143,201026,nominal,exporter,0101100,True,accepted
20260511_090143,201027,nominal,exporter,0001000,True,accepted
20260511_090143,201028,nominal,exporter,0000000,True,accepted
20260511_090143,201029,nominal,exporter,0101110,True,accepted
20260511_090143,201030,nominal,exporter,1101110,True,accepted
20260511_090143,201031,nominal,exporter,0001010,True,accepted
20260511_090143,201032,nominal,exporter,0100110,True,accepted
20260511_090143,201033,nominal,exporter,0000100,True,accepted
20260511_090143,201034,nominal,exporter,0001110,True,accepted
20260511_090143,201035,nominal,exporter,0111110,True,accepted
20260511_090143,201036,nominal,exporter,1110110,True,accepted
20260511_090143,201037,nominal,exporter,0001100,True,accepted
20260511_090143,201038,nominal,exporter,0000100,True,accepted
20260511_090143,201039,nominal,exporter,0110110,True,accepted
20260511_090143,201040,nominal,exporter,0000110,True,accepted
20260511_090143,201041,nominal,exporter,0100110,True,accepted
20260511_090143,201042,nominal,exporter,0111100,True,accepted
20260511_090143,201043,nominal,exporter,0001110,True,accepted
20260511_090143,201044,nominal,exporter,0001100,True,accepted
20260511_090143,201045,nominal,exporter,1111100,True,accepted
20260511_090143,201046,nominal,exporter,0110100,True,accepted
20260511_090143,201047,nominal,exporter,0000010,True,accepted
20260511_090143,201048,nominal,exporter,1100110,True,accepted
20260511_090143,201049,nominal,exporter,0100100,True,accepted
20260511_090143,201050,nominal,exporter,0000110,True,accepted
20260511_090143,201051,nominal,exporter,0101100,True,accepted
20260511_090143,201052,nominal,exporter,0101110,True,accepted
20260511_090143,201053,nominal,exporter,0000000,True,accepted
20260511_090143,201054,nominal,exporter,0001000,True,accepted
20260511_090143,201055,nominal,exporter,1101100,True,accepted
20260511_090143,201056,nominal,exporter,0110110,True,accepted
20260511_090143,201057,nominal,exporter,0000010,True,accepted
20260511_090143,201058,nominal,exporter,0001100,True,accepted
20260511_090143,201059,nominal,exporter,1111110,True,accepted
20260511_090143,201060,nominal,exporter,0111110,True,accepted
20260511_090143,201061,nominal,exporter,0001110,True,accepted
20260511_090143,201062,nominal,exporter,0000110,True,accepted
20260511_090143,201063,nominal,exporter,0100110,True,accepted
20260511_090143,201064,nominal,exporter,0001010,True,accepted
20260511_090143,201065,nominal,exporter,1101110,True,accepted
20260511_090143,201066,nominal,exporter,0110100,True,accepted
20260511_090143,201067,nominal,exporter,0000010,True,accepted
20260511_090143,201068,nominal,exporter,0001000,True,accepted
20260511_090143,201069,nominal,exporter,0101100,True,accepted
20260511_090143,201070,nominal,exporter,1101100,True,accepted
20260511_090143,201071,nominal,exporter,0100100,True,accepted
20260511_090143,201072,nominal,exporter,1110100,True,accepted
20260511_090143,201073,nominal,exporter,0001010,True,accepted
20260511_090143,201074,nominal,exporter,0000000,True,accepted
20260511_090143,201075,nominal,exporter,0101110,True,accepted
20260511_090143,201076,nominal,exporter,0101110,True,accepted
20260511_090143,201077,nominal,exporter,0001000,True,accepted
20260511_090143,201078,nominal,exporter,0100100,True,accepted
20260511_090143,201079,nominal,exporter,1100100,True,accepted
20260511_090143,201080,nominal,exporter,0000100,True,accepted
20260511_090143,201081,nominal,exporter,0111100,True,accepted
20260511_090143,201082,nominal,exporter,1111100,True,accepted
20260511_090143,201083,nominal,exporter,0001100,True,accepted
20260511_090143,201084,nominal,exporter,0001110,True,accepted
20260511_090143,201085,nominal,exporter,0111110,True,accepted
20260511_090143,201086,nominal,exporter,0100110,True,accepted
20260511_090143,201087,nominal,exporter,0000110,True,accepted
20260511_090143,201088,nominal,exporter,0101100,True,accepted
20260511_090143,201089,nominal,exporter,0001000,True,accepted
20260511_090143,201090,nominal,exporter,0100100,True,accepted
20260511_090143,201091,nominal,exporter,1101100,True,accepted
20260511_090143,201092,nominal,exporter,1101110,True,accepted
20260511_090143,201093,nominal,exporter,0001010,True,accepted
20260511_090143,201094,nominal,exporter,0000010,True,accepted
20260511_090143,201095,nominal,exporter,0110100,True,accepted
20260511_090143,201096,nominal,exporter,0001110,True,accepted
20260511_090143,201097,nominal,exporter,0111110,True,accepted
20260511_090143,201098,nominal,exporter,0101100,True,accepted
20260511_090143,201099,nominal,exporter,0000110,True,accepted
20260511_090143,201100,nominal,exporter,0000010,True,accepted
20260511_090143,201101,nominal,exporter,0110110,True,accepted
20260511_090143,201102,nominal,exporter,1111110,True,accepted
20260511_090143,201103,nominal,exporter,0001100,True,accepted
20260511_090143,201104,nominal,exporter,1100100,True,accepted
20260511_090143,201105,nominal,exporter,0001110,True,accepted
20260511_090143,201106,nominal,exporter,0000100,True,accepted
20260511_090143,201107,nominal,exporter,0100110,True,accepted
20260511_090143,201108,nominal,exporter,0111100,True,accepted
20260511_090143,201109,nominal,exporter,0000100,True,accepted
20260511_090143,201110,nominal,exporter,0001100,True,accepted
20260511_090143,201111,nominal,exporter,1111100,True,accepted
20260511_090143,201112,nominal,exporter,0001000,True,accepted
20260511_090143,201113,nominal,exporter,0101110,True,accepted
20260511_090143,201114,nominal,exporter,1100110,True,accepted
20260511_090143,201115,nominal,exporter,0100100,True,accepted
20260511_090143,201116,nominal,exporter,0001010,True,accepted
20260511_090143,201117,nominal,exporter,1110100,True,accepted
20260511_090143,201118,nominal,exporter,0101110,True,accepted
20260511_090143,201119,nominal,exporter,0000000,True,accepted
20260511_090143,201120,nominal,exporter,0001010,True,accepted
20260511_090143,201121,nominal,exporter,1110110,True,accepted
20260511_090143,201122,nominal,exporter,0111100,True,accepted
20260511_090143,201123,nominal,exporter,0000100,True,accepted
20260511_090143,201124,nominal,exporter,0000100,True,accepted
20260511_090143,201125,nominal,exporter,0100110,True,accepted
20260511_090143,201126,nominal,exporter,0111110,True,accepted
20260511_090143,201127,nominal,exporter,0001110,True,accepted
20260511_090143,201128,nominal,exporter,0101110,True,accepted
20260511_090143,201129,nominal,exporter,0000000,True,accepted
20260511_090143,201130,nominal,exporter,0001010,True,accepted
20260511_090143,201131,nominal,exporter,1101110,True,accepted
20260511_090143,201132,nominal,exporter,1100100,True,accepted
20260511_090143,201133,nominal,exporter,0001110,True,accepted
20260511_090143,201134,nominal,exporter,0001000,True,accepted
20260511_090143,201135,nominal,exporter,0101110,True,accepted
20260511_090143,201136,nominal,exporter,0000000,True,accepted
20260511_090143,201137,nominal,exporter,0110100,True,accepted
20260511_090143,201138,nominal,exporter,1101100,True,accepted
20260511_090143,201139,nominal,exporter,0001000,True,accepted
20260511_090143,201140,nominal,exporter,0100100,True,accepted
20260511_090143,201141,nominal,exporter,1100110,True,accepted
20260511_090143,201142,nominal,exporter,0101100,True,accepted
20260511_090143,201143,nominal,exporter,0000110,True,accepted
20260511_090143,201144,nominal,exporter,1111110,True,accepted
20260511_090143,201145,nominal,exporter,0001100,True,accepted
20260511_090143,201146,nominal,exporter,0000010,True,accepted
20260511_090143,201147,nominal,exporter,0110110,True,accepted
20260511_090143,201148,nominal,exporter,0100110,True,accepted
20260511_090143,201149,nominal,exporter,0000110,True,accepted
20260511_090143,201150,nominal,exporter,0001100,True,accepted
20260511_090143,201151,nominal,exporter,0111100,True,accepted
20260511_090143,201152,nominal,exporter,0100100,True,accepted
20260511_090143,201153,nominal,exporter,1100110,True,accepted
20260511_090143,201154,nominal,exporter,0101110,True,accepted
20260511_090143,201155,nominal,exporter,0001000,True,accepted
20260511_090143,201156,nominal,exporter,0000000,True,accepted
20260511_090143,201157,nominal,exporter,0101110,True,accepted
20260511_090143,201158,nominal,exporter,1110100,True,accepted
20260511_090143,201159,nominal,exporter,0001010,True,accepted
20260511_090143,201160,nominal,exporter,0100110,True,accepted
20260511_090143,201161,nominal,exporter,0000100,True,accepted
20260511_090143,201162,nominal,exporter,0001110,True,accepted
20260511_090143,201163,nominal,exporter,1100100,True,accepted
20260511_090143,201164,nominal,exporter,1111100,True,accepted
20260511_090143,201165,nominal,exporter,0001100,True,accepted
20260511_090143,201166,nominal,exporter,0000100,True,accepted
20260511_090143,201167,nominal,exporter,0111100,True,accepted
20260511_090143,201168,nominal,exporter,0000110,True,accepted
20260511_090143,201169,nominal,exporter,0101100,True,accepted
20260511_090143,201170,nominal,exporter,0111110,True,accepted
20260511_090143,201171,nominal,exporter,0001110,True,accepted
20260511_090143,201172,nominal,exporter,0001100,True,accepted
20260511_090143,201173,nominal,exporter,1111110,True,accepted
20260511_090143,201174,nominal,exporter,0110110,True,accepted
20260511_090143,201175,nominal,exporter,0000010,True,accepted
20260511_090143,201176,nominal,exporter,1101100,True,accepted
20260511_090143,201177,nominal,exporter,0100100,True,accepted
20260511_090143,201178,nominal,exporter,0000110,True,accepted
20260511_090143,201179,nominal,exporter,0101100,True,accepted
20260511_090143,201180,nominal,exporter,0110100,True,accepted
20260511_090143,201181,nominal,exporter,0000010,True,accepted
20260511_090143,201182,nominal,exporter,0001010,True,accepted
20260511_090143,201183,nominal,exporter,1101110,True,accepted
20260511_090143,201184,nominal,exporter,0110110,True,accepted
20260511_090143,201185,nominal,exporter,0000010,True,accepted
20260511_090143,201186,nominal,exporter,0001100,True,accepted
20260511_090143,201187,nominal,exporter,1111110,True,accepted
20260511_090143,201188,nominal,exporter,0111100,True,accepted
20260511_090143,201189,nominal,exporter,0001100,True,accepted
20260511_090143,201190,nominal,exporter,0000110,True,accepted
20260511_090143,201191,nominal,exporter,0100110,True,accepted
20260511_090143,201192,nominal,exporter,0001000,True,accepted
20260511_090143,201193,nominal,exporter,1101100,True,accepted
20260511_090143,201194,nominal,exporter,0110100,True,accepted
20260511_090143,201195,nominal,exporter,0000000,True,accepted
20260511_090143,201196,nominal,exporter,0000110,True,accepted
20260511_090143,201197,nominal,exporter,0101100,True,accepted
20260511_090143,201198,nominal,exporter,1101100,True,accepted
20260511_090143,201199,nominal,exporter,0100100,True,accepted
20260511_090143,201200,nominal,exporter,1101110,True,accepted
20260511_090143,201201,nominal,exporter,0001010,True,accepted
20260511_090143,201202,nominal,exporter,0000000,True,accepted
20260511_090143,201203,nominal,exporter,0101110,True,accepted
20260511_090143,201204,nominal,exporter,0101110,True,accepted
20260511_090143,201205,nominal,exporter,0001000,True,accepted
20260511_090143,201206,nominal,exporter,0001110,True,accepted
20260511_090143,201207,nominal,exporter,1100100,True,accepted
20260511_090143,201208,nominal,exporter,0000100,True,accepted
20260511_090143,201209,nominal,exporter,0111100,True,accepted
20260511_090143,201210,nominal,exporter,1110110,True,accepted
20260511_090143,201211,nominal,exporter,0001010,True,accepted
20260511_090143,201212,nominal,exporter,0001110,True,accepted
20260511_090143,201213,nominal,exporter,0111110,True,accepted
20260511_090143,201214,nominal,exporter,0100110,True,accepted
20260511_090143,201215,nominal,exporter,0000100,True,accepted
20260511_090143,201216,nominal,exporter,0101100,True,accepted
20260511_090143,201217,nominal,exporter,0000110,True,accepted
20260511_090143,201218,nominal,exporter,0100100,True,accepted
20260511_090143,201219,nominal,exporter,1100110,True,accepted
20260511_090143,201220,nominal,exporter,1101100,True,accepted
20260511_090143,201221,nominal,exporter,0001010,True,accepted
20260511_090143,201222,nominal,exporter,0000000,True,accepted
20260511_090143,201223,nominal,exporter,0101110,True,accepted
20260511_090143,201224,nominal,exporter,0001100,True,accepted
20260511_090143,201225,nominal,exporter,0111100,True,accepted
20260511_090143,201226,nominal,exporter,0100110,True,accepted
20260511_090143,201227,nominal,exporter,0000110,True,accepted
20260511_090143,201228,nominal,exporter,0000010,True,accepted
20260511_090143,201229,nominal,exporter,0110100,True,accepted
20260511_090143,201230,nominal,exporter,1111100,True,accepted
20260511_090143,201231,nominal,exporter,0001100,True,accepted
20260511_090143,201232,nominal,exporter,0111110,True,accepted
20260511_090143,201233,nominal,exporter,0001110,True,accepted
20260511_090143,201234,nominal,exporter,0000100,True,accepted
20260511_090143,201235,nominal,exporter,0100110,True,accepted
20260511_090143,201236,nominal,exporter,0110110,True,accepted
20260511_090143,201237,nominal,exporter,0000100,True,accepted
20260511_090143,201238,nominal,exporter,0001100,True,accepted
20260511_090143,201239,nominal,exporter,1110110,True,accepted
20260511_090143,201240,nominal,exporter,0001000,True,accepted
20260511_090143,201241,nominal,exporter,0101100,True,accepted
20260511_090143,201242,nominal,exporter,1100100,True,accepted
20260511_090143,201243,nominal,exporter,0001110,True,accepted
20260511_090143,201244,nominal,exporter,0001010,True,accepted
20260511_090143,201245,nominal,exporter,1101110,True,accepted
20260511_090143,201246,nominal,exporter,0101110,True,accepted
20260511_090143,201247,nominal,exporter,0000000,True,accepted
20260511_090143,201248,nominal,exporter,0001100,True,accepted
20260511_090143,201249,nominal,exporter,1110110,True,accepted
20260511_090143,201250,nominal,exporter,0111100,True,accepted
20260511_090143,201251,nominal,exporter,0000100,True,accepted
20260511_090143,201252,nominal,exporter,0000110,True,accepted
20260511_090143,201253,nominal,exporter,0100110,True,accepted
20260511_090143,201254,nominal,exporter,0111110,True,accepted
20260511_090143,201255,nominal,exporter,0001110,True,accepted
20260511_090143,201256,nominal,exporter,0101110,True,accepted
20260511_090143,201257,nominal,exporter,0000000,True,accepted
20260511_090143,201258,nominal,exporter,0001010,True,accepted
20260511_090143,201259,nominal,exporter,1110100,True,accepted
20260511_090143,201260,nominal,exporter,1100110,True,accepted
20260511_090143,201261,nominal,exporter,0100100,True,accepted
20260511_090143,201262,nominal,exporter,0001000,True,accepted
20260511_090143,201263,nominal,exporter,0101110,True,accepted
20260511_090143,201264,nominal,exporter,0000010,True,accepted
20260511_090143,201265,nominal,exporter,0110100,True,accepted
20260511_090143,201266,nominal,exporter,1101110,True,accepted
20260511_090143,201267,nominal,exporter,0001010,True,accepted
20260511_090143,201268,nominal,exporter,0100100,True,accepted
20260511_090143,201269,nominal,exporter,1101100,True,accepted
20260511_090143,201270,nominal,exporter,0101100,True,accepted
20260511_090143,201271,nominal,exporter,0001000,True,accepted
20260511_090143,201272,nominal,exporter,1111110,True,accepted
20260511_090143,201273,nominal,exporter,0001100,True,accepted
20260511_090143,201274,nominal,exporter,0000010,True,accepted
20260511_090143,201275,nominal,exporter,0110110,True,accepted
20260511_090143,201276,nominal,exporter,0101100,True,accepted
20260511_090143,201277,nominal,exporter,0000110,True,accepted
20260511_090143,201278,nominal,exporter,0001110,True,accepted
20260511_090143,201279,nominal,exporter,0111110,True,accepted
20260511_090143,201280,nominal,exporter,1100100,True,accepted
20260511_090143,201281,nominal,exporter,0001110,True,accepted
20260511_090143,201282,nominal,exporter,0001000,True,accepted
20260511_090143,201283,nominal,exporter,0101110,True,accepted
20260511_090143,201284,nominal,exporter,0101110,True,accepted
20260511_090143,201285,nominal,exporter,0000000,True,accepted
20260511_090143,201286,nominal,exporter,0001010,True,accepted
20260511_090143,201287,nominal,exporter,1110100,True,accepted
20260511_090143,201288,nominal,exporter,0000100,True,accepted
20260511_090143,201289,nominal,exporter,0100110,True,accepted
20260511_090143,201290,nominal,exporter,0111110,True,accepted
20260511_090143,201291,nominal,exporter,0001110,True,accepted
20260511_090143,201292,nominal,exporter,0001010,True,accepted
20260511_090143,201293,nominal,exporter,1110110,True,accepted
20260511_090143,201294,nominal,exporter,0110110,True,accepted
20260511_090143,201295,nominal,exporter,0000010,True,accepted
20260511_090143,201296,nominal,exporter,0100110,True,accepted
20260511_090143,201297,nominal,exporter,0000110,True,accepted
20260511_090143,201298,nominal,exporter,0001100,True,accepted
20260511_090143,201299,nominal,exporter,0111100,True,accepted
20260511_090143,201300,nominal,exporter,1111110,True,accepted
20260511_090143,201301,nominal,exporter,0001100,True,accepted
20260511_090143,201302,nominal,exporter,0000010,True,accepted
20260511_090143,201303,nominal,exporter,0110110,True,accepted
20260511_090143,201304,nominal,exporter,0100100,True,accepted
20260511_090143,201305,nominal,exporter,1100110,True,accepted
20260511_090143,201306,nominal,exporter,0101100,True,accepted
20260511_090143,201307,nominal,exporter,0000110,True,accepted
20260511_090143,201308,nominal,exporter,0000000,True,accepted
20260511_090143,201309,nominal,exporter,0110100,True,accepted
20260511_090143,201310,nominal,exporter,1101100,True,accepted
20260511_090143,201311,nominal,exporter,0001000,True,accepted
20260511_090143,201312,nominal,exporter,0000010,True,accepted
20260511_090143,201313,nominal,exporter,0110110,True,accepted
20260511_090143,201314,nominal,exporter,1111110,True,accepted
20260511_090143,201315,nominal,exporter,0001100,True,accepted
20260511_090143,201316,nominal,exporter,0001110,True,accepted
20260511_090143,201317,nominal,exporter,0111110,True,accepted
20260511_090143,201318,nominal,exporter,0101100,True,accepted
20260511_090143,201319,nominal,exporter,0000110,True,accepted
20260511_090143,201320,nominal,exporter,1101110,True,accepted
20260511_090143,201321,nominal,exporter,0001010,True,accepted
20260511_090143,201322,nominal,exporter,0000010,True,accepted
20260511_090143,201323,nominal,exporter,0110100,True,accepted
20260511_090143,201324,nominal,exporter,0101100,True,accepted
20260511_090143,201325,nominal,exporter,0000110,True,accepted
20260511_090143,201326,nominal,exporter,0100100,True,accepted
20260511_090143,201327,nominal,exporter,1101100,True,accepted
20260511_090143,201328,nominal,exporter,0001010,True,accepted
20260511_090143,201329,nominal,exporter,1110100,True,accepted
20260511_090143,201330,nominal,exporter,0101110,True,accepted
20260511_090143,201331,nominal,exporter,0000000,True,accepted
20260511_090143,201332,nominal,exporter,0001000,True,accepted
20260511_090143,201333,nominal,exporter,0101110,True,accepted
20260511_090143,201334,nominal,exporter,1100110,True,accepted
20260511_090143,201335,nominal,exporter,0001110,True,accepted
20260511_090143,201336,nominal,exporter,0111100,True,accepted
20260511_090143,201337,nominal,exporter,0000100,True,accepted
20260511_090143,201338,nominal,exporter,0001100,True,accepted
20260511_090143,201339,nominal,exporter,1111100,True,accepted
20260511_090143,201340,nominal,exporter,0111110,True,accepted
20260511_090143,201341,nominal,exporter,0001110,True,accepted
20260511_090143,201342,nominal,exporter,0000100,True,accepted
20260511_090143,201343,nominal,exporter,0100110,True,accepted
20260511_090143,201344,nominal,exporter,0001000,True,accepted
20260511_090143,201345,nominal,exporter,0101100,True,accepted
20260511_090143,201346,nominal,exporter,1101100,True,accepted
20260511_090143,201347,nominal,exporter,0100100,True,accepted
20260511_090143,201348,nominal,exporter,0001010,True,accepted
20260511_090143,201349,nominal,exporter,1101110,True,accepted
20260511_090143,201350,nominal,exporter,0110100,True,accepted
20260511_090143,201351,nominal,exporter,0000010,True,accepted
20260511_090143,201352,nominal,exporter,0111110,True,accepted
20260511_090143,201353,nominal,exporter,0001110,True,accepted
20260511_090143,201354,nominal,exporter,0000110,True,accepted
20260511_090143,201355,nominal,exporter,0101100,True,accepted
20260511_090143,201356,nominal,exporter,0110110,True,accepted
20260511_090143,201357,nominal,exporter,0000010,True,accepted
20260511_090143,201358,nominal,exporter,0001100,True,accepted
20260511_090143,201359,nominal,exporter,1111110,True,accepted
20260511_090143,201360,nominal,exporter,0001110,True,accepted
20260511_090143,201361,nominal,exporter,0111110,True,accepted
20260511_090143,201362,nominal,exporter,0100110,True,accepted
20260511_090143,201363,nominal,exporter,0000110,True,accepted
20260511_090143,201364,nominal,exporter,0000100,True,accepted
20260511_090143,201365,nominal,exporter,0111100,True,accepted
20260511_090143,201366,nominal,exporter,1110110,True,accepted
20260511_090143,201367,nominal,exporter,0001100,True,accepted
20260511_090143,201368,nominal,exporter,0101110,True,accepted
20260511_090143,201369,nominal,exporter,0001000,True,accepted
20260511_090143,201370,nominal,exporter,0100100,True,accepted
20260511_090143,201371,nominal,exporter,1100110,True,accepted
20260511_090143,201372,nominal,exporter,1110100,True,accepted
20260511_090143,201373,nominal,exporter,0001010,True,accepted
20260511_090143,201374,nominal,exporter,0000000,True,accepted
20260511_090143,201375,nominal,exporter,0101110,True,accepted
20260511_090143,201376,nominal,exporter,1110110,True,accepted
20260511_090143,201377,nominal,exporter,0001010,True,accepted
20260511_090143,201378,nominal,exporter,0000100,True,accepted
20260511_090143,201379,nominal,exporter,0110110,True,accepted
20260511_090143,201380,nominal,exporter,0100110,True,accepted
20260511_090143,201381,nominal,exporter,0000100,True,accepted
20260511_090143,201382,nominal,exporter,0001110,True,accepted
20260511_090143,201383,nominal,exporter,0111110,True,accepted
20260511_090143,201384,nominal,exporter,0000000,True,accepted
20260511_090143,201385,nominal,exporter,0101110,True,accepted
20260511_090143,201386,nominal,exporter,1101110,True,accepted
20260511_090143,201387,nominal,exporter,0001010,True,accepted
20260511_090143,201388,nominal,exporter,0001110,True,accepted
20260511_090143,201389,nominal,exporter,1100100,True,accepted
20260511_090143,201390,nominal,exporter,0101100,True,accepted
20260511_090143,201391,nominal,exporter,0001000,True,accepted
20260511_090143,201392,nominal,exporter,0101110,True,accepted
20260511_090143,201393,nominal,exporter,0000000,True,accepted
20260511_090143,201394,nominal,exporter,0001010,True,accepted
20260511_090143,201395,nominal,exporter,1101100,True,accepted
20260511_090143,201396,nominal,exporter,1100110,True,accepted
20260511_090143,201397,nominal,exporter,0100100,True,accepted
20260511_090143,201398,nominal,exporter,0000110,True,accepted
20260511_090143,201399,nominal,exporter,0101100,True,accepted
20260511_090143,201400,nominal,exporter,0001100,True,accepted
20260511_090143,201401,nominal,exporter,1111100,True,accepted
20260511_090143,201402,nominal,exporter,0110100,True,accepted
20260511_090143,201403,nominal,exporter,0000010,True,accepted
20260511_090143,201404,nominal,exporter,0000110,True,accepted
20260511_090143,201405,nominal,exporter,0100110,True,accepted
20260511_090143,201406,nominal,exporter,0111100,True,accepted
20260511_090143,201407,nominal,exporter,0001100,True,accepted
20260511_090143,201408,nominal,exporter,1100100,True,accepted
20260511_090143,201409,nominal,exporter,0100100,True,accepted
20260511_090143,201410,nominal,exporter,0001000,True,accepted
20260511_090143,201411,nominal,exporter,0101110,True,accepted
20260511_090143,201412,nominal,exporter,0101110,True,accepted
20260511_090143,201413,nominal,exporter,0000000,True,accepted
20260511_090143,201414,nominal,exporter,0001010,True,accepted
20260511_090143,201415,nominal,exporter,1110100,True,accepted
20260511_090143,201416,nominal,exporter,0000110,True,accepted
20260511_090143,201417,nominal,exporter,0100110,True,accepted
20260511_090143,201418,nominal,exporter,0111110,True,accepted
20260511_090143,201419,nominal,exporter,0001110,True,accepted
20260511_090143,201420,nominal,exporter,0001100,True,accepted
20260511_090143,201421,nominal,exporter,1111100,True,accepted
20260511_090143,201422,nominal,exporter,0111100,True,accepted
20260511_090143,201423,nominal,exporter,0000100,True,accepted
20260511_090143,201424,nominal,exporter,0100110,True,accepted
20260511_090143,201425,nominal,exporter,0000110,True,accepted
20260511_090143,201426,nominal,exporter,0001110,True,accepted
20260511_090143,201427,nominal,exporter,0111110,True,accepted
20260511_090143,201428,nominal,exporter,1111110,True,accepted
20260511_090143,201429,nominal,exporter,0001100,True,accepted
20260511_090143,201430,nominal,exporter,0000010,True,accepted
20260511_090143,201431,nominal,exporter,0110110,True,accepted
20260511_090143,201432,nominal,exporter,0100100,True,accepted
20260511_090143,201433,nominal,exporter,1101100,True,accepted
20260511_090143,201434,nominal,exporter,0101100,True,accepted
20260511_090143,201435,nominal,exporter,0001000,True,accepted
20260511_090143,201436,nominal,exporter,0000010,True,accepted
20260511_090143,201437,nominal,exporter,0110100,True,accepted
20260511_090143,201438,nominal,exporter,1101110,True,accepted
20260511_090143,201439,nominal,exporter,0001010,True,accepted
20260511_090143,201440,nominal,exporter,0000010,True,accepted
20260511_090143,201441,nominal,exporter,0110110,True,accepted
20260511_090143,201442,nominal,exporter,1111100,True,accepted
20260511_090143,201443,nominal,exporter,0001100,True,accepted
20260511_090143,201444,nominal,exporter,0001110,True,accepted
20260511_090143,201445,nominal,exporter,0111100,True,accepted
20260511_090143,201446,nominal,exporter,0100110,True,accepted
20260511_090143,201447,nominal,exporter,0000110,True,accepted
20260511_090143,201448,nominal,exporter,1101100,True,accepted
20260511_090143,201449,nominal,exporter,0001000,True,accepted
20260511_090143,201450,nominal,exporter,0000000,True,accepted
20260511_090143,201451,nominal,exporter,0110100,True,accepted
20260511_090143,201452,nominal,exporter,0101100,True,accepted
20260511_090143,201453,nominal,exporter,0000110,True,accepted
20260511_090143,201454,nominal,exporter,0100100,True,accepted
20260511_090143,201455,nominal,exporter,1100110,True,accepted
20260511_090143,201456,nominal,exporter,0001010,True,accepted
20260511_090143,201457,nominal,exporter,1101110,True,accepted
20260511_090143,201458,nominal,exporter,0101110,True,accepted
20260511_090143,201459,nominal,exporter,0000000,True,accepted
20260511_090143,201460,nominal,exporter,0001000,True,accepted
20260511_090143,201461,nominal,exporter,0101100,True,accepted
20260511_090143,201462,nominal,exporter,1100100,True,accepted
20260511_090143,201463,nominal,exporter,0001110,True,accepted
20260511_090143,201464,nominal,exporter,0110110,True,accepted
20260511_090143,201465,nominal,exporter,0000100,True,accepted
20260511_090143,201466,nominal,exporter,0001100,True,accepted
20260511_090143,201467,nominal,exporter,1110110,True,accepted
20260511_090143,201468,nominal,exporter,0111110,True,accepted
20260511_090143,201469,nominal,exporter,0001110,True,accepted
20260511_090143,201470,nominal,exporter,0000100,True,accepted
20260511_090143,201471,nominal,exporter,0100110,True,accepted
20260511_090143,201472,nominal,exporter,0000110,True,accepted
20260511_090143,201473,nominal,exporter,0101100,True,accepted
20260511_090143,201474,nominal,exporter,1100110,True,accepted
20260511_090143,201475,nominal,exporter,0100100,True,accepted
20260511_090143,201476,nominal,exporter,0001000,True,accepted
20260511_090143,201477,nominal,exporter,1101110,True,accepted
20260511_090143,201478,nominal,exporter,0110100,True,accepted
20260511_090143,201479,nominal,exporter,0000000,True,accepted
20260511_090143,201480,nominal,exporter,0111100,True,accepted
20260511_090143,201481,nominal,exporter,0001100,True,accepted
20260511_090143,201482,nominal,exporter,0000110,True,accepted
20260511_090143,201483,nominal,exporter,0100110,True,accepted
20260511_090143,201484,nominal,exporter,0110110,True,accepted
20260511_090143,201485,nominal,exporter,0000010,True,accepted
20260511_090143,201486,nominal,exporter,0001100,True,accepted
20260511_090143,201487,nominal,exporter,1111110,True,accepted
20260511_090143,201488,nominal,exporter,0001110,True,accepted
20260511_090143,201489,nominal,exporter,0111110,True,accepted
20260511_090143,201490,nominal,exporter,0100110,True,accepted
20260511_090143,201491,nominal,exporter,0000100,True,accepted
20260511_090143,201492,nominal,exporter,0000100,True,accepted
20260511_090143,201493,nominal,exporter,0111100,True,accepted
20260511_090143,201494,nominal,exporter,1110110,True,accepted
20260511_090143,201495,nominal,exporter,0001010,True,accepted
20260511_090143,201496,nominal,exporter,0101110,True,accepted
20260511_090143,201497,nominal,exporter,0001000,True,accepted
20260511_090143,201498,nominal,exporter,0001110,True,accepted
20260511_090143,201499,nominal,exporter,1100100,True,accepted
20260511_090143,201500,nominal,exporter,1101110,True,accepted
20260511_090143,201501,nominal,exporter,0001010,True,accepted
20260511_090143,201502,nominal,exporter,0000000,True,accepted
20260511_090143,201503,nominal,exporter,0101110,True,accepted
20260511_090143,201504,nominal,exporter,1111100,True,accepted
20260511_090143,201505,nominal,exporter,0001100,True,accepted
20260511_090143,201506,nominal,exporter,0000100,True,accepted
20260511_090143,201507,nominal,exporter,0111100,True,accepted
20260511_090143,201508,nominal,exporter,0100110,True,accepted
20260511_090143,201509,nominal,exporter,0000100,True,accepted
20260511_090143,201510,nominal,exporter,0001110,True,accepted
20260511_090143,201511,nominal,exporter,1100100,True,accepted
20260511_090143,201512,nominal,exporter,0000000,True,accepted
20260511_090143,201513,nominal,exporter,0101110,True,accepted
20260511_090143,201514,nominal,exporter,1110100,True,accepted
20260511_090143,201515,nominal,exporter,0001010,True,accepted
20260511_090143,201516,nominal,exporter,0100100,True,accepted
20260511_090143,201517,nominal,exporter,1100110,True,accepted
20260511_090143,201518,nominal,exporter,0101110,True,accepted
20260511_090143,201519,nominal,exporter,0001000,True,accepted
20260511_090143,201520,nominal,exporter,0110100,True,accepted
20260511_090143,201521,nominal,exporter,0000010,True,accepted
20260511_090143,201522,nominal,exporter,0001010,True,accepted
20260511_090143,201523,nominal,exporter,1101110,True,accepted
20260511_090143,201524,nominal,exporter,1101100,True,accepted
20260511_090143,201525,nominal,exporter,0100100,True,accepted
20260511_090143,201526,nominal,exporter,0001000,True,accepted
20260511_090143,201527,nominal,exporter,0101100,True,accepted
20260511_090143,201528,nominal,exporter,0001100,True,accepted
20260511_090143,201529,nominal,exporter,1111110,True,accepted
20260511_090143,201530,nominal,exporter,0110110,True,accepted
20260511_090143,201531,nominal,exporter,0000010,True,accepted
20260511_090143,201532,nominal,exporter,0000110,True,accepted
20260511_090143,201533,nominal,exporter,0101100,True,accepted
20260511_090143,201534,nominal,exporter,0111110,True,accepted
20260511_090143,201535,nominal,exporter,0001110,True,accepted
20260511_090143,201536,nominal,exporter,0001000,True,accepted
20260511_090143,201537,nominal,exporter,0101100,True,accepted
20260511_090143,201538,nominal,exporter,1100100,True,accepted
20260511_090143,201539,nominal,exporter,0001110,True,accepted
20260511_090143,201540,nominal,exporter,0001010,True,accepted
20260511_090143,201541,nominal,exporter,1101110,True,accepted
20260511_090143,201542,nominal,exporter,0101110,True,accepted
20260511_090143,201543,nominal,exporter,0000000,True,accepted
20260511_090143,201544,nominal,exporter,0111110,True,accepted
20260511_090143,201545,nominal,exporter,0001110,True,accepted
20260511_090143,201546,nominal,exporter,0000100,True,accepted
20260511_090143,201547,nominal,exporter,0100110,True,accepted
20260511_090143,201548,nominal,exporter,0111100,True,accepted
20260511_090143,201549,nominal,exporter,0000100,True,accepted
20260511_090143,201550,nominal,exporter,0001010,True,accepted
20260511_090143,201551,nominal,exporter,1110110,True,accepted
20260511_090143,201552,nominal,exporter,0001100,True,accepted
20260511_090143,201553,nominal,exporter,0111100,True,accepted
20260511_090143,201554,nominal,exporter,0100110,True,accepted
20260511_090143,201555,nominal,exporter,0000110,True,accepted
20260511_090143,201556,nominal,exporter,0000010,True,accepted
20260511_090143,201557,nominal,exporter,0110110,True,accepted
20260511_090143,201558,nominal,exporter,1111110,True,accepted
20260511_090143,201559,nominal,exporter,0001100,True,accepted
20260511_090143,201560,nominal,exporter,0101100,True,accepted
20260511_090143,201561,nominal,exporter,0000110,True,accepted
20260511_090143,201562,nominal,exporter,0100100,True,accepted
20260511_090143,201563,nominal,exporter,1100110,True,accepted
20260511_090143,201564,nominal,exporter,1101110,True,accepted
20260511_090143,201565,nominal,exporter,0001000,True,accepted
20260511_090143,201566,nominal,exporter,0000000,True,accepted
20260511_090143,201567,nominal,exporter,0110100,True,accepted
20260511_090143,201568,nominal,exporter,1111110,True,accepted
20260511_090143,201569,nominal,exporter,0001100,True,accepted
20260511_090143,201570,nominal,exporter,0000010,True,accepted
20260511_090143,201571,nominal,exporter,0110110,True,accepted
20260511_090143,201572,nominal,exporter,0101100,True,accepted
20260511_090143,201573,nominal,exporter,0000110,True,accepted
20260511_090143,201574,nominal,exporter,0001110,True,accepted
20260511_090143,201575,nominal,exporter,0111110,True,accepted
20260511_090143,201576,nominal,exporter,0000010,True,accepted
20260511_090143,201577,nominal,exporter,0110100,True,accepted
20260511_090143,201578,nominal,exporter,1101110,True,accepted
20260511_090143,201579,nominal,exporter,0001010,True,accepted
20260511_090143,201580,nominal,exporter,0100100,True,accepted
20260511_090143,201581,nominal,exporter,1101100,True,accepted
20260511_090143,201582,nominal,exporter,0101100,True,accepted
20260511_090143,201583,nominal,exporter,0001000,True,accepted
20260511_090143,201584,nominal,exporter,0101110,True,accepted
20260511_090143,201585,nominal,exporter,0000000,True,accepted
20260511_090143,201586,nominal,exporter,0001010,True,accepted
20260511_090143,201587,nominal,exporter,1110100,True,accepted
20260511_090143,201588,nominal,exporter,1100110,True,accepted
20260511_090143,201589,nominal,exporter,0100100,True,accepted
20260511_090143,201590,nominal,exporter,0001000,True,accepted
20260511_090143,201591,nominal,exporter,0101110,True,accepted
20260511_090143,201592,nominal,exporter,0001100,True,accepted
20260511_090143,201593,nominal,exporter,1111100,True,accepted
20260511_090143,201594,nominal,exporter,0111100,True,accepted
20260511_090143,201595,nominal,exporter,0000100,True,accepted
20260511_090143,201596,nominal,exporter,0000100,True,accepted
20260511_090143,201597,nominal,exporter,0100110,True,accepted
20260511_090143,201598,nominal,exporter,1100100,True,accepted
20260511_090143,201599,nominal,exporter,0001110,True,accepted
20260511_090143,201600,nominal,exporter,1101100,True,accepted
20260511_090143,201601,nominal,exporter,0100100,True,accepted
20260511_090143,201602,nominal,exporter,0001000,True,accepted
20260511_090143,201603,nominal,exporter,0101100,True,accepted
20260511_090143,201604,nominal,exporter,0110100,True,accepted
20260511_090143,201605,nominal,exporter,0000010,True,accepted
20260511_090143,201606,nominal,exporter,0001010,True,accepted
20260511_090143,201607,nominal,exporter,1101110,True,accepted
20260511_090143,201608,nominal,exporter,0000110,True,accepted
20260511_090143,201609,nominal,exporter,0101100,True,accepted
20260511_090143,201610,nominal,exporter,0111110,True,accepted
20260511_090143,201611,nominal,exporter,0001110,True,accepted
20260511_090143,201612,nominal,exporter,0001100,True,accepted
20260511_090143,201613,nominal,exporter,1111110,True,accepted
20260511_090143,201614,nominal,exporter,0110110,True,accepted
20260511_090143,201615,nominal,exporter,0000010,True,accepted
20260511_090143,201616,nominal,exporter,0100110,True,accepted
20260511_090143,201617,nominal,exporter,0000110,True,accepted
20260511_090143,201618,nominal,exporter,0001110,True,accepted
20260511_090143,201619,nominal,exporter,0111110,True,accepted
20260511_090143,201620,nominal,exporter,1111100,True,accepted
20260511_090143,201621,nominal,exporter,0001100,True,accepted
20260511_090143,201622,nominal,exporter,0000100,True,accepted
20260511_090143,201623,nominal,exporter,0111100,True,accepted
20260511_090143,201624,nominal,exporter,0100100,True,accepted
20260511_090143,201625,nominal,exporter,1100100,True,accepted
20260511_090143,201626,nominal,exporter,0101110,True,accepted
20260511_090143,201627,nominal,exporter,0001000,True,accepted
20260511_090143,201628,nominal,exporter,0000000,True,accepted
20260511_090143,201629,nominal,exporter,0101110,True,accepted
20260511_090143,201630,nominal,exporter,1110100,True,accepted
20260511_090143,201631,nominal,exporter,0001010,True,accepted
20260511_090143,201632,nominal,exporter,0000100,True,accepted
20260511_090143,201633,nominal,exporter,0110110,True,accepted
20260511_090143,201634,nominal,exporter,1110110,True,accepted
20260511_090143,201635,nominal,exporter,0001100,True,accepted
20260511_090143,201636,nominal,exporter,0001110,True,accepted
20260511_090143,201637,nominal,exporter,0111110,True,accepted
20260511_090143,201638,nominal,exporter,0100110,True,accepted
20260511_090143,201639,nominal,exporter,0000100,True,accepted
20260511_090143,201640,nominal,exporter,1101110,True,accepted
20260511_090143,201641,nominal,exporter,0001010,True,accepted
20260511_090143,201642,nominal,exporter,0000000,True,accepted
20260511_090143,201643,nominal,exporter,0101110,True,accepted
20260511_090143,201644,nominal,exporter,0101100,True,accepted
20260511_090143,201645,nominal,exporter,0001000,True,accepted
20260511_090143,201646,nominal,exporter,0001110,True,accepted
20260511_090143,201647,nominal,exporter,1100100,True,accepted
20260511_090143,201648,nominal,exporter,0001000,True,accepted
20260511_090143,201649,nominal,exporter,1101100,True,accepted
20260511_090143,201650,nominal,exporter,0110100,True,accepted
20260511_090143,201651,nominal,exporter,0000000,True,accepted
20260511_090143,201652,nominal,exporter,0000110,True,accepted
20260511_090143,201653,nominal,exporter,0101100,True,accepted
20260511_090143,201654,nominal,exporter,1100110,True,accepted
20260511_090143,201655,nominal,exporter,0100100,True,accepted
20260511_090143,201656,nominal,exporter,0110100,True,accepted
20260511_090143,201657,nominal,exporter,0000010,True,accepted
20260511_090143,201658,nominal,exporter,0001100,True,accepted
20260511_090143,201659,nominal,exporter,1111100,True,accepted
20260511_090143,201660,nominal,exporter,0111100,True,accepted
20260511_090143,201661,nominal,exporter,0001110,True,accepted
20260511_090143,201662,nominal,exporter,0000110,True,accepted
20260511_090143,201663,nominal,exporter,0100110,True,accepted
20260511_090143,201664,nominal,exporter,0001000,True,accepted
20260511_090143,201665,nominal,exporter,0101110,True,accepted
20260511_090143,201666,nominal,exporter,1100110,True,accepted
20260511_090143,201667,nominal,exporter,0100100,True,accepted
20260511_090143,201668,nominal,exporter,0001010,True,accepted
20260511_090143,201669,nominal,exporter,1110100,True,accepted
20260511_090143,201670,nominal,exporter,0101110,True,accepted
20260511_090143,201671,nominal,exporter,0000000,True,accepted
20260511_090143,201672,nominal,exporter,0111110,True,accepted
20260511_090143,201673,nominal,exporter,0001110,True,accepted
20260511_090143,201674,nominal,exporter,0000110,True,accepted
20260511_090143,201675,nominal,exporter,0100110,True,accepted
20260511_090143,201676,nominal,exporter,0111100,True,accepted
20260511_090143,201677,nominal,exporter,0000100,True,accepted
20260511_090143,201678,nominal,exporter,0001100,True,accepted
20260511_090143,201679,nominal,exporter,1110110,True,accepted
20260511_090143,201680,nominal,exporter,0001110,True,accepted
20260511_090143,201681,nominal,exporter,0111110,True,accepted
20260511_090143,201682,nominal,exporter,0101100,True,accepted
20260511_090143,201683,nominal,exporter,0000110,True,accepted
20260511_090143,201684,nominal,exporter,0000010,True,accepted
20260511_090143,201685,nominal,exporter,0110110,True,accepted
20260511_090143,201686,nominal,exporter,1111110,True,accepted
20260511_090143,201687,nominal,exporter,0001100,True,accepted
20260511_090143,201688,nominal,exporter,0101100,True,accepted
20260511_090143,201689,nominal,exporter,0001000,True,accepted
20260511_090143,201690,nominal,exporter,0100100,True,accepted
20260511_090143,201691,nominal,exporter,1101100,True,accepted
20260511_090143,201692,nominal,exporter,1101110,True,accepted
20260511_090143,201693,nominal,exporter,0001010,True,accepted
20260511_090143,201694,nominal,exporter,0000010,True,accepted
20260511_090143,201695,nominal,exporter,0110100,True,accepted
20260511_090143,201696,nominal,exporter,1111100,True,accepted
20260511_090143,201697,nominal,exporter,0001100,True,accepted
20260511_090143,201698,nominal,exporter,0000010,True,accepted
20260511_090143,201699,nominal,exporter,0110100,True,accepted
20260511_090143,201700,nominal,exporter,0100110,True,accepted
20260511_090143,201701,nominal,exporter,0000110,True,accepted
20260511_090143,201702,nominal,exporter,0001100,True,accepted
20260511_090143,201703,nominal,exporter,0111100,True,accepted
20260511_090143,201704,nominal,exporter,0000000,True,accepted
20260511_090143,201705,nominal,exporter,0101110,True,accepted
20260511_090143,201706,nominal,exporter,1101100,True,accepted
20260511_090143,201707,nominal,exporter,0001010,True,accepted
20260511_090143,201708,nominal,exporter,0100100,True,accepted
20260511_090143,201709,nominal,exporter,1100110,True,accepted
20260511_090143,201710,nominal,exporter,0101100,True,accepted
20260511_090143,201711,nominal,exporter,0000110,True,accepted
20260511_090143,201712,nominal,exporter,0101110,True,accepted
20260511_090143,201713,nominal,exporter,0000000,True,accepted
20260511_090143,201714,nominal,exporter,0001010,True,accepted
20260511_090143,201715,nominal,exporter,1101110,True,accepted
20260511_090143,201716,nominal,exporter,1100100,True,accepted
20260511_090143,201717,nominal,exporter,0001110,True,accepted
20260511_090143,201718,nominal,exporter,0001000,True,accepted
20260511_090143,201719,nominal,exporter,0101100,True,accepted
20260511_090143,201720,nominal,exporter,0001100,True,accepted
20260511_090143,201721,nominal,exporter,1110110,True,accepted
20260511_090143,201722,nominal,exporter,0110110,True,accepted
20260511_090143,201723,nominal,exporter,0000100,True,accepted
20260511_090143,201724,nominal,exporter,0000100,True,accepted
20260511_090143,201725,nominal,exporter,0100110,True,accepted
20260511_090143,201726,nominal,exporter,0111110,True,accepted
20260511_090143,201727,nominal,exporter,0001110,True,accepted
20260511_090143,201728,nominal,exporter,1100110,True,accepted
20260511_090143,201729,nominal,exporter,0100100,True,accepted
20260511_090143,201730,nominal,exporter,0000110,True,accepted
20260511_090143,201731,nominal,exporter,0101100,True,accepted
20260511_090143,201732,nominal,exporter,0110100,True,accepted
20260511_090143,201733,nominal,exporter,0000000,True,accepted
20260511_090143,201734,nominal,exporter,0001000,True,accepted
20260511_090143,201735,nominal,exporter,1101100,True,accepted
20260511_090143,201736,nominal,exporter,0000110,True,accepted
20260511_090143,201737,nominal,exporter,0100110,True,accepted
20260511_090143,201738,nominal,exporter,0111100,True,accepted
20260511_090143,201739,nominal,exporter,0001100,True,accepted
20260511_090143,201740,nominal,exporter,0001100,True,accepted
20260511_090143,201741,nominal,exporter,1111110,True,accepted
20260511_090143,201742,nominal,exporter,0110110,True,accepted
20260511_090143,201743,nominal,exporter,0000010,True,accepted
20260511_090143,201744,nominal,exporter,0100110,True,accepted
20260511_090143,201745,nominal,exporter,0000100,True,accepted
20260511_090143,201746,nominal,exporter,0001110,True,accepted
20260511_090143,201747,nominal,exporter,0111110,True,accepted
20260511_090143,201748,nominal,exporter,1110110,True,accepted
20260511_090143,201749,nominal,exporter,0001010,True,accepted
20260511_090143,201750,nominal,exporter,0000010,True,accepted
20260511_090143,201751,nominal,exporter,0111100,True,accepted
20260511_090143,201752,nominal,exporter,0001110,True,accepted
20260511_090143,201753,nominal,exporter,1100100,True,accepted
20260511_090143,201754,nominal,exporter,0101110,True,accepted
20260511_090143,201755,nominal,exporter,0001000,True,accepted
20260511_090143,201756,nominal,exporter,0000000,True,accepted
20260511_090143,201757,nominal,exporter,0101110,True,accepted
20260511_090143,201758,nominal,exporter,1101110,True,accepted
20260511_090143,201759,nominal,exporter,0001010,True,accepted
20260511_090143,201760,nominal,exporter,0000100,True,accepted
20260511_090143,201761,nominal,exporter,0111100,True,accepted
20260511_090143,201762,nominal,exporter,1111100,True,accepted
20260511_090143,201763,nominal,exporter,0001100,True,accepted
20260511_090143,201764,nominal,exporter,0001110,True,accepted
20260511_090143,201765,nominal,exporter,1100100,True,accepted
20260511_090143,201766,nominal,exporter,0100110,True,accepted
20260511_090143,201767,nominal,exporter,0000100,True,accepted
20260511_090143,201768,nominal,exporter,1110100,True,accepted
20260511_090143,201769,nominal,exporter,0001010,True,accepted
20260511_090143,201770,nominal,exporter,0000000,True,accepted
20260511_090143,201771,nominal,exporter,0101110,True,accepted
20260511_090143,201772,nominal,exporter,0101110,True,accepted
20260511_090143,201773,nominal,exporter,0001000,True,accepted
20260511_090143,201774,nominal,exporter,0100100,True,accepted
20260511_090143,201775,nominal,exporter,1100110,True,accepted
20260511_090143,201776,nominal,exporter,0001010,True,accepted
20260511_090143,201777,nominal,exporter,1101110,True,accepted
20260511_090143,201778,nominal,exporter,0110100,True,accepted
20260511_090143,201779,nominal,exporter,0000010,True,accepted
20260511_090143,201780,nominal,exporter,0000110,True,accepted
20260511_090143,201781,nominal,exporter,0101100,True,accepted
20260511_090143,201782,nominal,exporter,1101100,True,accepted
20260511_090143,201783,nominal,exporter,0100100,True,accepted
20260511_090143,201784,nominal,exporter,0110110,True,accepted
20260511_090143,201785,nominal,exporter,0000010,True,accepted
20260511_090143,201786,nominal,exporter,0001100,True,accepted
20260511_090143,201787,nominal,exporter,1111110,True,accepted
20260511_090143,201788,nominal,exporter,0111110,True,accepted
20260511_090143,201789,nominal,exporter,0001110,True,accepted
20260511_090143,201790,nominal,exporter,0000110,True,accepted
20260511_090143,201791,nominal,exporter,0101100,True,accepted
20260511_090143,201792,nominal,exporter,0101100,True,accepted
20260511_090143,201793,nominal,exporter,0001000,True,accepted
20260511_090143,201794,nominal,exporter,0001110,True,accepted
20260511_090143,201795,nominal,exporter,1100100,True,accepted
20260511_090143,201796,nominal,exporter,1101110,True,accepted
20260511_090143,201797,nominal,exporter,0001010,True,accepted
20260511_090143,201798,nominal,exporter,0000000,True,accepted
20260511_090143,201799,nominal,exporter,0101110,True,accepted
20260511_090143,201800,nominal,exporter,0001110,True,accepted
20260511_090143,201801,nominal,exporter,0111110,True,accepted
20260511_090143,201802,nominal,exporter,0100110,True,accepted
20260511_090143,201803,nominal,exporter,0000100,True,accepted
20260511_090143,201804,nominal,exporter,0000100,True,accepted
20260511_090143,201805,nominal,exporter,0110110,True,accepted
20260511_090143,201806,nominal,exporter,1110110,True,accepted
20260511_090143,201807,nominal,exporter,0001010,True,accepted
20260511_090143,201808,nominal,exporter,0111100,True,accepted
20260511_090143,201809,nominal,exporter,0001110,True,accepted
20260511_090143,201810,nominal,exporter,0000110,True,accepted
20260511_090143,201811,nominal,exporter,0100110,True,accepted
20260511_090143,201812,nominal,exporter,0110100,True,accepted
20260511_090143,201813,nominal,exporter,0000010,True,accepted
20260511_090143,201814,nominal,exporter,0001100,True,accepted
20260511_090143,201815,nominal,exporter,1111100,True,accepted
20260511_090143,201816,nominal,exporter,0000110,True,accepted
20260511_090143,201817,nominal,exporter,0101100,True,accepted
20260511_090143,201818,nominal,exporter,1100110,True,accepted
20260511_090143,201819,nominal,exporter,0100100,True,accepted
20260511_090143,201820,nominal,exporter,0001010,True,accepted
20260511_090143,201821,nominal,exporter,1101100,True,accepted
20260511_090143,201822,nominal,exporter,0101110,True,accepted
20260511_090143,201823,nominal,exporter,0000000,True,accepted
20260511_090143,201824,nominal,exporter,0001100,True,accepted
20260511_090143,201825,nominal,exporter,1111110,True,accepted
20260511_090143,201826,nominal,exporter,0110110,True,accepted
20260511_090143,201827,nominal,exporter,0000010,True,accepted
20260511_090143,201828,nominal,exporter,0000110,True,accepted
20260511_090143,201829,nominal,exporter,0101100,True,accepted
20260511_090143,201830,nominal,exporter,0111110,True,accepted
20260511_090143,201831,nominal,exporter,0001110,True,accepted
20260511_090143,201832,nominal,exporter,0110100,True,accepted
20260511_090143,201833,nominal,exporter,0000010,True,accepted
20260511_090143,201834,nominal,exporter,0001010,True,accepted
20260511_090143,201835,nominal,exporter,1101110,True,accepted
20260511_090143,201836,nominal,exporter,1101100,True,accepted
20260511_090143,201837,nominal,exporter,0100100,True,accepted
20260511_090143,201838,nominal,exporter,0001000,True,accepted
20260511_090143,201839,nominal,exporter,0101100,True,accepted
20260511_090143,201840,nominal,exporter,0000000,True,accepted
20260511_090143,201841,nominal,exporter,0101110,True,accepted
20260511_090143,201842,nominal,exporter,1110100,True,accepted
20260511_090143,201843,nominal,exporter,0001010,True,accepted
20260511_090143,201844,nominal,exporter,0100100,True,accepted
20260511_090143,201845,nominal,exporter,1100110,True,accepted
20260511_090143,201846,nominal,exporter,0101110,True,accepted
20260511_090143,201847,nominal,exporter,0001000,True,accepted
20260511_090143,201848,nominal,exporter,1110110,True,accepted
20260511_090143,201849,nominal,exporter,0001100,True,accepted
20260511_090143,201850,nominal,exporter,0000100,True,accepted
20260511_090143,201851,nominal,exporter,0111100,True,accepted
20260511_090143,201852,nominal,exporter,0100110,True,accepted
20260511_090143,201853,nominal,exporter,0000110,True,accepted
20260511_090143,201854,nominal,exporter,0001110,True,accepted
20260511_090143,201855,nominal,exporter,0111110,True,accepted
20260511_090143,201856,nominal,exporter,0100100,True,accepted
20260511_090143,201857,nominal,exporter,1101100,True,accepted
20260511_090143,201858,nominal,exporter,0101100,True,accepted
20260511_090143,201859,nominal,exporter,0000110,True,accepted
20260511_090143,201860,nominal,exporter,0000010,True,accepted
20260511_090143,201861,nominal,exporter,0110100,True,accepted
20260511_090143,201862,nominal,exporter,1101110,True,accepted
20260511_090143,201863,nominal,exporter,0001010,True,accepted
20260511_090143,201864,nominal,exporter,0101100,True,accepted
20260511_090143,201865,nominal,exporter,0000110,True,accepted
20260511_090143,201866,nominal,exporter,0001110,True,accepted
20260511_090143,201867,nominal,exporter,0111110,True,accepted
20260511_090143,201868,nominal,exporter,1111110,True,accepted
20260511_090143,201869,nominal,exporter,0001100,True,accepted
20260511_090143,201870,nominal,exporter,0000010,True,accepted
20260511_090143,201871,nominal,exporter,0110110,True,accepted
20260511_090143,201872,nominal,exporter,0000100,True,accepted
20260511_090143,201873,nominal,exporter,0100110,True,accepted
20260511_090143,201874,nominal,exporter,0111110,True,accepted
20260511_090143,201875,nominal,exporter,0001110,True,accepted
20260511_090143,201876,nominal,exporter,0001100,True,accepted
20260511_090143,201877,nominal,exporter,1111100,True,accepted
20260511_090143,201878,nominal,exporter,0111100,True,accepted
20260511_090143,201879,nominal,exporter,0000100,True,accepted
20260511_090143,201880,nominal,exporter,1100110,True,accepted
20260511_090143,201881,nominal,exporter,0001110,True,accepted
20260511_090143,201882,nominal,exporter,0001000,True,accepted
20260511_090143,201883,nominal,exporter,0101110,True,accepted
20260511_090143,201884,nominal,exporter,0101110,True,accepted
20260511_090143,201885,nominal,exporter,0000000,True,accepted
20260511_090143,201886,nominal,exporter,0001010,True,accepted
20260511_090143,201887,nominal,exporter,1110100,True,accepted
20260511_090143,201888,nominal,exporter,0110110,True,accepted
20260511_090143,201889,nominal,exporter,0000010,True,accepted
20260511_090143,201890,nominal,exporter,0001010,True,accepted
20260511_090143,201891,nominal,exporter,1110110,True,accepted
20260511_090143,201892,nominal,exporter,0111110,True,accepted
20260511_090143,201893,nominal,exporter,0001110,True,accepted
20260511_090143,201894,nominal,exporter,0000100,True,accepted
20260511_090143,201895,nominal,exporter,0100110,True,accepted
20260511_090143,201896,nominal,exporter,0001010,True,accepted
20260511_090143,201897,nominal,exporter,1110100,True,accepted
20260511_090143,201898,nominal,exporter,0101110,True,accepted
20260511_090143,201899,nominal,exporter,0000000,True,accepted
20260511_090143,201900,nominal,exporter,0001000,True,accepted
20260511_090143,201901,nominal,exporter,0101110,True,accepted
20260511_090143,201902,nominal,exporter,1100100,True,accepted
20260511_090143,201903,nominal,exporter,0001110,True,accepted
20260511_090143,201904,nominal,exporter,1101100,True,accepted
20260511_090143,201905,nominal,exporter,0001000,True,accepted
20260511_090143,201906,nominal,exporter,0000000,True,accepted
20260511_090143,201907,nominal,exporter,0110100,True,accepted
20260511_090143,201908,nominal,exporter,0101100,True,accepted
20260511_090143,201909,nominal,exporter,0000110,True,accepted
20260511_090143,201910,nominal,exporter,0100100,True,accepted
20260511_090143,201911,nominal,exporter,1100110,True,accepted
20260511_090143,201912,nominal,exporter,0000010,True,accepted
20260511_090143,201913,nominal,exporter,0110110,True,accepted
20260511_090143,201914,nominal,exporter,1111110,True,accepted
20260511_090143,201915,nominal,exporter,0001100,True,accepted
20260511_090143,201916,nominal,exporter,0001100,True,accepted
20260511_090143,201917,nominal,exporter,0111100,True,accepted
20260511_090143,201918,nominal,exporter,0100110,True,accepted
20260511_090143,201919,nominal,exporter,0000110,True,accepted
20260511_090143,201920,nominal,exporter,0101110,True,accepted
20260511_090143,201921,nominal,exporter,0001000,True,accepted
20260511_090143,201922,nominal,exporter,0100100,True,accepted
20260511_090143,201923,nominal,exporter,1100110,True,accepted
20260511_090143,201924,nominal,exporter,1110100,True,accepted
20260511_090143,201925,nominal,exporter,0001010,True,accepted
20260511_090143,201926,nominal,exporter,0000000,True,accepted
20260511_090143,201927,nominal,exporter,0101110,True,accepted
20260511_090143,201928,nominal,exporter,0001110,True,accepted
20260511_090143,201929,nominal,exporter,1100100,True,accepted
20260511_090143,201930,nominal,exporter,0100110,True,accepted
20260511_090143,201931,nominal,exporter,0000100,True,accepted
20260511_090143,201932,nominal,exporter,0000100,True,accepted
20260511_090143,201933,nominal,exporter,0111100,True,accepted
20260511_090143,201934,nominal,exporter,1111100,True,accepted
20260511_090143,201935,nominal,exporter,0001100,True,accepted
20260511_090143,201936,nominal,exporter,0111110,True,accepted
20260511_090143,201937,nominal,exporter,0001110,True,accepted
20260511_090143,201938,nominal,exporter,0000110,True,accepted
20260511_090143,201939,nominal,exporter,0101100,True,accepted
20260511_090143,201940,nominal,exporter,0110110,True,accepted
20260511_090143,201941,nominal,exporter,0000010,True,accepted
20260511_090143,201942,nominal,exporter,0001100,True,accepted
20260511_090143,201943,nominal,exporter,1111110,True,accepted
20260511_090143,201944,nominal,exporter,0001000,True,accepted
20260511_090143,201945,nominal,exporter,0101100,True,accepted
20260511_090143,201946,nominal,exporter,1101100,True,accepted
20260511_090143,201947,nominal,exporter,0100100,True,accepted
20260511_090143,201948,nominal,exporter,0001010,True,accepted
20260511_090143,201949,nominal,exporter,1101110,True,accepted
20260511_090143,201950,nominal,exporter,0110100,True,accepted
20260511_090143,201951,nominal,exporter,0000010,True,accepted
20260511_090143,201952,nominal,exporter,0001100,True,accepted
20260511_090143,201953,nominal,exporter,1111110,True,accepted
20260511_090143,201954,nominal,exporter,0110110,True,accepted
20260511_090143,201955,nominal,exporter,0000010,True,accepted
20260511_090143,201956,nominal,exporter,0000110,True,accepted
20260511_090143,201957,nominal,exporter,0100110,True,accepted
20260511_090143,201958,nominal,exporter,0111100,True,accepted
20260511_090143,201959,nominal,exporter,0001100,True,accepted
20260511_090143,201960,nominal,exporter,0110100,True,accepted
20260511_090143,201961,nominal,exporter,0000000,True,accepted
20260511_090143,201962,nominal,exporter,0001000,True,accepted
20260511_090143,201963,nominal,exporter,1101110,True,accepted
20260511_090143,201964,nominal,exporter,1100110,True,accepted
20260511_090143,201965,nominal,exporter,0100100,True,accepted
20260511_090143,201966,nominal,exporter,0000110,True,accepted
20260511_090143,201967,nominal,exporter,0101100,True,accepted
20260511_090143,201968,nominal,exporter,0000000,True,accepted
20260511_090143,201969,nominal,exporter,0101110,True,accepted
20260511_090143,201970,nominal,exporter,1101110,True,accepted
20260511_090143,201971,nominal,exporter,0001010,True,accepted
20260511_090143,201972,nominal,exporter,0001110,True,accepted
20260511_090143,201973,nominal,exporter,1100100,True,accepted
20260511_090143,201974,nominal,exporter,0101110,True,accepted
20260511_090143,201975,nominal,exporter,0001000,True,accepted
20260511_090143,201976,nominal,exporter,1110110,True,accepted
20260511_090143,201977,nominal,exporter,0001010,True,accepted
20260511_090143,201978,nominal,exporter,0000100,True,accepted
20260511_090143,201979,nominal,exporter,0111100,True,accepted
20260511_090143,201980,nominal,exporter,0100110,True,accepted
20260511_090143,201981,nominal,exporter,0000100,True,accepted
20260511_090143,201982,nominal,exporter,0001110,True,accepted
20260511_090143,201983,nominal,exporter,0111110,True,accepted
20260511_090143,201984,nominal,exporter,0100100,True,accepted
20260511_090143,201985,nominal,exporter,1100110,True,accepted
20260511_090143,201986,nominal,exporter,0101100,True,accepted
20260511_090143,201987,nominal,exporter,0000110,True,accepted
20260511_090143,201988,nominal,exporter,0000010,True,accepted
20260511_090143,201989,nominal,exporter,0110100,True,accepted
20260511_090143,201990,nominal,exporter,1101100,True,accepted
20260511_090143,201991,nominal,exporter,0001000,True,accepted
20260511_090143,201992,nominal,exporter,0100110,True,accepted
20260511_090143,201993,nominal,exporter,0000110,True,accepted
20260511_090143,201994,nominal,exporter,0001110,True,accepted
20260511_090143,201995,nominal,exporter,0111100,True,accepted
20260511_090143,201996,nominal,exporter,1111100,True,accepted
20260511_090143,201997,nominal,exporter,0001100,True,accepted
20260511_090143,201998,nominal,exporter,0000010,True,accepted
20260511_090143,201999,nominal,exporter,0110110,True,accepted
20260511_090143,202000,nominal,exporter,0000100,True,accepted
20260511_090143,202001,nominal,exporter,0100110,True,accepted
20260511_090143,202002,nominal,exporter,0111110,True,accepted
20260511_090143,202003,nominal,exporter,0001110,True,accepted
20260511_090143,202004,nominal,exporter,0001100,True,accepted
20260511_090143,202005,nominal,exporter,1110110,True,accepted
20260511_090143,202006,nominal,exporter,0110110,True,accepted
20260511_090143,202007,nominal,exporter,0000100,True,accepted
20260511_090143,202008,nominal,exporter,1100100,True,accepted
20260511_090143,202009,nominal,exporter,0001110,True,accepted
20260511_090143,202010,nominal,exporter,0001000,True,accepted
20260511_090143,202011,nominal,exporter,0101100,True,accepted
20260511_090143,202012,nominal,exporter,0101110,True,accepted
20260511_090143,202013,nominal,exporter,0000000,True,accepted
20260511_090143,202014,nominal,exporter,0001010,True,accepted
20260511_090143,202015,nominal,exporter,1101110,True,accepted
20260511_090143,202016,nominal,exporter,0111100,True,accepted
20260511_090143,202017,nominal,exporter,0000100,True,accepted
20260511_090143,202018,nominal,exporter,0001100,True,accepted
20260511_090143,202019,nominal,exporter,1111100,True,accepted
20260511_090143,202020,nominal,exporter,0111110,True,accepted
20260511_090143,202021,nominal,exporter,0001110,True,accepted
20260511_090143,202022,nominal,exporter,0000110,True,accepted
20260511_090143,202023,nominal,exporter,0100110,True,accepted
20260511_090143,301024,nominal,processor,,False,conditional_h_C_interval_empty
20260511_090143,301025,nominal,processor,0001011,True,accepted
20260511_090143,301026,nominal,processor,0000011,True,accepted
20260511_090143,301027,nominal,processor,0111100,True,accepted
20260511_090143,301028,nominal,processor,0101101,True,accepted
20260511_090143,301029,nominal,processor,0000111,True,accepted
20260511_090143,301030,nominal,processor,0001110,True,accepted
20260511_090143,301031,nominal,processor,,False,conditional_h_C_interval_empty
20260511_090143,301032,nominal,processor,0000000,True,accepted
20260511_090143,301033,nominal,processor,0101111,True,accepted
20260511_090143,301034,nominal,processor,1110110,True,accepted
20260511_090143,301035,nominal,processor,0001100,True,accepted
20260511_090143,301036,nominal,processor,0100101,True,accepted
20260511_090143,301037,nominal,processor,1100111,True,accepted
20260511_090143,301038,nominal,processor,0101100,True,accepted
20260511_090143,301039,nominal,processor,,False,conditional_h_C_interval_empty
20260511_090143,301040,nominal,processor,,False,conditional_h_C_interval_empty
20260511_090143,301041,nominal,processor,0000010,True,accepted
20260511_090143,301042,nominal,processor,0001100,True,accepted
20260511_090143,301043,nominal,processor,1111111,True,accepted
20260511_090143,301044,nominal,processor,1100110,True,accepted
20260511_090143,301045,nominal,processor,0001111,True,accepted
20260511_090143,301046,nominal,processor,0000101,True,accepted
20260511_090143,301047,nominal,processor,,False,conditional_h_C_interval_empty
20260511_090143,301048,nominal,processor,0001001,True,accepted
20260511_090143,301049,nominal,processor,1101110,True,accepted
20260511_090143,301050,nominal,processor,0110110,True,accepted
20260511_090143,301051,nominal,processor,0000011,True,accepted
20260511_090143,301052,nominal,processor,0001001,True,accepted
20260511_090143,301053,nominal,processor,0101101,True,accepted
20260511_090143,301054,nominal,processor,0111111,True,accepted
20260511_090143,301055,nominal,processor,,False,conditional_h_C_interval_empty
20260511_090143,301056,nominal,processor,,False,conditional_h_C_interval_empty
20260511_090143,301057,nominal,processor,0100110,True,accepted
20260511_090143,301058,nominal,processor,1100100,True,accepted
20260511_090143,301059,nominal,processor,0100100,True,accepted
20260511_090143,301060,nominal,processor,0001101,True,accepted
20260511_090143,301061,nominal,processor,1111110,True,accepted
20260511_090143,301062,nominal,processor,0110101,True,accepted
20260511_090143,301063,nominal,processor,0000001,True,accepted
20260511_090143,301064,nominal,processor,,False,conditional_h_C_interval_empty
20260511_090143,301065,nominal,processor,0001111,True,accepted
20260511_090143,301066,nominal,processor,0001000,True,accepted
20260511_090143,301067,nominal,processor,0101110,True,accepted
20260511_090143,301068,nominal,processor,0110111,True,accepted
20260511_090143,301069,nominal,processor,0000010,True,accepted
20260511_090143,301070,nominal,processor,0001010,True,accepted
20260511_090143,301071,nominal,processor,,False,conditional_h_C_interval_empty
20260511_090143,301072,nominal,processor,,False,conditional_h_C_interval_empty
20260511_090143,301073,nominal,processor,0111110,True,accepted
20260511_090143,301074,nominal,processor,0101100,True,accepted
20260511_090143,301075,nominal,processor,0001000,True,accepted
20260511_090143,301076,nominal,processor,0000100,True,accepted
20260511_090143,301077,nominal,processor,0110111,True,accepted
20260511_090143,301078,nominal,processor,1110100,True,accepted
20260511_090143,301079,nominal,processor,0001010,True,accepted
20260511_090143,301080,nominal,processor,,False,conditional_h_C_interval_empty
20260511_090143,301081,nominal,processor,0000111,True,accepted
20260511_090143,301082,nominal,processor,0100101,True,accepted
20260511_090143,301083,nominal,processor,1101101,True,accepted
20260511_090143,301084,nominal,processor,1110111,True,accepted
20260511_090143,301085,nominal,processor,0001011,True,accepted
20260511_090143,301086,nominal,processor,0000000,True,accepted
20260511_090143,301087,nominal,processor,,False,conditional_h_C_interval_empty
20260511_090143,301088,nominal,processor,,False,conditional_h_C_interval_empty
20260511_090143,301089,nominal,processor,0110110,True,accepted
20260511_090143,301090,nominal,processor,1101101,True,accepted
20260511_090143,301091,nominal,processor,0001010,True,accepted
20260511_090143,301092,nominal,processor,0001111,True,accepted
20260511_090143,301093,nominal,processor,0111111,True,accepted
20260511_090143,301094,nominal,processor,0101110,True,accepted
20260511_090143,301095,nominal,processor,,False,conditional_h_C_interval_empty
20260511_090143,301096,nominal,processor,,False,conditional_h_C_interval_empty
20260511_090143,301097,nominal,processor,0001101,True,accepted
20260511_090143,301098,nominal,processor,0000001,True,accepted
20260511_090143,301099,nominal,processor,0110100,True,accepted
20260511_090143,301100,nominal,processor,0100111,True,accepted
20260511_090143,301101,nominal,processor,0000101,True,accepted
20260511_090143,301102,nominal,processor,0100100,True,accepted
20260511_090143,301103,nominal,processor,,False,conditional_h_C_interval_empty
20260511_090143,301104,nominal,processor,,False,conditional_h_C_interval_empty
20260511_090143,301105,nominal,processor,1111100,True,accepted
20260511_090143,301106,nominal,processor,0101111,True,accepted
20260511_090143,301107,nominal,processor,0000001,True,accepted
20260511_090143,301108,nominal,processor,0000110,True,accepted
20260511_090143,301109,nominal,processor,0100111,True,accepted
20260511_090143,301110,nominal,processor,1101100,True,accepted
20260511_090143,301111,nominal,processor,0100100,True,accepted
20260511_090143,301112,nominal,processor,,False,conditional_h_C_interval_empty
20260511_090143,301113,nominal,processor,0000101,True,accepted
20260511_090143,301114,nominal,processor,0001010,True,accepted
20260511_090143,301115,nominal,processor,1110101,True,accepted
20260511_090143,301116,nominal,processor,0111110,True,accepted
20260511_090143,301117,nominal,processor,0001101,True,accepted
20260511_090143,301118,nominal,processor,0000111,True,accepted
20260511_090143,301119,nominal,processor,,False,conditional_h_C_interval_empty
20260511_090143,301120,nominal,processor,,False,conditional_h_C_interval_empty
20260511_090143,301121,nominal,processor,0100101,True,accepted
20260511_090143,301122,nominal,processor,0000110,True,accepted
20260511_090143,301123,nominal,processor,0101100,True,accepted
20260511_090143,301124,nominal,processor,0101111,True,accepted
20260511_090143,301125,nominal,processor,0000000,True,accepted
20260511_090143,301126,nominal,processor,0001100,True,accepted
20260511_090143,301127,nominal,processor,,False,conditional_h_C_interval_empty
20260511_090143,301128,nominal,processor,0000111,True,accepted
20260511_090143,301129,nominal,processor,0101101,True,accepted
20260511_090143,301130,nominal,processor,0111101,True,accepted
20260511_090143,301131,nominal,processor,0001110,True,accepted
20260511_090143,301132,nominal,processor,0001011,True,accepted
20260511_090143,301133,nominal,processor,1101111,True,accepted
20260511_090143,301134,nominal,processor,0111100,True,accepted
20260511_090143,301135,nominal,processor,0000100,True,accepted
20260511_090143,301136,nominal,processor,,False,conditional_h_C_interval_empty
20260511_090143,301137,nominal,processor,0001001,True,accepted
20260511_090143,301138,nominal,processor,0001111,True,accepted
20260511_090143,301139,nominal,processor,1100100,True,accepted
20260511_090143,301140,nominal,processor,1101110,True,accepted
20260511_090143,301141,nominal,processor,0001001,True,accepted
20260511_090143,301142,nominal,processor,0000011,True,accepted
20260511_090143,301143,nominal,processor,,False,conditional_h_C_interval_empty
20260511_090143,301144,nominal,processor,0001111,True,accepted
20260511_090143,301145,nominal,processor,1100110,True,accepted
20260511_090143,301146,nominal,processor,0100110,True,accepted
20260511_090143,301147,nominal,processor,0000110,True,accepted
20260511_090143,301148,nominal,processor,0000010,True,accepted
20260511_090143,301149,nominal,processor,0110100,True,accepted
20260511_090143,301150,nominal,processor,1111110,True,accepted
20260511_090143,301151,nominal,processor,,False,conditional_h_C_interval_empty
20260511_090143,301152,nominal,processor,,False,conditional_h_C_interval_empty
20260511_090143,301153,nominal,processor,0001011,True,accepted
20260511_090143,301154,nominal,processor,0000100,True,accepted
20260511_090143,301155,nominal,processor,0111100,True,accepted
20260511_090143,301156,nominal,processor,0101100,True,accepted
20260511_090143,301157,nominal,processor,0001000,True,accepted
20260511_090143,301158,nominal,processor,0001101,True,accepted
20260511_090143,301159,nominal,processor,,False,conditional_h_C_interval_empty
20260511_090143,301160,nominal,processor,0000001,True,accepted
20260511_090143,301161,nominal,processor,0101111,True,accepted
20260511_090143,301162,nominal,processor,1111101,True,accepted
20260511_090143,301163,nominal,processor,0001100,True,accepted
20260511_090143,301164,nominal,processor,0100100,True,accepted
20260511_090143,301165,nominal,processor,1101100,True,accepted
20260511_090143,301166,nominal,processor,0100111,True,accepted
20260511_090143,301167,nominal,processor,,False,conditional_h_C_interval_empty
20260511_090143,301168,nominal,processor,,False,conditional_h_C_interval_empty
20260511_090143,301169,nominal,processor,0000001,True,accepted
20260511_090143,301170,nominal,processor,0001101,True,accepted
20260511_090143,301171,nominal,processor,1111101,True,accepted
20260511_090143,301172,nominal,processor,1100101,True,accepted
20260511_090143,301173,nominal,processor,0100100,True,accepted
20260511_090143,301174,nominal,processor,0000101,True,accepted
20260511_090143,301175,nominal,processor,,False,conditional_h_C_interval_empty
20260511_090143,301176,nominal,processor,0001010,True,accepted
20260511_090143,301177,nominal,processor,1101101,True,accepted
20260511_090143,301178,nominal,processor,0110110,True,accepted
20260511_090143,301179,nominal,processor,0000010,True,accepted
20260511_090143,301180,nominal,processor,0001000,True,accepted
20260511_090143,301181,nominal,processor,0101110,True,accepted
20260511_090143,301182,nominal,processor,0111111,True,accepted
20260511_090143,301183,nominal,processor,,False,conditional_h_C_interval_empty
20260511_090143,301184,nominal,processor,,False,conditional_h_C_interval_empty
20260511_090143,301185,nominal,processor,0100110,True,accepted
20260511_090143,301186,nominal,processor,1100110,True,accepted
20260511_090143,301187,nominal,processor,0001111,True,accepted
20260511_090143,301188,nominal,processor,0001100,True,accepted
20260511_090143,301189,nominal,processor,1111111,True,accepted
20260511_090143,301190,nominal,processor,0101111,True,accepted
20260511_090143,301191,nominal,processor,0000010,True,accepted
20260511_090143,301192,nominal,processor,1100100,True,accepted
20260511_090143,301193,nominal,processor,0001110,True,accepted
20260511_090143,301194,nominal,processor,0001001,True,accepted
20260511_090143,301195,nominal,processor,0101110,True,accepted
20260511_090143,301196,nominal,processor,0110101,True,accepted
20260511_090143,301197,nominal,processor,0000011,True,accepted
20260511_090143,301198,nominal,processor,0001001,True,accepted
20260511_090143,301199,nominal,processor,,False,conditional_h_C_interval_empty
20260511_090143,301200,nominal,processor,,False,conditional_h_C_interval_empty
20260511_090143,301201,nominal,processor,0111101,True,accepted
20260511_090143,301202,nominal,processor,0101101,True,accepted
20260511_090143,301203,nominal,processor,0000111,True,accepted
20260511_090143,301204,nominal,processor,0000100,True,accepted
20260511_090143,301205,nominal,processor,0111101,True,accepted
20260511_090143,301206,nominal,processor,1101111,True,accepted
20260511_090143,301207,nominal,processor,0001011,True,accepted
20260511_090143,301208,nominal,processor,,False,conditional_h_C_interval_empty
20260511_090143,301209,nominal,processor,0000110,True,accepted
20260511_090143,301210,nominal,processor,0100101,True,accepted
20260511_090143,301211,nominal,processor,1100111,True,accepted
20260511_090143,301212,nominal,processor,1110110,True,accepted
20260511_090143,301213,nominal,processor,0001100,True,accepted
20260511_090143,301214,nominal,processor,0000000,True,accepted
20260511_090143,301215,nominal,processor,,False,conditional_h_C_interval_empty
20260511_090143,301216,nominal,processor,,False,conditional_h_C_interval_empty
20260511_090143,301217,nominal,processor,0110110,True,accepted
20260511_090143,301218,nominal,processor,1101110,True,accepted
20260511_090143,301219,nominal,processor,0001010,True,accepted
20260511_090143,301220,nominal,processor,0001110,True,accepted
20260511_090143,301221,nominal,processor,0111111,True,accepted
20260511_090143,301222,nominal,processor,0101101,True,accepted
20260511_090143,301223,nominal,processor,0001001,True,accepted
20260511_090143,301224,nominal,processor,,False,conditional_h_C_interval_empty
20260511_090143,301225,nominal,processor,0001101,True,accepted
20260511_090143,301226,nominal,processor,0000010,True,accepted
20260511_090143,301227,nominal,processor,0110100,True,accepted
20260511_090143,301228,nominal,processor,0100110,True,accepted
20260511_090143,301229,nominal,processor,0000101,True,accepted
20260511_090143,301230,nominal,processor,0001111,True,accepted
20260511_090143,301231,nominal,processor,,False,conditional_h_C_interval_empty
20260511_090143,301232,nominal,processor,0001100,True,accepted
20260511_090143,301233,nominal,processor,1110110,True,accepted
20260511_090143,301234,nominal,processor,0101111,True,accepted
20260511_090143,301235,nominal,processor,0000000,True,accepted
20260511_090143,301236,nominal,processor,0000110,True,accepted
20260511_090143,301237,nominal,processor,0101100,True,accepted
20260511_090143,301238,nominal,processor,1100111,True,accepted
20260511_090143,301239,nominal,processor,0100101,True,accepted
20260511_090143,301240,nominal,processor,,False,conditional_h_C_interval_empty
20260511_090143,301241,nominal,processor,0000100,True,accepted
20260511_090143,301242,nominal,processor,0001011,True,accepted
20260511_090143,301243,nominal,processor,1101111,True,accepted
20260511_090143,301244,nominal,processor,0111101,True,accepted
20260511_090143,301245,nominal,processor,0001110,True,accepted
20260511_090143,301246,nominal,processor,0000111,True,accepted
20260511_090143,301247,nominal,processor,,False,conditional_h_C_interval_empty
20260511_090143,301248,nominal,processor,,False,conditional_h_C_interval_empty
20260511_090143,301249,nominal,processor,0100101,True,accepted
20260511_090143,301250,nominal,processor,0000111,True,accepted
20260511_090143,301251,nominal,processor,0100111,True,accepted
20260511_090143,301252,nominal,processor,0101110,True,accepted
20260511_090143,301253,nominal,processor,0000000,True,accepted
20260511_090143,301254,nominal,processor,0001011,True,accepted
20260511_090143,301255,nominal,processor,,False,conditional_h_C_interval_empty
20260511_090143,301256,nominal,processor,0001000,True,accepted
20260511_090143,301257,nominal,processor,0101100,True,accepted
20260511_090143,301258,nominal,processor,0111110,True,accepted
20260511_090143,301259,nominal,processor,0001101,True,accepted
20260511_090143,301260,nominal,processor,0001010,True,accepted
20260511_090143,301261,nominal,processor,1110100,True,accepted
20260511_090143,301262,nominal,processor,0110111,True,accepted
20260511_090143,301263,nominal,processor,,False,conditional_h_C_interval_empty
20260511_090143,301264,nominal,processor,,False,conditional_h_C_interval_empty
20260511_090143,301265,nominal,processor,0001000,True,accepted
20260511_090143,301266,nominal,processor,0001111,True,accepted
20260511_090143,301267,nominal,processor,0111111,True,accepted
20260511_090143,301268,nominal,processor,1101101,True,accepted
20260511_090143,301269,nominal,processor,0001010,True,accepted
20260511_090143,301270,nominal,processor,0000011,True,accepted
20260511_090143,301271,nominal,processor,0110111,True,accepted
20260511_090143,301272,nominal,processor,,False,conditional_h_C_interval_empty
20260511_090143,301273,nominal,processor,1100100,True,accepted
20260511_090143,301274,nominal,processor,0100110,True,accepted
20260511_090143,301275,nominal,processor,0000101,True,accepted
20260511_090143,301276,nominal,processor,0000001,True,accepted
20260511_090143,301277,nominal,processor,0110101,True,accepted
20260511_090143,301278,nominal,processor,1111110,True,accepted
20260511_090143,301279,nominal,processor,,False,conditional_h_C_interval_empty
20260511_090143,301280,nominal,processor,,False,conditional_h_C_interval_empty
20260511_090143,301281,nominal,processor,1101111,True,accepted
20260511_090143,301282,nominal,processor,0111101,True,accepted
20260511_090143,301283,nominal,processor,0000100,True,accepted
20260511_090143,301284,nominal,processor,0000111,True,accepted
20260511_090143,301285,nominal,processor,0101101,True,accepted
20260511_090143,301286,nominal,processor,0111101,True,accepted
20260511_090143,301287,nominal,processor,,False,conditional_h_C_interval_empty
20260511_090143,301288,nominal,processor,,False,conditional_h_C_interval_empty
20260511_090143,301289,nominal,processor,0000000,True,accepted
20260511_090143,301290,nominal,processor,0001100,True,accepted
20260511_090143,301291,nominal,processor,1110111,True,accepted
20260511_090143,301292,nominal,processor,1100111,True,accepted
20260511_090143,301293,nominal,processor,0100101,True,accepted
20260511_090143,301294,nominal,processor,0000110,True,accepted
20260511_090143,301295,nominal,processor,,False,conditional_h_C_interval_empty
20260511_090143,301296,nominal,processor,0000010,True,accepted
20260511_090143,301297,nominal,processor,0101111,True,accepted
20260511_090143,301298,nominal,processor,1111110,True,accepted
20260511_090143,301299,nominal,processor,0001100,True,accepted
20260511_090143,301300,nominal,processor,0001111,True,accepted
20260511_090143,301301,nominal,processor,1100110,True,accepted
20260511_090143,301302,nominal,processor,0100110,True,accepted
20260511_090143,301303,nominal,processor,0000110,True,accepted
20260511_090143,301304,nominal,processor,,False,conditional_h_C_interval_empty
20260511_090143,301305,nominal,processor,0001001,True,accepted
20260511_090143,301306,nominal,processor,0000011,True,accepted
20260511_090143,301307,nominal,processor,0110101,True,accepted
20260511_090143,301308,nominal,processor,0101110,True,accepted
20260511_090143,301309,nominal,processor,0001001,True,accepted
20260511_090143,301310,nominal,processor,0001110,True,accepted
20260511_090143,301311,nominal,processor,,False,conditional_h_C_interval_empty
20260511_090143,301312,nominal,processor,,False,conditional_h_C_interval_empty
20260511_090143,301313,nominal,processor,0000101,True,accepted
20260511_090143,301314,nominal,processor,0100100,True,accepted
20260511_090143,301315,nominal,processor,1100101,True,accepted
20260511_090143,301316,nominal,processor,1111101,True,accepted
20260511_090143,301317,nominal,processor,0001101,True,accepted
20260511_090143,301318,nominal,processor,0000001,True,accepted
20260511_090143,301319,nominal,processor,,False,conditional_h_C_interval_empty
20260511_090143,301320,nominal,processor,0001111,True,accepted
20260511_090143,301321,nominal,processor,0111111,True,accepted
20260511_090143,301322,nominal,processor,0101110,True,accepted
20260511_090143,301323,nominal,processor,0001000,True,accepted
20260511_090143,301324,nominal,processor,0000010,True,accepted
20260511_090143,301325,nominal,processor,0110110,True,accepted
20260511_090143,301326,nominal,processor,1101101,True,accepted
20260511_090143,301327,nominal,processor,,False,conditional_h_C_interval_empty
20260511_090143,301328,nominal,processor,,False,conditional_h_C_interval_empty
20260511_090143,301329,nominal,processor,0001101,True,accepted
20260511_090143,301330,nominal,processor,0001000,True,accepted
20260511_090143,301331,nominal,processor,0101100,True,accepted
20260511_090143,301332,nominal,processor,0111100,True,accepted
20260511_090143,301333,nominal,processor,0000100,True,accepted
20260511_090143,301334,nominal,processor,0001011,True,accepted
20260511_090143,301335,nominal,processor,1110101,True,accepted
20260511_090143,301336,nominal,processor,0000110,True,accepted
20260511_090143,301337,nominal,processor,0100111,True,accepted
20260511_090143,301338,nominal,processor,1101100,True,accepted
20260511_090143,301339,nominal,processor,0100100,True,accepted
20260511_090143,301340,nominal,processor,0001100,True,accepted
20260511_090143,301341,nominal,processor,1111100,True,accepted
20260511_090143,301342,nominal,processor,0101111,True,accepted
20260511_090143,301343,nominal,processor,0000001,True,accepted
20260511_090143,301344,nominal,processor,,False,conditional_h_C_interval_empty
20260511_090143,301345,nominal,processor,0000011,True,accepted
20260511_090143,301346,nominal,processor,0001010,True,accepted
20260511_090143,301347,nominal,processor,1101101,True,accepted
20260511_090143,301348,nominal,processor,0111111,True,accepted
20260511_090143,301349,nominal,processor,0001111,True,accepted
20260511_090143,301350,nominal,processor,0001000,True,accepted
20260511_090143,301351,nominal,processor,,False,conditional_h_C_interval_empty
20260511_090143,301352,nominal,processor,0001101,True,accepted
20260511_090143,301353,nominal,processor,1111110,True,accepted
20260511_090143,301354,nominal,processor,0110101,True,accepted
20260511_090143,301355,nominal,processor,0000010,True,accepted
20260511_090143,301356,nominal,processor,0000101,True,accepted
20260511_090143,301357,nominal,processor,0100110,True,accepted
20260511_090143,301358,nominal,processor,1100100,True,accepted
20260511_090143,301359,nominal,processor,,False,conditional_h_C_interval_empty
20260511_090143,301360,nominal,processor,,False,conditional_h_C_interval_empty
20260511_090143,301361,nominal,processor,0001011,True,accepted
20260511_090143,301362,nominal,processor,0000000,True,accepted
20260511_090143,301363,nominal,processor,0101110,True,accepted
20260511_090143,301364,nominal,processor,0100111,True,accepted
20260511_090143,301365,nominal,processor,0000111,True,accepted
20260511_090143,301366,nominal,processor,0100100,True,accepted
20260511_090143,301367,nominal,processor,,False,conditional_h_C_interval_empty
20260511_090143,301368,nominal,processor,0000100,True,accepted
20260511_090143,301369,nominal,processor,0110111,True,accepted
20260511_090143,301370,nominal,processor,1110101,True,accepted
20260511_090143,301371,nominal,processor,0001010,True,accepted
20260511_090143,301372,nominal,processor,0001110,True,accepted
20260511_090143,301373,nominal,processor,0111110,True,accepted
20260511_090143,301374,nominal,processor,0101101,True,accepted
20260511_090143,301375,nominal,processor,,False,conditional_h_C_interval_empty
20260511_090143,301376,nominal,processor,,False,conditional_h_C_interval_empty
20260511_090143,301377,nominal,processor,1100111,True,accepted
20260511_090143,301378,nominal,processor,0101100,True,accepted
20260511_090143,301379,nominal,processor,0000110,True,accepted
20260511_090143,301380,nominal,processor,0000000,True,accepted
20260511_090143,301381,nominal,processor,0101111,True,accepted
20260511_090143,301382,nominal,processor,1110110,True,accepted
20260511_090143,301383,nominal,processor,0001100,True,accepted
20260511_090143,301384,nominal,processor,,False,conditional_h_C_interval_empty
20260511_090143,301385,nominal,processor,0000111,True,accepted
20260511_090143,301386,nominal,processor,0001110,True,accepted
20260511_090143,301387,nominal,processor,0111101,True,accepted
20260511_090143,301388,nominal,processor,1101111,True,accepted
20260511_090143,301389,nominal,processor,0001011,True,accepted
20260511_090143,301390,nominal,processor,0000100,True,accepted
20260511_090143,301391,nominal,processor,,False,conditional_h_C_interval_empty
20260511_090143,301392,nominal,processor,,False,conditional_h_C_interval_empty
20260511_090143,301393,nominal,processor,0101101,True,accepted
20260511_090143,301394,nominal,processor,0111111,True,accepted
20260511_090143,301395,nominal,processor,0001110,True,accepted
20260511_090143,301396,nominal,processor,0001010,True,accepted
20260511_090143,301397,nominal,processor,1101111,True,accepted
20260511_090143,301398,nominal,processor,0110110,True,accepted
20260511_090143,301399,nominal,processor,0000011,True,accepted
20260511_090143,301400,nominal,processor,,False,conditional_h_C_interval_empty
20260511_090143,301401,nominal,processor,0001111,True,accepted
20260511_090143,301402,nominal,processor,0000101,True,accepted
20260511_090143,301403,nominal,processor,0100110,True,accepted
20260511_090143,301404,nominal,processor,0110100,True,accepted
20260511_090143,301405,nominal,processor,0000010,True,accepted
20260511_090143,301406,nominal,processor,0001101,True,accepted
20260511_090143,301407,nominal,processor,,False,conditional_h_C_interval_empty
20260511_090143,301408,nominal,processor,,False,conditional_h_C_interval_empty
20260511_090143,301409,nominal,processor,1110100,True,accepted
20260511_090143,301410,nominal,processor,0110111,True,accepted
20260511_090143,301411,nominal,processor,0000100,True,accepted
20260511_090143,301412,nominal,processor,0001000,True,accepted
20260511_090143,301413,nominal,processor,0101100,True,accepted
20260511_090143,301414,nominal,processor,0111110,True,accepted
20260511_090143,301415,nominal,processor,,False,conditional_h_C_interval_empty
20260511_090143,301416,nominal,processor,,False,conditional_h_C_interval_empty
20260511_090143,301417,nominal,processor,0000000,True,accepted
20260511_090143,301418,nominal,processor,0001011,True,accepted
20260511_090143,301419,nominal,processor,1111100,True,accepted
20260511_090143,301420,nominal,processor,1101100,True,accepted
20260511_090143,301421,nominal,processor,0100101,True,accepted
20260511_090143,301422,nominal,processor,0000111,True,accepted
20260511_090143,301423,nominal,processor,,False,conditional_h_C_interval_empty
20260511_090143,301424,nominal,processor,,False,conditional_h_C_interval_empty
20260511_090143,301425,nominal,processor,0110101,True,accepted
20260511_090143,301426,nominal,processor,1111110,True,accepted
20260511_090143,301427,nominal,processor,0001101,True,accepted
20260511_090143,301428,nominal,processor,0001111,True,accepted
20260511_090143,301429,nominal,processor,1100100,True,accepted
20260511_090143,301430,nominal,processor,0100110,True,accepted
20260511_090143,301431,nominal,processor,0000101,True,accepted
20260511_090143,301432,nominal,processor,,False,conditional_h_C_interval_empty
20260511_090143,301433,nominal,processor,0001010,True,accepted
20260511_090143,301434,nominal,processor,0000011,True,accepted
20260511_090143,301435,nominal,processor,0110111,True,accepted
20260511_090143,301436,nominal,processor,0101110,True,accepted
20260511_090143,301437,nominal,processor,0001000,True,accepted
20260511_090143,301438,nominal,processor,0001111,True,accepted
20260511_090143,301439,nominal,processor,,False,conditional_h_C_interval_empty
20260511_090143,301440,nominal,processor,,False,conditional_h_C_interval_empty
20260511_090143,301441,nominal,processor,0000101,True,accepted
20260511_090143,301442,nominal,processor,0001111,True,accepted
20260511_090143,301443,nominal,processor,1100110,True,accepted
20260511_090143,301444,nominal,processor,1111111,True,accepted
20260511_090143,301445,nominal,processor,0001100,True,accepted
20260511_090143,301446,nominal,processor,0000010,True,accepted
20260511_090143,301447,nominal,processor,,False,conditional_h_C_interval_empty
20260511_090143,301448,nominal,processor,0001110,True,accepted
20260511_090143,301449,nominal,processor,0111111,True,accepted
20260511_090143,301450,nominal,processor,0101101,True,accepted
20260511_090143,301451,nominal,processor,0001001,True,accepted
20260511_090143,301452,nominal,processor,0000011,True,accepted
20260511_090143,301453,nominal,processor,0110110,True,accepted
20260511_090143,301454,nominal,processor,1101110,True,accepted
20260511_090143,301455,nominal,processor,,False,conditional_h_C_interval_empty
20260511_090143,301456,nominal,processor,,False,conditional_h_C_interval_empty
20260511_090143,301457,nominal,processor,0001110,True,accepted
20260511_090143,301458,nominal,processor,0000111,True,accepted
20260511_090143,301459,nominal,processor,0101101,True,accepted
20260511_090143,301460,nominal,processor,0111100,True,accepted
20260511_090143,301461,nominal,processor,0000100,True,accepted
20260511_090143,301462,nominal,processor,0001011,True,accepted
20260511_090143,301463,nominal,processor,,False,conditional_h_C_interval_empty
20260511_090143,301464,nominal,processor,0000110,True,accepted
20260511_090143,301465,nominal,processor,0101100,True,accepted
20260511_090143,301466,nominal,processor,1100111,True,accepted
20260511_090143,301467,nominal,processor,0100101,True,accepted
20260511_090143,301468,nominal,processor,0001100,True,accepted
20260511_090143,301469,nominal,processor,1110110,True,accepted
20260511_090143,301470,nominal,processor,0101111,True,accepted
20260511_090143,301471,nominal,processor,,False,conditional_h_C_interval_empty
20260511_090143,301472,nominal,processor,,False,conditional_h_C_interval_empty
20260511_090143,301473,nominal,processor,0000011,True,accepted
20260511_090143,301474,nominal,processor,0001001,True,accepted
20260511_090143,301475,nominal,processor,1101110,True,accepted
20260511_090143,301476,nominal,processor,1100100,True,accepted
20260511_090143,301477,nominal,processor,0001110,True,accepted
20260511_090143,301478,nominal,processor,0001001,True,accepted
20260511_090143,301479,nominal,processor,,False,conditional_h_C_interval_empty
20260511_090143,301480,nominal,processor,0001100,True,accepted
20260511_090143,301481,nominal,processor,1111110,True,accepted
20260511_090143,301482,nominal,processor,0101111,True,accepted
20260511_090143,301483,nominal,processor,0000010,True,accepted
20260511_090143,301484,nominal,processor,0000110,True,accepted
20260511_090143,301485,nominal,processor,0100110,True,accepted
20260511_090143,301486,nominal,processor,1100110,True,accepted
20260511_090143,301487,nominal,processor,,False,conditional_h_C_interval_empty
20260511_090143,301488,nominal,processor,,False,conditional_h_C_interval_empty
20260511_090143,301489,nominal,processor,0001100,True,accepted
20260511_090143,301490,nominal,processor,0000000,True,accepted
20260511_090143,301491,nominal,processor,0101111,True,accepted
20260511_090143,301492,nominal,processor,0101100,True,accepted
20260511_090143,301493,nominal,processor,0000110,True,accepted
20260511_090143,301494,nominal,processor,0100101,True,accepted
20260511_090143,301495,nominal,processor,1100111,True,accepted
20260511_090143,301496,nominal,processor,0000100,True,accepted
20260511_090143,301497,nominal,processor,0111100,True,accepted
20260511_090143,301498,nominal,processor,1101111,True,accepted
20260511_090143,301499,nominal,processor,0001011,True,accepted
20260511_090143,301500,nominal,processor,0001110,True,accepted
20260511_090143,301501,nominal,processor,0111101,True,accepted
20260511_090143,301502,nominal,processor,0101101,True,accepted
20260511_090143,301503,nominal,processor,,False,conditional_h_C_interval_empty
20260511_090143,301504,nominal,processor,,False,conditional_h_C_interval_empty
20260511_090143,301505,nominal,processor,1101100,True,accepted
20260511_090143,301506,nominal,processor,0100111,True,accepted
20260511_090143,301507,nominal,processor,0000110,True,accepted
20260511_090143,301508,nominal,processor,0000001,True,accepted
20260511_090143,301509,nominal,processor,0101111,True,accepted
20260511_090143,301510,nominal,processor,1111100,True,accepted
20260511_090143,301511,nominal,processor,0001011,True,accepted
20260511_090143,301512,nominal,processor,,False,conditional_h_C_interval_empty
20260511_090143,301513,nominal,processor,0000111,True,accepted
20260511_090143,301514,nominal,processor,0001101,True,accepted
20260511_090143,301515,nominal,processor,0111110,True,accepted
20260511_090143,301516,nominal,processor,1110101,True,accepted
20260511_090143,301517,nominal,processor,0001010,True,accepted
20260511_090143,301518,nominal,processor,0000100,True,accepted
20260511_090143,301519,nominal,processor,,False,conditional_h_C_interval_empty
20260511_090143,301520,nominal,processor,,False,conditional_h_C_interval_empty
20260511_090143,301521,nominal,processor,0101110,True,accepted
20260511_090143,301522,nominal,processor,0111111,True,accepted
20260511_090143,301523,nominal,processor,0001111,True,accepted
20260511_090143,301524,nominal,processor,0001010,True,accepted
20260511_090143,301525,nominal,processor,1101101,True,accepted
20260511_090143,301526,nominal,processor,0110110,True,accepted
20260511_090143,301527,nominal,processor,0000010,True,accepted
20260511_090143,301528,nominal,processor,,False,conditional_h_C_interval_empty
20260511_090143,301529,nominal,processor,0100100,True,accepted
20260511_090143,301530,nominal,processor,0000101,True,accepted
20260511_090143,301531,nominal,processor,0100111,True,accepted
20260511_090143,301532,nominal,processor,0110100,True,accepted
20260511_090143,301533,nominal,processor,0000001,True,accepted
20260511_090143,301534,nominal,processor,0001101,True,accepted
20260511_090143,301535,nominal,processor,,False,conditional_h_C_interval_empty
20260511_090143,301536,nominal,processor,,False,conditional_h_C_interval_empty
20260511_090143,301537,nominal,processor,0000100,True,accepted
20260511_090143,301538,nominal,processor,0001011,True,accepted
20260511_090143,301539,nominal,processor,1101111,True,accepted
20260511_090143,301540,nominal,processor,0111101,True,accepted
20260511_090143,301541,nominal,processor,0001110,True,accepted
20260511_090143,301542,nominal,processor,0000111,True,accepted
20260511_090143,301543,nominal,processor,,False,conditional_h_C_interval_empty
20260511_090143,301544,nominal,processor,0001100,True,accepted
20260511_090143,301545,nominal,processor,1110111,True,accepted
20260511_090143,301546,nominal,processor,0101111,True,accepted
20260511_090143,301547,nominal,processor,0000000,True,accepted
20260511_090143,301548,nominal,processor,0000110,True,accepted
20260511_090143,301549,nominal,processor,0101100,True,accepted
20260511_090143,301550,nominal,processor,1100110,True,accepted
20260511_090143,301551,nominal,processor,,False,conditional_h_C_interval_empty
20260511_090143,301552,nominal,processor,,False,conditional_h_C_interval_empty
20260511_090143,301553,nominal,processor,0001100,True,accepted
20260511_090143,301554,nominal,processor,0000010,True,accepted
20260511_090143,301555,nominal,processor,0110100,True,accepted
20260511_090143,301556,nominal,processor,0100110,True,accepted
20260511_090143,301557,nominal,processor,0000110,True,accepted
20260511_090143,301558,nominal,processor,0001111,True,accepted
20260511_090143,301559,nominal,processor,1100110,True,accepted
20260511_090143,301560,nominal,processor,,False,conditional_h_C_interval_empty
20260511_090143,301561,nominal,processor,0110101,False,no_active_currency
20260511_090143,301562,nominal,processor,1101110,True,accepted
20260511_090143,301563,nominal,processor,0001001,True,accepted
20260511_090143,301564,nominal,processor,0001110,True,accepted
20260511_090143,301565,nominal,processor,1100100,True,accepted
20260511_090143,301566,nominal,processor,0101110,True,accepted
20260511_090143,301567,nominal,processor,,False,conditional_h_C_interval_empty
20260511_090143,301568,nominal,processor,,False,conditional_h_C_interval_empty
20260511_090143,301569,nominal,processor,1100101,True,accepted
20260511_090143,301570,nominal,processor,0100111,True,accepted
20260511_090143,301571,nominal,processor,0000101,True,accepted
20260511_090143,301572,nominal,processor,0000001,True,accepted
20260511_090143,301573,nominal,processor,0110100,True,accepted
20260511_090143,301574,nominal,processor,1111101,True,accepted
20260511_090143,301575,nominal,processor,,False,conditional_h_C_interval_empty
20260511_090143,301576,nominal,processor,0101110,True,accepted
20260511_090143,301577,nominal,processor,0001000,True,accepted
20260511_090143,301578,nominal,processor,0001111,True,accepted
20260511_090143,301579,nominal,processor,0111111,True,accepted
20260511_090143,301580,nominal,processor,1101101,True,accepted
20260511_090143,301581,nominal,processor,0001010,True,accepted
20260511_090143,301582,nominal,processor,0000010,True,accepted
20260511_090143,301583,nominal,processor,,False,conditional_h_C_interval_empty
20260511_090143,301584,nominal,processor,,False,conditional_h_C_interval_empty
20260511_090143,301585,nominal,processor,0101100,True,accepted
20260511_090143,301586,nominal,processor,0111110,True,accepted
20260511_090143,301587,nominal,processor,0001101,True,accepted
20260511_090143,301588,nominal,processor,0001010,True,accepted
20260511_090143,301589,nominal,processor,1110101,True,accepted
20260511_090143,301590,nominal,processor,0111100,True,accepted
20260511_090143,301591,nominal,processor,,False,conditional_h_C_interval_empty
20260511_090143,301592,nominal,processor,1101100,True,accepted
20260511_090143,301593,nominal,processor,0100100,True,accepted
20260511_090143,301594,nominal,processor,0000110,True,accepted
20260511_090143,301595,nominal,processor,0100111,True,accepted
20260511_090143,301596,nominal,processor,,False,conditional_h_C_interval_empty
20260511_090143,301597,nominal,processor,0000001,True,accepted
20260511_090143,301598,nominal,processor,0001100,True,accepted
20260511_090143,301599,nominal,processor,,False,conditional_h_C_interval_empty
20260511_090143,301600,nominal,processor,,False,conditional_h_C_interval_empty
20260511_090143,301601,nominal,processor,1101101,True,accepted
20260511_090143,301602,nominal,processor,0110111,True,accepted
20260511_090143,301603,nominal,processor,0000011,True,accepted
20260511_090143,301604,nominal,processor,0001000,True,accepted
20260511_090143,301605,nominal,processor,0101110,True,accepted
20260511_090143,301606,nominal,processor,0111110,True,accepted
20260511_090143,301607,nominal,processor,,False,conditional_h_C_interval_empty
20260511_090143,301608,nominal,processor,0110101,True,accepted
20260511_090143,301609,nominal,processor,0000001,True,accepted
20260511_090143,301610,nominal,processor,0001101,True,accepted
20260511_090143,301611,nominal,processor,1111110,True,accepted
20260511_090143,301612,nominal,processor,1100100,True,accepted
20260511_090143,301613,nominal,processor,0100100,True,accepted
20260511_090143,301614,nominal,processor,0000101,True,accepted
20260511_090143,301615,nominal,processor,,False,conditional_h_C_interval_empty
20260511_090143,301616,nominal,processor,,False,conditional_h_C_interval_empty
20260511_090143,301617,nominal,processor,0101110,True,accepted
20260511_090143,301618,nominal,processor,1110111,True,accepted
20260511_090143,301619,nominal,processor,0001011,True,accepted
20260511_090143,301620,nominal,processor,0100101,True,accepted
20260511_090143,301621,nominal,processor,1101100,True,accepted
20260511_090143,301622,nominal,processor,0100111,True,accepted
20260511_090143,301623,nominal,processor,0000111,True,accepted
20260511_090143,301624,nominal,processor,1110100,True,accepted
20260511_090143,301625,nominal,processor,0001010,True,accepted
20260511_090143,301626,nominal,processor,0000100,True,accepted
20260511_090143,301627,nominal,processor,0110111,True,accepted
20260511_090143,301628,nominal,processor,,False,conditional_h_C_interval_empty
20260511_090143,301629,nominal,processor,0001000,True,accepted
20260511_090143,301630,nominal,processor,0001110,True,accepted
20260511_090143,301631,nominal,processor,,False,conditional_h_C_interval_empty
20260511_090143,301632,nominal,processor,,False,conditional_h_C_interval_empty
20260511_090143,301633,nominal,processor,0000110,True,accepted
20260511_090143,301634,nominal,processor,0100101,True,accepted
20260511_090143,301635,nominal,processor,1100111,True,accepted
20260511_090143,301636,nominal,processor,1110110,True,accepted
20260511_090143,301637,nominal,processor,0001100,True,accepted
20260511_090143,301638,nominal,processor,0000000,True,accepted
20260511_090143,301639,nominal,processor,0101111,True,accepted
20260511_090143,301640,nominal,processor,,False,conditional_h_C_interval_empty
20260511_090143,301641,nominal,processor,0111101,True,accepted
20260511_090143,301642,nominal,processor,0101101,True,accepted
20260511_090143,301643,nominal,processor,0000111,True,accepted
20260511_090143,301644,nominal,processor,0000011,True,accepted
20260511_090143,301645,nominal,processor,0111100,True,accepted
20260511_090143,301646,nominal,processor,1101111,True,accepted
20260511_090143,301647,nominal,processor,,False,conditional_h_C_interval_empty
20260511_090143,301648,nominal,processor,,False,conditional_h_C_interval_empty
20260511_090143,301649,nominal,processor,0001110,True,accepted
20260511_090143,301650,nominal,processor,0001000,True,accepted
20260511_090143,301651,nominal,processor,0101101,True,accepted
20260511_090143,301652,nominal,processor,0110110,True,accepted
20260511_090143,301653,nominal,processor,0000011,True,accepted
20260511_090143,301654,nominal,processor,0001001,True,accepted
20260511_090143,301655,nominal,processor,1101110,True,accepted
20260511_090143,301656,nominal,processor,,False,conditional_h_C_interval_empty
20260511_090143,301657,nominal,processor,0100110,True,accepted
20260511_090143,301658,nominal,processor,1100110,True,accepted
20260511_090143,301659,nominal,processor,0001111,True,accepted
20260511_090143,301660,nominal,processor,0001100,True,accepted
20260511_090143,301661,nominal,processor,1111111,True,accepted
20260511_090143,301662,nominal,processor,0110100,True,accepted
20260511_090143,301663,nominal,processor,,False,conditional_h_C_interval_empty
20260511_090143,301664,nominal,processor,,False,conditional_h_C_interval_empty
20260511_090143,301665,nominal,processor,0000100,True,accepted
20260511_090143,301666,nominal,processor,0001010,True,accepted
20260511_090143,301667,nominal,processor,1110100,True,accepted
20260511_090143,301668,nominal,processor,0111110,True,accepted
20260511_090143,301669,nominal,processor,0001101,True,accepted
20260511_090143,301670,nominal,processor,0001000,True,accepted
20260511_090143,301671,nominal,processor,,False,conditional_h_C_interval_empty
20260511_090143,301672,nominal,processor,,False,conditional_h_C_interval_empty
20260511_090143,301673,nominal,processor,1111100,True,accepted
20260511_090143,301674,nominal,processor,0101110,True,accepted
20260511_090143,301675,nominal,processor,0000000,True,accepted
20260511_090143,301676,nominal,processor,0000111,True,accepted
20260511_090143,301677,nominal,processor,0100111,True,accepted
20260511_090143,301678,nominal,processor,1101100,True,accepted
20260511_090143,301679,nominal,processor,,False,conditional_h_C_interval_empty
20260511_090143,301680,nominal,processor,,False,conditional_h_C_interval_empty
20260511_090143,301681,nominal,processor,0001101,True,accepted
20260511_090143,301682,nominal,processor,0000001,True,accepted
20260511_090143,301683,nominal,processor,0110101,True,accepted
20260511_090143,301684,nominal,processor,0100110,True,accepted
20260511_090143,301685,nominal,processor,0000101,True,accepted
20260511_090143,301686,nominal,processor,0100100,True,accepted
20260511_090143,301687,nominal,processor,1100101,True,accepted
20260511_090143,301688,nominal,processor,0000011,True,accepted
20260511_090143,301689,nominal,processor,0110111,True,accepted
20260511_090143,301690,nominal,processor,1101101,True,accepted
20260511_090143,301691,nominal,processor,0001010,True,accepted
20260511_090143,301692,nominal,processor,0001111,True,accepted
20260511_090143,301693,nominal,processor,0111110,True,accepted
20260511_090143,301694,nominal,processor,0101110,True,accepted
20260511_090143,301695,nominal,processor,,False,conditional_h_C_interval_empty
20260511_090143,301696,nominal,processor,,False,conditional_h_C_interval_empty
20260511_090143,301697,nominal,processor,1100101,True,accepted
20260511_090143,301698,nominal,processor,0100110,True,accepted
20260511_090143,301699,nominal,processor,0000101,True,accepted
20260511_090143,301700,nominal,processor,0000010,True,accepted
20260511_090143,301701,nominal,processor,0110100,True,accepted
20260511_090143,301702,nominal,processor,1111111,True,accepted
20260511_090143,301703,nominal,processor,,False,conditional_h_C_interval_empty
20260511_090143,301704,nominal,processor,0101101,True,accepted
20260511_090143,301705,nominal,processor,0001001,True,accepted
20260511_090143,301706,nominal,processor,0001110,True,accepted
20260511_090143,301707,nominal,processor,0111111,True,accepted
20260511_090143,301708,nominal,processor,1101110,True,accepted
20260511_090143,301709,nominal,processor,0001010,True,accepted
20260511_090143,301710,nominal,processor,0000011,True,accepted
20260511_090143,301711,nominal,processor,,False,conditional_h_C_interval_empty
20260511_090143,301712,nominal,processor,,False,conditional_h_C_interval_empty
20260511_090143,301713,nominal,processor,0101101,True,accepted
20260511_090143,301714,nominal,processor,0111101,True,accepted
20260511_090143,301715,nominal,processor,0001110,True,accepted
20260511_090143,301716,nominal,processor,0001011,True,accepted
20260511_090143,301717,nominal,processor,1101111,True,accepted
20260511_090143,301718,nominal,processor,0111100,True,accepted
20260511_090143,301719,nominal,processor,0000100,True,accepted
20260511_090143,301720,nominal,processor,,False,conditional_h_C_interval_empty
20260511_090143,301721,nominal,processor,0100101,True,accepted
20260511_090143,301722,nominal,processor,0000110,True,accepted
20260511_090143,301723,nominal,processor,0101100,True,accepted
20260511_090143,301724,nominal,processor,0101111,True,accepted
20260511_090143,301725,nominal,processor,0000000,True,accepted
20260511_090143,301726,nominal,processor,0001100,True,accepted
20260511_090143,301727,nominal,processor,,False,conditional_h_C_interval_empty
20260511_090143,301728,nominal,processor,,False,conditional_h_C_interval_empty
20260511_090143,301729,nominal,processor,1101110,True,accepted
20260511_090143,301730,nominal,processor,0110101,True,accepted
20260511_090143,301731,nominal,processor,0000011,True,accepted
20260511_090143,301732,nominal,processor,0001001,True,accepted
20260511_090143,301733,nominal,processor,0101110,True,accepted
20260511_090143,301734,nominal,processor,1100100,True,accepted
20260511_090143,301735,nominal,processor,,False,conditional_h_C_interval_empty
20260511_090143,301736,nominal,processor,,False,conditional_h_C_interval_empty
20260511_090143,301737,nominal,processor,0000010,True,accepted
20260511_090143,301738,nominal,processor,0001100,True,accepted
20260511_090143,301739,nominal,processor,1111111,True,accepted
20260511_090143,301740,nominal,processor,1100110,True,accepted
20260511_090143,301741,nominal,processor,0001111,True,accepted
20260511_090143,301742,nominal,processor,0000110,True,accepted
20260511_090143,301743,nominal,processor,,False,conditional_h_C_interval_empty
20260511_090143,301744,nominal,processor,,False,conditional_h_C_interval_empty
20260511_090143,301745,nominal,processor,0101111,True,accepted
20260511_090143,301746,nominal,processor,1110110,True,accepted
20260511_090143,301747,nominal,processor,0001100,True,accepted
20260511_090143,301748,nominal,processor,0100101,True,accepted
20260511_090143,301749,nominal,processor,1100111,True,accepted
20260511_090143,301750,nominal,processor,0100111,True,accepted
20260511_090143,301751,nominal,processor,,False,conditional_h_C_interval_empty
20260511_090143,301752,nominal,processor,1101111,True,accepted
20260511_090143,301753,nominal,processor,0001011,True,accepted
20260511_090143,301754,nominal,processor,0000100,True,accepted
20260511_090143,301755,nominal,processor,0111101,True,accepted
20260511_090143,301756,nominal,processor,,False,conditional_h_C_interval_empty
20260511_090143,301757,nominal,processor,0000111,True,accepted
20260511_090143,301758,nominal,processor,0001110,True,accepted
20260511_090143,301759,nominal,processor,,False,conditional_h_C_interval_empty
20260511_090143,301760,nominal,processor,,False,conditional_h_C_interval_empty
20260511_090143,301761,nominal,processor,0000110,True,accepted
20260511_090143,301762,nominal,processor,0100100,True,accepted
20260511_090143,301763,nominal,processor,1101100,True,accepted
20260511_090143,301764,nominal,processor,1111100,True,accepted
20260511_090143,301765,nominal,processor,0001100,True,accepted
20260511_090143,301766,nominal,processor,0000001,True,accepted
20260511_090143,301767,nominal,processor,,False,conditional_h_C_interval_empty
20260511_090143,301768,nominal,processor,,False,conditional_h_C_interval_empty
20260511_090143,301769,nominal,processor,0111110,True,accepted
20260511_090143,301770,nominal,processor,0101100,True,accepted
20260511_090143,301771,nominal,processor,0001000,True,accepted
20260511_090143,301772,nominal,processor,0000100,True,accepted
20260511_090143,301773,nominal,processor,0111100,True,accepted
20260511_090143,301774,nominal,processor,1110101,True,accepted
20260511_090143,301775,nominal,processor,,False,conditional_h_C_interval_empty
20260511_090143,301776,nominal,processor,,False,conditional_h_C_interval_empty
20260511_090143,301777,nominal,processor,0001111,True,accepted
20260511_090143,301778,nominal,processor,0001000,True,accepted
20260511_090143,301779,nominal,processor,0101110,True,accepted
20260511_090143,301780,nominal,processor,0110110,True,accepted
20260511_090143,301781,nominal,processor,0000010,True,accepted
20260511_090143,301782,nominal,processor,0001010,True,accepted
20260511_090143,301783,nominal,processor,1101101,True,accepted
20260511_090143,301784,nominal,processor,,False,conditional_h_C_interval_empty
20260511_090143,301785,nominal,processor,0100110,True,accepted
20260511_090143,301786,nominal,processor,1100101,True,accepted
20260511_090143,301787,nominal,processor,0100100,True,accepted
20260511_090143,301788,nominal,processor,0001101,True,accepted
20260511_090143,301789,nominal,processor,1111101,True,accepted
20260511_090143,301790,nominal,processor,0110101,True,accepted
20260511_090143,301791,nominal,processor,,False,conditional_h_C_interval_empty
20260511_090143,301792,nominal,processor,,False,conditional_h_C_interval_empty
20260511_090143,301793,nominal,processor,0111100,True,accepted
20260511_090143,301794,nominal,processor,1101111,True,accepted
20260511_090143,301795,nominal,processor,0001011,True,accepted
20260511_090143,301796,nominal,processor,0001110,True,accepted
20260511_090143,301797,nominal,processor,0111110,True,accepted
20260511_090143,301798,nominal,processor,0101101,True,accepted
20260511_090143,301799,nominal,processor,,False,conditional_h_C_interval_empty
20260511_090143,301800,nominal,processor,1110110,True,accepted
20260511_090143,301801,nominal,processor,0001100,True,accepted
20260511_090143,301802,nominal,processor,0000000,True,accepted
20260511_090143,301803,nominal,processor,0101111,True,accepted
20260511_090143,301804,nominal,processor,0101100,True,accepted
20260511_090143,301805,nominal,processor,0000110,True,accepted
20260511_090143,301806,nominal,processor,0100101,True,accepted
20260511_090143,301807,nominal,processor,,False,conditional_h_C_interval_empty
20260511_090143,301808,nominal,processor,,False,conditional_h_C_interval_empty
20260511_090143,301809,nominal,processor,1111111,True,accepted
20260511_090143,301810,nominal,processor,0110100,True,accepted
20260511_090143,301811,nominal,processor,0000010,True,accepted
20260511_090143,301812,nominal,processor,0000101,True,accepted
20260511_090143,301813,nominal,processor,0100110,True,accepted
20260511_090143,301814,nominal,processor,1100101,True,accepted
20260511_090143,301815,nominal,processor,,False,conditional_h_C_interval_empty
20260511_090143,301816,nominal,processor,0110110,True,accepted
20260511_090143,301817,nominal,processor,0000011,True,accepted
20260511_090143,301818,nominal,processor,0001010,True,accepted
20260511_090143,301819,nominal,processor,1101111,True,accepted
20260511_090143,301820,nominal,processor,,False,conditional_h_C_interval_empty
20260511_090143,301821,nominal,processor,0001110,True,accepted
20260511_090143,301822,nominal,processor,0001001,True,accepted
20260511_090143,301823,nominal,processor,,False,conditional_h_C_interval_empty
20260511_090143,301824,nominal,processor,,False,conditional_h_C_interval_empty
20260511_090143,301825,nominal,processor,0100100,True,accepted
20260511_090143,301826,nominal,processor,0000101,True,accepted
20260511_090143,301827,nominal,processor,0100110,True,accepted
20260511_090143,301828,nominal,processor,0110101,True,accepted
20260511_090143,301829,nominal,processor,0000001,True,accepted
20260511_090143,301830,nominal,processor,0001101,True,accepted
20260511_090143,301831,nominal,processor,,False,conditional_h_C_interval_empty
20260511_090143,301832,nominal,processor,,False,conditional_h_C_interval_empty
20260511_090143,301833,nominal,processor,0101110,True,accepted
20260511_090143,301834,nominal,processor,0111111,True,accepted
20260511_090143,301835,nominal,processor,0001111,True,accepted
20260511_090143,301836,nominal,processor,0001010,True,accepted
20260511_090143,301837,nominal,processor,1101101,True,accepted
20260511_090143,301838,nominal,processor,0110111,True,accepted
20260511_090143,301839,nominal,processor,,False,conditional_h_C_interval_empty
20260511_090143,301840,nominal,processor,,False,conditional_h_C_interval_empty
20260511_090143,301841,nominal,processor,0001000,True,accepted
20260511_090143,301842,nominal,processor,0001110,True,accepted
20260511_090143,301843,nominal,processor,,False,conditional_h_C_interval_empty
20260511_090143,301844,nominal,processor,1110100,True,accepted
20260511_090143,301845,nominal,processor,0001010,True,accepted
20260511_090143,301846,nominal,processor,0000100,True,accepted
20260511_090143,301847,nominal,processor,0110111,True,accepted
20260511_090143,301848,nominal,processor,,False,conditional_h_C_interval_empty
20260511_090143,301849,nominal,processor,1101100,True,accepted
20260511_090143,301850,nominal,processor,0100111,True,accepted
20260511_090143,301851,nominal,processor,0000111,True,accepted
20260511_090143,301852,nominal,processor,0000000,True,accepted
20260511_090143,301853,nominal,processor,0101110,True,accepted
20260511_090143,301854,nominal,processor,1111100,True,accepted
20260511_090143,301855,nominal,processor,,False,conditional_h_C_interval_empty
20260511_090143,301856,nominal,processor,,False,conditional_h_C_interval_empty
20260511_090143,301857,nominal,processor,0001010,True,accepted
20260511_090143,301858,nominal,processor,0000010,True,accepted
20260511_090143,301859,nominal,processor,,False,conditional_h_C_interval_empty
20260511_090143,301860,nominal,processor,0101110,True,accepted
20260511_090143,301861,nominal,processor,0001000,True,accepted
20260511_090143,301862,nominal,processor,0001111,True,accepted
20260511_090143,301863,nominal,processor,,False,conditional_h_C_interval_empty
20260511_090143,301864,nominal,processor,0000001,True,accepted
20260511_090143,301865,nominal,processor,0110100,True,accepted
20260511_090143,301866,nominal,processor,1111101,True,accepted
20260511_090143,301867,nominal,processor,0001101,True,accepted
20260511_090143,301868,nominal,processor,0100100,True,accepted
20260511_090143,301869,nominal,processor,1100101,True,accepted
20260511_090143,301870,nominal,processor,0100111,True,accepted
20260511_090143,301871,nominal,processor,,False,conditional_h_C_interval_empty
20260511_090143,301872,nominal,processor,,False,conditional_h_C_interval_empty
20260511_090143,301873,nominal,processor,0000001,True,accepted
20260511_090143,301874,nominal,processor,0001100,True,accepted
20260511_090143,301875,nominal,processor,1111100,True,accepted
20260511_090143,301876,nominal,processor,1101100,True,accepted
20260511_090143,301877,nominal,processor,0100100,True,accepted
20260511_090143,301878,nominal,processor,0000111,True,accepted
20260511_090143,301879,nominal,processor,0100111,True,accepted
20260511_090143,301880,nominal,processor,,False,conditional_h_C_interval_empty
20260511_090143,301881,nominal,processor,1110101,True,accepted
20260511_090143,301882,nominal,processor,0110111,True,accepted
20260511_090143,301883,nominal,processor,0000100,True,accepted
20260511_090143,301884,nominal,processor,0001000,True,accepted
20260511_090143,301885,nominal,processor,0101100,True,accepted
20260511_090143,301886,nominal,processor,0111110,True,accepted
20260511_090143,301887,nominal,processor,,False,conditional_h_C_interval_empty
20260511_090143,301888,nominal,processor,,False,conditional_h_C_interval_empty
20260511_090143,301889,nominal,processor,0101100,True,accepted
20260511_090143,301890,nominal,processor,1100111,True,accepted
20260511_090143,301891,nominal,processor,0100101,True,accepted
20260511_090143,301892,nominal,processor,0001100,True,accepted
20260511_090143,301893,nominal,processor,1110111,True,accepted
20260511_090143,301894,nominal,processor,0101111,True,accepted
20260511_090143,301895,nominal,processor,,False,conditional_h_C_interval_empty
20260511_090143,301896,nominal,processor,,False,conditional_h_C_interval_empty
20260511_090143,301897,nominal,processor,0001110,True,accepted
20260511_090143,301898,nominal,processor,0000111,True,accepted
20260511_090143,301899,nominal,processor,0101101,True,accepted
20260511_090143,301900,nominal,processor,0111101,True,accepted
20260511_090143,301901,nominal,processor,0000100,True,accepted
20260511_090143,301902,nominal,processor,0001011,True,accepted
20260511_090143,301903,nominal,processor,,False,conditional_h_C_interval_empty
20260511_090143,301904,nominal,processor,,False,conditional_h_C_interval_empty
20260511_090143,301905,nominal,processor,0111111,True,accepted
20260511_090143,301906,nominal,processor,0101110,True,accepted
20260511_090143,301907,nominal,processor,0001001,True,accepted
20260511_090143,301908,nominal,processor,0000011,True,accepted
20260511_090143,301909,nominal,processor,0110101,True,accepted
20260511_090143,301910,nominal,processor,1101110,True,accepted
20260511_090143,301911,nominal,processor,0001001,True,accepted
20260511_090143,301912,nominal,processor,,False,conditional_h_C_interval_empty
20260511_090143,301913,nominal,processor,0000110,True,accepted
20260511_090143,301914,nominal,processor,0001111,True,accepted
20260511_090143,301915,nominal,processor,1100110,True,accepted
20260511_090143,301916,nominal,processor,1111111,True,accepted
20260511_090143,301917,nominal,processor,0001100,True,accepted
20260511_090143,301918,nominal,processor,0000010,True,accepted
20260511_090143,301919,nominal,processor,,False,conditional_h_C_interval_empty
20260511_090143,301920,nominal,processor,,False,conditional_h_C_interval_empty
20260511_090143,301921,nominal,processor,0111100,True,accepted
20260511_090143,301922,nominal,processor,1110101,True,accepted
20260511_090143,301923,nominal,processor,0001010,True,accepted
20260511_090143,301924,nominal,processor,0001101,True,accepted
20260511_090143,301925,nominal,processor,0111110,True,accepted
20260511_090143,301926,nominal,processor,0101100,True,accepted
20260511_090143,301927,nominal,processor,,False,conditional_h_C_interval_empty
20260511_090143,301928,nominal,processor,1111100,True,accepted
20260511_090143,301929,nominal,processor,0001011,True,accepted
20260511_090143,301930,nominal,processor,0000001,True,accepted
20260511_090143,301931,nominal,processor,0101111,True,accepted
20260511_090143,301932,nominal,processor,0100111,True,accepted
20260511_090143,301933,nominal,processor,0000110,True,accepted
20260511_090143,301934,nominal,processor,0100100,True,accepted
20260511_090143,301935,nominal,processor,,False,conditional_h_C_interval_empty
20260511_090143,301936,nominal,processor,,False,conditional_h_C_interval_empty
20260511_090143,301937,nominal,processor,1111101,True,accepted
20260511_090143,301938,nominal,processor,0110100,True,accepted
20260511_090143,301939,nominal,processor,0000001,True,accepted
20260511_090143,301940,nominal,processor,0000101,True,accepted
20260511_090143,301941,nominal,processor,0100111,True,accepted
20260511_090143,301942,nominal,processor,1100101,True,accepted
20260511_090143,301943,nominal,processor,,False,conditional_h_C_interval_empty
20260511_090143,301944,nominal,processor,,False,conditional_h_C_interval_empty
20260511_090143,301945,nominal,processor,0000010,True,accepted
20260511_090143,301946,nominal,processor,0001010,True,accepted
20260511_090143,301947,nominal,processor,1101101,True,accepted
20260511_090143,301948,nominal,processor,,False,conditional_h_C_interval_empty
20260511_090143,301949,nominal,processor,0001111,True,accepted
20260511_090143,301950,nominal,processor,0001000,True,accepted
20260511_090143,301951,nominal,processor,,False,conditional_h_C_interval_empty
20260511_090143,301952,nominal,processor,,False,conditional_h_C_interval_empty
20260511_090143,301953,nominal,processor,0001111,True,accepted
20260511_090143,301954,nominal,processor,0000101,True,accepted
20260511_090143,301955,nominal,processor,0100110,True,accepted
20260511_090143,301956,nominal,processor,0101111,True,accepted
20260511_090143,301957,nominal,processor,0000010,True,accepted
20260511_090143,301958,nominal,processor,0001100,True,accepted
20260511_090143,301959,nominal,processor,1111110,True,accepted
20260511_090143,301960,nominal,processor,,False,conditional_h_C_interval_empty
20260511_090143,301961,nominal,processor,0101101,True,accepted
20260511_090143,301962,nominal,processor,1100100,True,accepted
20260511_090143,301963,nominal,processor,0001110,True,accepted
20260511_090143,301964,nominal,processor,0001001,True,accepted
20260511_090143,301965,nominal,processor,1101110,True,accepted
20260511_090143,301966,nominal,processor,0110110,True,accepted
20260511_090143,301967,nominal,processor,,False,conditional_h_C_interval_empty
20260511_090143,301968,nominal,processor,,False,conditional_h_C_interval_empty
20260511_090143,301969,nominal,processor,0000111,True,accepted
20260511_090143,301970,nominal,processor,0001110,True,accepted
20260511_090143,301971,nominal,processor,0111101,True,accepted
20260511_090143,301972,nominal,processor,1110100,True,accepted
20260511_090143,301973,nominal,processor,0001011,True,accepted
20260511_090143,301974,nominal,processor,0000100,True,accepted
20260511_090143,301975,nominal,processor,,False,conditional_h_C_interval_empty
20260511_090143,301976,nominal,processor,,False,conditional_h_C_interval_empty
20260511_090143,301977,nominal,processor,1100111,True,accepted
20260511_090143,301978,nominal,processor,0101100,True,accepted
20260511_090143,301979,nominal,processor,0000110,True,accepted
20260511_090143,301980,nominal,processor,0000000,True,accepted
20260511_090143,301981,nominal,processor,0101111,True,accepted
20260511_090143,301982,nominal,processor,1110111,True,accepted
20260511_090143,301983,nominal,processor,,False,conditional_h_C_interval_empty
20260511_090143,301984,nominal,processor,,False,conditional_h_C_interval_empty
20260511_090143,301985,nominal,processor,0001001,True,accepted
20260511_090143,301986,nominal,processor,0000011,True,accepted
20260511_090143,301987,nominal,processor,0110110,True,accepted
20260511_090143,301988,nominal,processor,0101101,True,accepted
20260511_090143,301989,nominal,processor,0001001,True,accepted
20260511_090143,301990,nominal,processor,0001110,True,accepted
20260511_090143,301991,nominal,processor,,False,conditional_h_C_interval_empty
20260511_090143,301992,nominal,processor,0000010,True,accepted
20260511_090143,301993,nominal,processor,0110100,True,accepted
20260511_090143,301994,nominal,processor,1111111,True,accepted
20260511_090143,301995,nominal,processor,0001100,True,accepted
20260511_090143,301996,nominal,processor,0001111,True,accepted
20260511_090143,301997,nominal,processor,1100110,True,accepted
20260511_090143,301998,nominal,processor,0100110,True,accepted
20260511_090143,301999,nominal,processor,,False,conditional_h_C_interval_empty
20260511_090143,302000,nominal,processor,,False,conditional_h_C_interval_empty
20260511_090143,302001,nominal,processor,0000000,True,accepted
20260511_090143,302002,nominal,processor,0001100,True,accepted
20260511_090143,302003,nominal,processor,1110110,True,accepted
20260511_090143,302004,nominal,processor,1100111,True,accepted
20260511_090143,302005,nominal,processor,0100101,True,accepted
20260511_090143,302006,nominal,processor,0000110,True,accepted
20260511_090143,302007,nominal,processor,0101100,True,accepted
20260511_090143,302008,nominal,processor,,False,conditional_h_C_interval_empty
20260511_090143,302009,nominal,processor,1101111,True,accepted
20260511_090143,302010,nominal,processor,0111100,True,accepted
20260511_090143,302011,nominal,processor,0000011,True,accepted
20260511_090143,302012,nominal,processor,0000111,True,accepted
20260511_090143,302013,nominal,processor,0101101,True,accepted
20260511_090143,302014,nominal,processor,0111101,True,accepted
20260511_090143,302015,nominal,processor,,False,conditional_h_C_interval_empty
20260511_090143,302016,nominal,processor,,False,conditional_h_C_interval_empty
20260511_090143,302017,nominal,processor,0100111,True,accepted
20260511_090143,302018,nominal,processor,1101100,True,accepted
20260511_090143,302019,nominal,processor,0100101,True,accepted
20260511_090143,302020,nominal,processor,0001011,True,accepted
20260511_090143,302021,nominal,processor,1110111,True,accepted
20260511_090143,302022,nominal,processor,0101110,True,accepted
20260511_090143,302023,nominal,processor,0000000,True,accepted
20260511_090143,302024,nominal,processor,,False,conditional_h_C_interval_empty
20260511_090143,302025,nominal,processor,0001110,True,accepted
20260511_090143,302026,nominal,processor,0001000,True,accepted
20260511_090143,302027,nominal,processor,0101100,True,accepted
20260511_090143,302028,nominal,processor,0110111,True,accepted
20260511_090143,302029,nominal,processor,0000100,True,accepted
20260511_090143,302030,nominal,processor,0001010,True,accepted
20260511_090143,302031,nominal,processor,1110100,True,accepted
20260511_090143,302032,nominal,processor,,False,conditional_h_C_interval_empty
20260511_090143,302033,nominal,processor,0111110,True,accepted
20260511_090143,302034,nominal,processor,0101110,True,accepted
20260511_090143,302035,nominal,processor,0001000,True,accepted
20260511_090143,302036,nominal,processor,0000011,True,accepted
20260511_090143,302037,nominal,processor,0110111,True,accepted
20260511_090143,302038,nominal,processor,1101110,True,accepted
20260511_090143,302039,nominal,processor,,False,conditional_h_C_interval_empty
20260511_090143,302040,nominal,processor,0100110,True,accepted
20260511_090143,302041,nominal,processor,0000101,True,accepted
20260511_090143,302042,nominal,processor,0001111,True,accepted
20260511_090143,302043,nominal,processor,1100100,True,accepted
20260511_090143,302044,nominal,processor,1111110,True,accepted
20260511_090143,302045,nominal,processor,0001101,True,accepted
20260511_090143,302046,nominal,processor,0000001,True,accepted
20260511_090143,302047,nominal,processor,,False,conditional_h_C_interval_empty
20260511_090143,302048,nominal,processor,,False,conditional_h_C_interval_empty
20260511_090143,302049,nominal,processor,0101111,True,accepted
20260511_090143,302050,nominal,processor,1110110,True,accepted
20260511_090143,302051,nominal,processor,0001100,True,accepted
20260511_090143,302052,nominal,processor,0100101,True,accepted
20260511_090143,302053,nominal,processor,1100111,True,accepted
20260511_090143,302054,nominal,processor,0101100,True,accepted
20260511_090143,302055,nominal,processor,0000110,True,accepted
20260511_090143,302056,nominal,processor,1101111,True,accepted
20260511_090143,302057,nominal,processor,0001011,True,accepted
20260511_090143,302058,nominal,processor,0000100,True,accepted
20260511_090143,302059,nominal,processor,0111100,True,accepted
20260511_090143,302060,nominal,processor,0101101,True,accepted
20260511_090143,302061,nominal,processor,0000111,True,accepted
20260511_090143,302062,nominal,processor,0001110,True,accepted
20260511_090143,302063,nominal,processor,,False,conditional_h_C_interval_empty
20260511_090143,302064,nominal,processor,,False,conditional_h_C_interval_empty
20260511_090143,302065,nominal,processor,1101110,True,accepted
20260511_090143,302066,nominal,processor,0110110,True,accepted
20260511_090143,302067,nominal,processor,0000011,True,accepted
20260511_090143,302068,nominal,processor,0001001,True,accepted
20260511_090143,302069,nominal,processor,0101101,True,accepted
20260511_090143,302070,nominal,processor,0111111,True,accepted
20260511_090143,302071,nominal,processor,0001110,True,accepted
20260511_090143,302072,nominal,processor,,False,conditional_h_C_interval_empty
20260511_090143,302073,nominal,processor,0000010,True,accepted
20260511_090143,302074,nominal,processor,0001101,True,accepted
20260511_090143,302075,nominal,processor,1111111,True,accepted
20260511_090143,302076,nominal,processor,1100101,True,accepted
20260511_090143,302077,nominal,processor,0001111,True,accepted
20260511_090143,302078,nominal,processor,0000101,True,accepted
20260511_090143,302079,nominal,processor,,False,conditional_h_C_interval_empty
20260511_090143,302080,nominal,processor,,False,conditional_h_C_interval_empty
20260511_090143,302081,nominal,processor,0001111,True,accepted
20260511_090143,302082,nominal,processor,0001000,True,accepted
20260511_090143,302083,nominal,processor,0101110,True,accepted
20260511_090143,302084,nominal,processor,0110111,True,accepted
20260511_090143,302085,nominal,processor,0000011,True,accepted
20260511_090143,302086,nominal,processor,0001010,True,accepted
20260511_090143,302087,nominal,processor,,False,conditional_h_C_interval_empty
20260511_090143,302088,nominal,processor,0000101,True,accepted
20260511_090143,302089,nominal,processor,0100110,True,accepted
20260511_090143,302090,nominal,processor,1100100,True,accepted
20260511_090143,302091,nominal,processor,0100100,True,accepted
20260511_090143,302092,nominal,processor,0001101,True,accepted
20260511_090143,302093,nominal,processor,1111110,True,accepted
20260511_090143,302094,nominal,processor,0110101,True,accepted
20260511_090143,302095,nominal,processor,0000001,True,accepted
20260511_090143,302096,nominal,processor,,False,conditional_h_C_interval_empty
20260511_090143,302097,nominal,processor,0000111,True,accepted
20260511_090143,302098,nominal,processor,0100100,True,accepted
20260511_090143,302099,nominal,processor,1101100,True,accepted
20260511_090143,302100,nominal,processor,1111100,True,accepted
20260511_090143,302101,nominal,processor,0001011,True,accepted
20260511_090143,302102,nominal,processor,0000000,True,accepted
20260511_090143,302103,nominal,processor,,False,conditional_h_C_interval_empty
20260511_090143,302104,nominal,processor,0001101,True,accepted
20260511_090143,302105,nominal,processor,0111110,True,accepted
20260511_090143,302106,nominal,processor,0101101,True,accepted
20260511_090143,302107,nominal,processor,0001000,True,accepted
20260511_090143,302108,nominal,processor,0000100,True,accepted
20260511_090143,302109,nominal,processor,0110111,True,accepted
20260511_090143,302110,nominal,processor,1110100,True,accepted
20260511_090143,302111,nominal,processor,,False,conditional_h_C_interval_empty
20260511_090143,302112,nominal,processor,,False,conditional_h_C_interval_empty
20260511_090143,302113,nominal,processor,0001101,True,accepted
20260511_090143,302114,nominal,processor,0000001,True,accepted
20260511_090143,302115,nominal,processor,0110100,True,accepted
20260511_090143,302116,nominal,processor,0100111,True,accepted
20260511_090143,302117,nominal,processor,0000101,True,accepted
20260511_090143,302118,nominal,processor,0100100,True,accepted
20260511_090143,302119,nominal,processor,,False,conditional_h_C_interval_empty
20260511_090143,302120,nominal,processor,0000010,True,accepted
20260511_090143,302121,nominal,processor,0110110,True,accepted
20260511_090143,302122,nominal,processor,1101101,True,accepted
20260511_090143,302123,nominal,processor,0001010,True,accepted
20260511_090143,302124,nominal,processor,0001111,True,accepted
20260511_090143,302125,nominal,processor,0111111,True,accepted
20260511_090143,302126,nominal,processor,0101110,True,accepted
20260511_090143,302127,nominal,processor,,False,conditional_h_C_interval_empty
20260511_090143,302128,nominal,processor,,False,conditional_h_C_interval_empty
20260511_090143,302129,nominal,processor,0000100,True,accepted
20260511_090143,302130,nominal,processor,0001011,True,accepted
20260511_090143,302131,nominal,processor,1110101,True,accepted
20260511_090143,302132,nominal,processor,0111110,True,accepted
20260511_090143,302133,nominal,processor,0001101,True,accepted
20260511_090143,302134,nominal,processor,0001000,True,accepted
20260511_090143,302135,nominal,processor,,False,conditional_h_C_interval_empty
20260511_090143,302136,nominal,processor,,False,conditional_h_C_interval_empty
20260511_090143,302137,nominal,processor,1111100,True,accepted
20260511_090143,302138,nominal,processor,0101111,True,accepted
20260511_090143,302139,nominal,processor,0000001,True,accepted
20260511_090143,302140,nominal,processor,0000111,True,accepted
20260511_090143,302141,nominal,processor,0100111,True,accepted
20260511_090143,302142,nominal,processor,1101100,True,accepted
20260511_090143,302143,nominal,processor,,False,conditional_h_C_interval_empty
20260511_090143,302144,nominal,processor,,False,conditional_h_C_interval_empty
20260511_090143,302145,nominal,processor,0101101,True,accepted
20260511_090143,302146,nominal,processor,0111101,True,accepted
20260511_090143,302147,nominal,processor,0001110,True,accepted
20260511_090143,302148,nominal,processor,0001011,True,accepted
20260511_090143,302149,nominal,processor,1101111,True,accepted
20260511_090143,302150,nominal,processor,0111101,True,accepted
20260511_090143,302151,nominal,processor,0000100,True,accepted
20260511_090143,302152,nominal,processor,,False,conditional_h_C_interval_empty
20260511_090143,302153,nominal,processor,0100101,True,accepted
20260511_090143,302154,nominal,processor,0000110,True,accepted
20260511_090143,302155,nominal,processor,0101100,True,accepted
20260511_090143,302156,nominal,processor,0101111,True,accepted
20260511_090143,302157,nominal,processor,0000000,True,accepted
20260511_090143,302158,nominal,processor,0001100,True,accepted
20260511_090143,302159,nominal,processor,,False,conditional_h_C_interval_empty
20260511_090143,302160,nominal,processor,,False,conditional_h_C_interval_empty
20260511_090143,302161,nominal,processor,1100110,True,accepted
20260511_090143,302162,nominal,processor,0100110,True,accepted
20260511_090143,302163,nominal,processor,0000110,True,accepted
20260511_090143,302164,nominal,processor,0000010,True,accepted
20260511_090143,302165,nominal,processor,0101111,True,accepted
20260511_090143,302166,nominal,processor,1111111,True,accepted
20260511_090143,302167,nominal,processor,0001100,True,accepted
20260511_090143,302168,nominal,processor,,False,conditional_h_C_interval_empty
20260511_090143,302169,nominal,processor,0001001,True,accepted
20260511_090143,302170,nominal,processor,0001110,True,accepted
20260511_090143,302171,nominal,processor,0111111,True,accepted
20260511_090143,302172,nominal,processor,1101110,True,accepted
20260511_090143,302173,nominal,processor,0001001,True,accepted
20260511_090143,302174,nominal,processor,0000011,True,accepted
20260511_090143,302175,nominal,processor,,False,conditional_h_C_interval_empty
20260511_090143,302176,nominal,processor,,False,conditional_h_C_interval_empty
20260511_090143,302177,nominal,processor,0101111,True,accepted
20260511_090143,302178,nominal,processor,1111100,True,accepted
20260511_090143,302179,nominal,processor,0001011,True,accepted
20260511_090143,302180,nominal,processor,0100100,True,accepted
20260511_090143,302181,nominal,processor,1101100,True,accepted
20260511_090143,302182,nominal,processor,0100111,True,accepted
20260511_090143,302183,nominal,processor,0000110,True,accepted
20260511_090143,302184,nominal,processor,1110101,True,accepted
20260511_090143,302185,nominal,processor,0001010,True,accepted
20260511_090143,302186,nominal,processor,0000100,True,accepted
20260511_090143,302187,nominal,processor,0111100,True,accepted
20260511_090143,302188,nominal,processor,0101100,True,accepted
20260511_090143,302189,nominal,processor,0000111,True,accepted
20260511_090143,302190,nominal,processor,0001101,True,accepted
20260511_090143,302191,nominal,processor,,False,conditional_h_C_interval_empty
20260511_090143,302192,nominal,processor,,False,conditional_h_C_interval_empty
20260511_090143,302193,nominal,processor,1101101,True,accepted
20260511_090143,302194,nominal,processor,0110110,True,accepted
20260511_090143,302195,nominal,processor,0000010,True,accepted
20260511_090143,302196,nominal,processor,0001000,True,accepted
20260511_090143,302197,nominal,processor,0101110,True,accepted
20260511_090143,302198,nominal,processor,0111111,True,accepted
20260511_090143,302199,nominal,processor,0001111,True,accepted
20260511_090143,302200,nominal,processor,,False,conditional_h_C_interval_empty
20260511_090143,302201,nominal,processor,0000001,True,accepted
20260511_090143,302202,nominal,processor,0001101,True,accepted
20260511_090143,302203,nominal,processor,1111101,True,accepted
20260511_090143,302204,nominal,processor,1100101,True,accepted
20260511_090143,302205,nominal,processor,0100100,True,accepted
20260511_090143,302206,nominal,processor,0000101,True,accepted
20260511_090143,302207,nominal,processor,,False,conditional_h_C_interval_empty
20260511_090143,302208,nominal,processor,,False,conditional_h_C_interval_empty
20260511_090143,302209,nominal,processor,0001110,True,accepted
20260511_090143,302210,nominal,processor,0001001,True,accepted
20260511_090143,302211,nominal,processor,0101101,True,accepted
20260511_090143,302212,nominal,processor,0110110,True,accepted
20260511_090143,302213,nominal,processor,0000011,True,accepted
20260511_090143,302214,nominal,processor,0001001,True,accepted
20260511_090143,302215,nominal,processor,,False,conditional_h_C_interval_empty
20260511_090143,302216,nominal,processor,0000101,True,accepted
20260511_090143,302217,nominal,processor,0100110,True,accepted
20260511_090143,302218,nominal,processor,1100110,True,accepted
20260511_090143,302219,nominal,processor,0001111,True,accepted
20260511_090143,302220,nominal,processor,0001100,True,accepted
20260511_090143,302221,nominal,processor,1111110,True,accepted
20260511_090143,302222,nominal,processor,0101111,True,accepted
20260511_090143,302223,nominal,processor,0000010,True,accepted
20260511_090143,302224,nominal,processor,,False,conditional_h_C_interval_empty
20260511_090143,302225,nominal,processor,0000110,True,accepted
20260511_090143,302226,nominal,processor,0100101,True,accepted
20260511_090143,302227,nominal,processor,1100111,True,accepted
20260511_090143,302228,nominal,processor,1110111,True,accepted
20260511_090143,302229,nominal,processor,0001100,True,accepted
20260511_090143,302230,nominal,processor,0000000,True,accepted
20260511_090143,302231,nominal,processor,,False,conditional_h_C_interval_empty
20260511_090143,302232,nominal,processor,,False,conditional_h_C_interval_empty
20260511_090143,302233,nominal,processor,0111101,True,accepted
20260511_090143,302234,nominal,processor,0101101,True,accepted
20260511_090143,302235,nominal,processor,0000111,True,accepted
20260511_090143,302236,nominal,processor,0000100,True,accepted
20260511_090143,302237,nominal,processor,0111100,True,accepted
20260511_090143,302238,nominal,processor,1110100,True,accepted
20260511_090143,302239,nominal,processor,,False,conditional_h_C_interval_empty
20260511_090143,302240,nominal,processor,,False,conditional_h_C_interval_empty
20260511_090143,302241,nominal,processor,0001100,True,accepted
20260511_090143,302242,nominal,processor,0000010,True,accepted
20260511_090143,302243,nominal,processor,0110100,True,accepted
20260511_090143,302244,nominal,processor,0100110,True,accepted
20260511_090143,302245,nominal,processor,0000101,True,accepted
20260511_090143,302246,nominal,processor,0001111,True,accepted
20260511_090143,302247,nominal,processor,,False,conditional_h_C_interval_empty
20260511_090143,302248,nominal,processor,0000011,True,accepted
20260511_090143,302249,nominal,processor,0110110,True,accepted
20260511_090143,302250,nominal,processor,1101110,True,accepted
20260511_090143,302251,nominal,processor,0001001,True,accepted
20260511_090143,302252,nominal,processor,0001110,True,accepted
20260511_090143,302253,nominal,processor,0111111,True,accepted
20260511_090143,302254,nominal,processor,0101101,True,accepted
20260511_090143,302255,nominal,processor,,False,conditional_h_C_interval_empty
20260511_090143,302256,nominal,processor,,False,conditional_h_C_interval_empty
20260511_090143,302257,nominal,processor,0000011,True,accepted
20260511_090143,302258,nominal,processor,0001011,True,accepted
20260511_090143,302259,nominal,processor,1101111,True,accepted
20260511_090143,302260,nominal,processor,0111101,True,accepted
20260511_090143,302261,nominal,processor,0001110,True,accepted
20260511_090143,302262,nominal,processor,0000111,True,accepted
20260511_090143,302263,nominal,processor,,False,conditional_h_C_interval_empty
20260511_090143,302264,nominal,processor,0001100,True,accepted
20260511_090143,302265,nominal,processor,1110110,True,accepted
20260511_090143,302266,nominal,processor,0101111,True,accepted
20260511_090143,302267,nominal,processor,0000000,True,accepted
20260511_090143,302268,nominal,processor,0000110,True,accepted
20260511_090143,302269,nominal,processor,0101100,True,accepted
20260511_090143,302270,nominal,processor,1100111,True,accepted
20260511_090143,302271,nominal,processor,,False,conditional_h_C_interval_empty
20260511_090143,302272,nominal,processor,,False,conditional_h_C_interval_empty
20260511_090143,302273,nominal,processor,0101100,True,accepted
20260511_090143,302274,nominal,processor,0111110,True,accepted
20260511_090143,302275,nominal,processor,0001110,True,accepted
20260511_090143,302276,nominal,processor,0001010,True,accepted
20260511_090143,302277,nominal,processor,1110100,True,accepted
20260511_090143,302278,nominal,processor,0110111,True,accepted
20260511_090143,302279,nominal,processor,0000100,True,accepted
20260511_090143,302280,nominal,processor,,False,conditional_h_C_interval_empty
20260511_090143,302281,nominal,processor,0100101,True,accepted
20260511_090143,302282,nominal,processor,0000111,True,accepted
20260511_090143,302283,nominal,processor,0100111,True,accepted
20260511_090143,302284,nominal,processor,0101110,True,accepted
20260511_090143,302285,nominal,processor,0000000,True,accepted
20260511_090143,302286,nominal,processor,0001011,True,accepted
20260511_090143,302287,nominal,processor,,False,conditional_h_C_interval_empty
20260511_090143,302288,nominal,processor,,False,conditional_h_C_interval_empty
20260511_090143,302289,nominal,processor,1100100,True,accepted
20260511_090143,302290,nominal,processor,0100110,True,accepted
20260511_090143,302291,nominal,processor,0000101,True,accepted
20260511_090143,302292,nominal,processor,0000001,True,accepted
20260511_090143,302293,nominal,processor,0110101,True,accepted
20260511_090143,302294,nominal,processor,1111110,True,accepted
20260511_090143,302295,nominal,processor,0001101,True,accepted
20260511_090143,302296,nominal,processor,,False,conditional_h_C_interval_empty
20260511_090143,302297,nominal,processor,0001000,True,accepted
20260511_090143,302298,nominal,processor,0001111,True,accepted
20260511_090143,302299,nominal,processor,0111110,True,accepted
20260511_090143,302300,nominal,processor,1101110,True,accepted
20260511_090143,302301,nominal,processor,0001010,True,accepted
20260511_090143,302302,nominal,processor,0000011,True,accepted
20260511_090143,302303,nominal,processor,,False,conditional_h_C_interval_empty
20260511_090143,302304,nominal,processor,,False,conditional_h_C_interval_empty
20260511_090143,302305,nominal,processor,0000000,True,accepted
20260511_090143,302306,nominal,processor,0001100,True,accepted
20260511_090143,302307,nominal,processor,1110111,True,accepted
20260511_090143,302308,nominal,processor,1100110,True,accepted
20260511_090143,302309,nominal,processor,0100101,True,accepted
20260511_090143,302310,nominal,processor,0000110,True,accepted
20260511_090143,302311,nominal,processor,,False,conditional_h_C_interval_empty
20260511_090143,302312,nominal,processor,0001011,True,accepted
20260511_090143,302313,nominal,processor,1101111,True,accepted
20260511_090143,302314,nominal,processor,0111100,True,accepted
20260511_090143,302315,nominal,processor,0000100,True,accepted
20260511_090143,302316,nominal,processor,0000111,True,accepted
20260511_090143,302317,nominal,processor,0101101,True,accepted
20260511_090143,302318,nominal,processor,0111101,True,accepted
20260511_090143,302319,nominal,processor,,False,conditional_h_C_interval_empty
20260511_090143,302320,nominal,processor,,False,conditional_h_C_interval_empty
20260511_090143,302321,nominal,processor,0001001,True,accepted
20260511_090143,302322,nominal,processor,0000011,True,accepted
20260511_090143,302323,nominal,processor,0110101,True,accepted
20260511_090143,302324,nominal,processor,0101110,True,accepted
20260511_090143,302325,nominal,processor,0001001,True,accepted
20260511_090143,302326,nominal,processor,0001110,True,accepted
20260511_090143,302327,nominal,processor,,False,conditional_h_C_interval_empty
20260511_090143,302328,nominal,processor,0000010,True,accepted
20260511_090143,302329,nominal,processor,0110100,True,accepted
20260511_090143,302330,nominal,processor,1111110,True,accepted
20260511_090143,302331,nominal,processor,0001100,True,accepted
20260511_090143,302332,nominal,processor,,False,conditional_h_C_interval_empty
20260511_090143,302333,nominal,processor,1100110,True,accepted
20260511_090143,302334,nominal,processor,0100110,True,accepted
20260511_090143,302335,nominal,processor,,False,conditional_h_C_interval_empty
20260511_090143,302336,nominal,processor,,False,conditional_h_C_interval_empty
20260511_090143,302337,nominal,processor,0111111,True,accepted
20260511_090143,302338,nominal,processor,0101110,True,accepted
20260511_090143,302339,nominal,processor,0001000,True,accepted
20260511_090143,302340,nominal,processor,0000010,True,accepted
20260511_090143,302341,nominal,processor,0110110,True,accepted
20260511_090143,302342,nominal,processor,1101101,True,accepted
20260511_090143,302343,nominal,processor,0001010,True,accepted
20260511_090143,302344,nominal,processor,,False,conditional_h_C_interval_empty
20260511_090143,302345,nominal,processor,0000101,True,accepted
20260511_090143,302346,nominal,processor,0100100,True,accepted
20260511_090143,302347,nominal,processor,1100101,True,accepted
20260511_090143,302348,nominal,processor,1111101,True,accepted
20260511_090143,302349,nominal,processor,0001101,True,accepted
20260511_090143,302350,nominal,processor,0000001,True,accepted
20260511_090143,302351,nominal,processor,,False,conditional_h_C_interval_empty
20260511_090143,302352,nominal,processor,,False,conditional_h_C_interval_empty
20260511_090143,302353,nominal,processor,0100111,True,accepted
20260511_090143,302354,nominal,processor,1101100,True,accepted
20260511_090143,302355,nominal,processor,0100100,True,accepted
20260511_090143,302356,nominal,processor,0001100,True,accepted
20260511_090143,302357,nominal,processor,1111100,True,accepted
20260511_090143,302358,nominal,processor,0101111,True,accepted
20260511_090143,302359,nominal,processor,0000001,True,accepted
20260511_090143,302360,nominal,processor,,False,conditional_h_C_interval_empty
20260511_090143,302361,nominal,processor,0001101,True,accepted
20260511_090143,302362,nominal,processor,0000111,True,accepted
20260511_090143,302363,nominal,processor,0101100,True,accepted
20260511_090143,302364,nominal,processor,0111100,True,accepted
20260511_090143,302365,nominal,processor,0000101,True,accepted
20260511_090143,302366,nominal,processor,0001010,True,accepted
20260511_090143,302367,nominal,processor,,False,conditional_h_C_interval_empty
20260511_090143,302368,nominal,processor,,False,conditional_h_C_interval_empty
20260511_090143,302369,nominal,processor,1111110,True,accepted
20260511_090143,302370,nominal,processor,0110101,True,accepted
20260511_090143,302371,nominal,processor,0000001,True,accepted
20260511_090143,302372,nominal,processor,0000101,True,accepted
20260511_090143,302373,nominal,processor,0100110,True,accepted
20260511_090143,302374,nominal,processor,1100100,True,accepted
20260511_090143,302375,nominal,processor,0100100,True,accepted
20260511_090143,302376,nominal,processor,,False,conditional_h_C_interval_empty
20260511_090143,302377,nominal,processor,0000011,True,accepted
20260511_090143,302378,nominal,processor,0001010,True,accepted
20260511_090143,302379,nominal,processor,1101101,True,accepted
20260511_090143,302380,nominal,processor,0111110,True,accepted
20260511_090143,302381,nominal,processor,0001111,True,accepted
20260511_090143,302382,nominal,processor,0001000,True,accepted
20260511_090143,302383,nominal,processor,,False,conditional_h_C_interval_empty
20260511_090143,302384,nominal,processor,0000100,True,accepted
20260511_090143,302385,nominal,processor,0110111,True,accepted
20260511_090143,302386,nominal,processor,1110100,True,accepted
20260511_090143,302387,nominal,processor,0001010,True,accepted
20260511_090143,302388,nominal,processor,0001110,True,accepted
20260511_090143,302389,nominal,processor,0111110,True,accepted
20260511_090143,302390,nominal,processor,0101100,True,accepted
20260511_090143,302391,nominal,processor,0001000,True,accepted
20260511_090143,302392,nominal,processor,,False,conditional_h_C_interval_empty
20260511_090143,302393,nominal,processor,0001011,True,accepted
20260511_090143,302394,nominal,processor,0000000,True,accepted
20260511_090143,302395,nominal,processor,0101110,True,accepted
20260511_090143,302396,nominal,processor,0100111,True,accepted
20260511_090143,302397,nominal,processor,0000111,True,accepted
20260511_090143,302398,nominal,processor,0100101,True,accepted
20260511_090143,302399,nominal,processor,,False,conditional_h_C_interval_empty
20260511_090143,302400,nominal,processor,,False,conditional_h_C_interval_empty
20260511_090143,302401,nominal,processor,0000111,True,accepted
20260511_090143,302402,nominal,processor,0001110,True,accepted
20260511_090143,302403,nominal,processor,0111101,True,accepted
20260511_090143,302404,nominal,processor,1101111,True,accepted
20260511_090143,302405,nominal,processor,0001011,True,accepted
20260511_090143,302406,nominal,processor,0000011,True,accepted
20260511_090143,302407,nominal,processor,,False,conditional_h_C_interval_empty
20260511_090143,302408,nominal,processor,0100101,True,accepted
20260511_090143,302409,nominal,processor,1100111,True,accepted
20260511_090143,302410,nominal,processor,0101100,True,accepted
20260511_090143,302411,nominal,processor,0000110,True,accepted
20260511_090143,302412,nominal,processor,0000000,True,accepted
20260511_090143,302413,nominal,processor,0101111,True,accepted
20260511_090143,302414,nominal,processor,1110110,True,accepted
20260511_090143,302415,nominal,processor,,False,conditional_h_C_interval_empty
20260511_090143,302416,nominal,processor,,False,conditional_h_C_interval_empty
20260511_090143,302417,nominal,processor,0001111,True,accepted
20260511_090143,302418,nominal,processor,0000101,True,accepted
20260511_090143,302419,nominal,processor,0100110,True,accepted
20260511_090143,302420,nominal,processor,0110100,True,accepted
20260511_090143,302421,nominal,processor,0000010,True,accepted
20260511_090143,302422,nominal,processor,0001100,True,accepted
20260511_090143,302423,nominal,processor,,False,conditional_h_C_interval_empty
20260511_090143,302424,nominal,processor,,False,conditional_h_C_interval_empty
20260511_090143,302425,nominal,processor,0101101,True,accepted
20260511_090143,302426,nominal,processor,0111111,True,accepted
20260511_090143,302427,nominal,processor,0001110,True,accepted
20260511_090143,302428,nominal,processor,0001001,True,accepted
20260511_090143,302429,nominal,processor,1101110,True,accepted
20260511_090143,302430,nominal,processor,0110110,True,accepted
20260511_090143,302431,nominal,processor,,False,conditional_h_C_interval_empty
20260511_090143,302432,nominal,processor,,False,conditional_h_C_interval_empty
20260511_090143,302433,nominal,processor,0000000,True,accepted
20260511_090143,302434,nominal,processor,0001011,True,accepted
20260511_090143,302435,nominal,processor,1111100,True,accepted
20260511_090143,302436,nominal,processor,1101100,True,accepted
20260511_090143,302437,nominal,processor,0100101,True,accepted
20260511_090143,302438,nominal,processor,0000111,True,accepted
20260511_090143,302439,nominal,processor,,False,conditional_h_C_interval_empty
20260511_090143,302440,nominal,processor,0001010,True,accepted
20260511_090143,302441,nominal,processor,1110100,True,accepted
20260511_090143,302442,nominal,processor,0110111,True,accepted
20260511_090143,302443,nominal,processor,0000100,True,accepted
20260511_090143,302444,nominal,processor,0001000,True,accepted
20260511_090143,302445,nominal,processor,0101100,True,accepted
20260511_090143,302446,nominal,processor,0111110,True,accepted
20260511_090143,302447,nominal,processor,,False,conditional_h_C_interval_empty
20260511_090143,302448,nominal,processor,,False,conditional_h_C_interval_empty
20260511_090143,302449,nominal,processor,0001010,True,accepted
20260511_090143,302450,nominal,processor,0000011,True,accepted
20260511_090143,302451,nominal,processor,0110111,True,accepted
20260511_090143,302452,nominal,processor,0101110,True,accepted
20260511_090143,302453,nominal,processor,0001000,True,accepted
20260511_090143,302454,nominal,processor,0001111,True,accepted
20260511_090143,302455,nominal,processor,,False,conditional_h_C_interval_empty
20260511_090143,302456,nominal,processor,0000001,True,accepted
20260511_090143,302457,nominal,processor,0110101,True,accepted
20260511_090143,302458,nominal,processor,1111101,True,accepted
20260511_090143,302459,nominal,processor,0001101,True,accepted
20260511_090143,302460,nominal,processor,0100100,True,accepted
20260511_090143,302461,nominal,processor,1100101,True,accepted
20260511_090143,302462,nominal,processor,0100110,True,accepted
20260511_090143,302463,nominal,processor,,False,conditional_h_C_interval_empty
20260511_090143,302464,nominal,processor,,False,conditional_h_C_interval_empty
20260511_090143,302465,nominal,processor,0111111,True,accepted
20260511_090143,302466,nominal,processor,0101101,True,accepted
20260511_090143,302467,nominal,processor,0001001,True,accepted
20260511_090143,302468,nominal,processor,0000011,True,accepted
20260511_090143,302469,nominal,processor,0110110,True,accepted
20260511_090143,302470,nominal,processor,1101110,True,accepted
20260511_090143,302471,nominal,processor,0001010,True,accepted
20260511_090143,302472,nominal,processor,,False,conditional_h_C_interval_empty
20260511_090143,302473,nominal,processor,0000101,True,accepted
20260511_090143,302474,nominal,processor,0001111,True,accepted
20260511_090143,302475,nominal,processor,1100101,True,accepted
20260511_090143,302476,nominal,processor,1111111,True,accepted
20260511_090143,302477,nominal,processor,0001101,True,accepted
20260511_090143,302478,nominal,processor,0000010,True,accepted
20260511_090143,302479,nominal,processor,,False,conditional_h_C_interval_empty
20260511_090143,302480,nominal,processor,,False,conditional_h_C_interval_empty
20260511_090143,302481,nominal,processor,0101100,True,accepted
20260511_090143,302482,nominal,processor,1101100,True,accepted
20260511_090143,302483,nominal,processor,0100101,True,accepted
20260511_090143,302484,nominal,processor,0001100,True,accepted
20260511_090143,302485,nominal,processor,1110110,True,accepted
20260511_090143,302486,nominal,processor,0101111,True,accepted
20260511_090143,302487,nominal,processor,0000000,True,accepted
20260511_090143,302488,nominal,processor,,False,conditional_h_C_interval_empty
20260511_090143,302489,nominal,processor,0001110,True,accepted
20260511_090143,302490,nominal,processor,0000111,True,accepted
20260511_090143,302491,nominal,processor,0101101,True,accepted
20260511_090143,302492,nominal,processor,0111100,True,accepted
20260511_090143,302493,nominal,processor,0000100,True,accepted
20260511_090143,302494,nominal,processor,0001011,True,accepted
20260511_090143,302495,nominal,processor,,False,conditional_h_C_interval_empty
20260511_090143,302496,nominal,processor,,False,conditional_h_C_interval_empty
20260511_090143,302497,nominal,processor,1111111,True,accepted
20260511_090143,302498,nominal,processor,0101111,True,accepted
20260511_090143,302499,nominal,processor,0000010,True,accepted
20260511_090143,302500,nominal,processor,0000110,True,accepted
20260511_090143,302501,nominal,processor,0100110,True,accepted
20260511_090143,302502,nominal,processor,1100110,True,accepted
20260511_090143,302503,nominal,processor,,False,conditional_h_C_interval_empty
20260511_090143,302504,nominal,processor,,False,conditional_h_C_interval_empty
20260511_090143,302505,nominal,processor,0000011,True,accepted
20260511_090143,302506,nominal,processor,0001001,True,accepted
20260511_090143,302507,nominal,processor,1101110,True,accepted
20260511_090143,302508,nominal,processor,1100100,True,accepted
20260511_090143,302509,nominal,processor,0001110,True,accepted
20260511_090143,302510,nominal,processor,0001001,True,accepted
20260511_090143,302511,nominal,processor,,False,conditional_h_C_interval_empty
20260511_090143,302512,nominal,processor,,False,conditional_h_C_interval_empty
20260511_090143,302513,nominal,processor,0111101,True,accepted
20260511_090143,302514,nominal,processor,1101111,True,accepted
20260511_090143,302515,nominal,processor,0001011,True,accepted
20260511_090143,302516,nominal,processor,0001110,True,accepted
20260511_090143,302517,nominal,processor,0111101,True,accepted
20260511_090143,302518,nominal,processor,0101101,True,accepted
20260511_090143,302519,nominal,processor,0000111,True,accepted
20260511_090143,302520,nominal,processor,,False,conditional_h_C_interval_empty
20260511_090143,302521,nominal,processor,0001100,True,accepted
20260511_090143,302522,nominal,processor,0000000,True,accepted
20260511_090143,302523,nominal,processor,0101111,True,accepted
20260511_090143,302524,nominal,processor,0100111,True,accepted
20260511_090143,302525,nominal,processor,0000110,True,accepted
20260511_090143,302526,nominal,processor,0100101,True,accepted
20260511_090143,302527,nominal,processor,,False,conditional_h_C_interval_empty
20260511_090143,302528,nominal,processor,,False,conditional_h_C_interval_empty
20260511_090143,302529,nominal,processor,0001000,True,accepted
20260511_090143,302530,nominal,processor,0001101,True,accepted
20260511_090143,302531,nominal,processor,0111110,True,accepted
20260511_090143,302532,nominal,processor,1110101,True,accepted
20260511_090143,302533,nominal,processor,0001011,True,accepted
20260511_090143,302534,nominal,processor,0000100,True,accepted
20260511_090143,302535,nominal,processor,,False,conditional_h_C_interval_empty
20260511_090143,302536,nominal,processor,0100100,True,accepted
20260511_090143,302537,nominal,processor,1101100,True,accepted
20260511_090143,302538,nominal,processor,0100111,True,accepted
20260511_090143,302539,nominal,processor,0000110,True,accepted
20260511_090143,302540,nominal,processor,0000001,True,accepted
20260511_090143,302541,nominal,processor,0101111,True,accepted
20260511_090143,302542,nominal,processor,1111100,True,accepted
20260511_090143,302543,nominal,processor,,False,conditional_h_C_interval_empty
20260511_090143,302544,nominal,processor,,False,conditional_h_C_interval_empty
20260511_090143,302545,nominal,processor,0100100,True,accepted
20260511_090143,302546,nominal,processor,0000101,True,accepted
20260511_090143,302547,nominal,processor,0100110,True,accepted
20260511_090143,302548,nominal,processor,0110101,True,accepted
20260511_090143,302549,nominal,processor,0000001,True,accepted
20260511_090143,302550,nominal,processor,0001101,True,accepted
20260511_090143,302551,nominal,processor,,False,conditional_h_C_interval_empty
20260511_090143,302552,nominal,processor,,False,conditional_h_C_interval_empty
20260511_090143,302553,nominal,processor,0101110,True,accepted
20260511_090143,302554,nominal,processor,0111111,True,accepted
20260511_090143,302555,nominal,processor,0001111,True,accepted
20260511_090143,302556,nominal,processor,0001010,True,accepted
20260511_090143,302557,nominal,processor,1101101,True,accepted
20260511_090143,302558,nominal,processor,0110110,True,accepted
20260511_090143,302559,nominal,processor,,False,conditional_h_C_interval_empty
20260511_090143,302560,nominal,processor,,False,conditional_h_C_interval_empty
20260511_090143,302561,nominal,processor,1110111,True,accepted
20260511_090143,302562,nominal,processor,0101111,True,accepted
20260511_090143,302563,nominal,processor,0000000,True,accepted
20260511_090143,302564,nominal,processor,0000110,True,accepted
20260511_090143,302565,nominal,processor,0101100,True,accepted
20260511_090143,302566,nominal,processor,1100111,True,accepted
20260511_090143,302567,nominal,processor,,False,conditional_h_C_interval_empty
20260511_090143,302568,nominal,processor,0111101,True,accepted
20260511_090143,302569,nominal,processor,0000100,True,accepted
20260511_090143,302570,nominal,processor,0001011,True,accepted
20260511_090143,302571,nominal,processor,1101111,True,accepted
20260511_090143,302572,nominal,processor,,False,conditional_h_C_interval_empty
20260511_090143,302573,nominal,processor,0001110,True,accepted
20260511_090143,302574,nominal,processor,0000111,True,accepted
20260511_090143,302575,nominal,processor,,False,conditional_h_C_interval_empty
20260511_090143,302576,nominal,processor,,False,conditional_h_C_interval_empty
20260511_090143,302577,nominal,processor,0110101,True,accepted
20260511_090143,302578,nominal,processor,1101110,True,accepted
20260511_090143,302579,nominal,processor,0001001,True,accepted
20260511_090143,302580,nominal,processor,0001110,True,accepted
20260511_090143,302581,nominal,processor,0111111,True,accepted
20260511_090143,302582,nominal,processor,0101110,True,accepted
20260511_090143,302583,nominal,processor,,False,conditional_h_C_interval_empty
20260511_090143,302584,nominal,processor,,False,conditional_h_C_interval_empty
20260511_090143,302585,nominal,processor,0001100,True,accepted
20260511_090143,302586,nominal,processor,0000010,True,accepted
20260511_090143,302587,nominal,processor,0101111,True,accepted
20260511_090143,302588,nominal,processor,0100110,True,accepted
20260511_090143,302589,nominal,processor,0000110,True,accepted
20260511_090143,302590,nominal,processor,0001111,True,accepted
20260511_090143,302591,nominal,processor,,False,conditional_h_C_interval_empty
20260511_090143,302592,nominal,processor,,False,conditional_h_C_interval_empty
20260511_090143,302593,nominal,processor,0001000,True,accepted
20260511_090143,302594,nominal,processor,0001111,True,accepted
20260511_090143,302595,nominal,processor,,False,conditional_h_C_interval_empty
20260511_090143,302596,nominal,processor,1101101,True,accepted
20260511_090143,302597,nominal,processor,0001010,True,accepted
20260511_090143,302598,nominal,processor,0000010,True,accepted
20260511_090143,302599,nominal,processor,0110110,True,accepted
20260511_090143,302600,nominal,processor,,False,conditional_h_C_interval_empty
20260511_090143,302601,nominal,processor,1100101,True,accepted
20260511_090143,302602,nominal,processor,0100111,True,accepted
20260511_090143,302603,nominal,processor,0000101,True,accepted
20260511_090143,302604,nominal,processor,0000001,True,accepted
20260511_090143,302605,nominal,processor,0110100,True,accepted
20260511_090143,302606,nominal,processor,1111101,True,accepted
20260511_090143,302607,nominal,processor,,False,conditional_h_C_interval_empty
20260511_090143,302608,nominal,processor,,False,conditional_h_C_interval_empty
20260511_090143,302609,nominal,processor,0100100,True,accepted
20260511_090143,302610,nominal,processor,0000110,True,accepted
20260511_090143,302611,nominal,processor,0100111,True,accepted
20260511_090143,302612,nominal,processor,0101111,True,accepted
20260511_090143,302613,nominal,processor,0000001,True,accepted
20260511_090143,302614,nominal,processor,0001100,True,accepted
20260511_090143,302615,nominal,processor,1111100,True,accepted
20260511_090143,302616,nominal,processor,,False,conditional_h_C_interval_empty
20260511_090143,302617,nominal,processor,0101100,True,accepted
20260511_090143,302618,nominal,processor,0111110,True,accepted
20260511_090143,302619,nominal,processor,0001101,True,accepted
20260511_090143,302620,nominal,processor,0001011,True,accepted
20260511_090143,302621,nominal,processor,1110101,True,accepted
20260511_090143,302622,nominal,processor,0110111,True,accepted
20260511_090143,302623,nominal,processor,,False,conditional_h_C_interval_empty
20260511_090143,302624,nominal,processor,,False,conditional_h_C_interval_empty
20260511_090143,302625,nominal,processor,0000010,True,accepted
20260511_090143,302626,nominal,processor,0001101,True,accepted
20260511_090143,302627,nominal,processor,1111110,True,accepted
20260511_090143,302628,nominal,processor,1100100,True,accepted
20260511_090143,302629,nominal,processor,0100100,True,accepted
20260511_090143,302630,nominal,processor,0000101,True,accepted
20260511_090143,302631,nominal,processor,,False,conditional_h_C_interval_empty
20260511_090143,302632,nominal,processor,0001010,True,accepted
20260511_090143,302633,nominal,processor,1101101,True,accepted
20260511_090143,302634,nominal,processor,0110111,True,accepted
20260511_090143,302635,nominal,processor,0000011,True,accepted
20260511_090143,302636,nominal,processor,0001000,True,accepted
20260511_090143,302637,nominal,processor,0101110,True,accepted
20260511_090143,302638,nominal,processor,0111111,True,accepted
20260511_090143,302639,nominal,processor,,False,conditional_h_C_interval_empty
20260511_090143,302640,nominal,processor,,False,conditional_h_C_interval_empty
20260511_090143,302641,nominal,processor,0001010,True,accepted
20260511_090143,302642,nominal,processor,0000100,True,accepted
20260511_090143,302643,nominal,processor,0110111,True,accepted
20260511_090143,302644,nominal,processor,0101101,True,accepted
20260511_090143,302645,nominal,processor,0001000,True,accepted
20260511_090143,302646,nominal,processor,0001110,True,accepted
20260511_090143,302647,nominal,processor,0111110,True,accepted
20260511_090143,302648,nominal,processor,,False,conditional_h_C_interval_empty
20260511_090143,302649,nominal,processor,0101110,True,accepted
20260511_090143,302650,nominal,processor,1111100,True,accepted
20260511_090143,302651,nominal,processor,0001011,True,accepted
20260511_090143,302652,nominal,processor,0100100,True,accepted
20260511_090143,302653,nominal,processor,1101100,True,accepted
20260511_090143,302654,nominal,processor,0100111,True,accepted
20260511_090143,302655,nominal,processor,,False,conditional_h_C_interval_empty
20260511_090143,302656,nominal,processor,,False,conditional_h_C_interval_empty
20260511_090143,302657,nominal,processor,0111101,True,accepted
20260511_090143,302658,nominal,processor,0101101,True,accepted
20260511_090143,302659,nominal,processor,0000111,True,accepted
20260511_090143,302660,nominal,processor,0000100,True,accepted
20260511_090143,302661,nominal,processor,0111100,True,accepted
20260511_090143,302662,nominal,processor,1101111,True,accepted
20260511_090143,302663,nominal,processor,,False,conditional_h_C_interval_empty
20260511_090143,302664,nominal,processor,0101100,True,accepted
20260511_090143,302665,nominal,processor,0000110,True,accepted
20260511_090143,302666,nominal,processor,0100101,True,accepted
20260511_090143,302667,nominal,processor,1100111,True,accepted
20260511_090143,302668,nominal,processor,1110110,True,accepted
20260511_090143,302669,nominal,processor,0001100,True,accepted
20260511_090143,302670,nominal,processor,0000000,True,accepted
20260511_090143,302671,nominal,processor,,False,conditional_h_C_interval_empty
20260511_090143,302672,nominal,processor,,False,conditional_h_C_interval_empty
20260511_090143,302673,nominal,processor,0100110,True,accepted
20260511_090143,302674,nominal,processor,1100110,True,accepted
20260511_090143,302675,nominal,processor,0001111,True,accepted
20260511_090143,302676,nominal,processor,0001101,True,accepted
20260511_090143,302677,nominal,processor,1111111,True,accepted
20260511_090143,302678,nominal,processor,0110100,True,accepted
20260511_090143,302679,nominal,processor,0000010,True,accepted
20260511_090143,302680,nominal,processor,,False,conditional_h_C_interval_empty
20260511_090143,302681,nominal,processor,0001110,True,accepted
20260511_090143,302682,nominal,processor,0001001,True,accepted
20260511_090143,302683,nominal,processor,0101101,True,accepted
20260511_090143,302684,nominal,processor,0110110,True,accepted
20260511_090143,302685,nominal,processor,0000011,True,accepted
20260511_090143,302686,nominal,processor,0001010,True,accepted
20260511_090143,302687,nominal,processor,,False,conditional_h_C_interval_empty
20260511_090143,302688,nominal,processor,,False,conditional_h_C_interval_empty
20260511_090143,302689,nominal,processor,1111100,True,accepted
20260511_090143,302690,nominal,processor,0101110,True,accepted
20260511_090143,302691,nominal,processor,0000000,True,accepted
20260511_090143,302692,nominal,processor,0000111,True,accepted
20260511_090143,302693,nominal,processor,0100111,True,accepted
20260511_090143,302694,nominal,processor,1101100,True,accepted
20260511_090143,302695,nominal,processor,,False,conditional_h_C_interval_empty
20260511_090143,302696,nominal,processor,0110111,True,accepted
20260511_090143,302697,nominal,processor,0000100,True,accepted
20260511_090143,302698,nominal,processor,0001010,True,accepted
20260511_090143,302699,nominal,processor,1110100,True,accepted
20260511_090143,302700,nominal,processor,0111110,True,accepted
20260511_090143,302701,nominal,processor,0001110,True,accepted
20260511_090143,302702,nominal,processor,0001000,True,accepted
20260511_090143,302703,nominal,processor,,False,conditional_h_C_interval_empty
20260511_090143,302704,nominal,processor,,False,conditional_h_C_interval_empty
20260511_090143,302705,nominal,processor,0110111,True,accepted
20260511_090143,302706,nominal,processor,1101110,True,accepted
20260511_090143,302707,nominal,processor,0001010,True,accepted
20260511_090143,302708,nominal,processor,0001111,True,accepted
20260511_090143,302709,nominal,processor,0111110,True,accepted
20260511_090143,302710,nominal,processor,0101110,True,accepted
20260511_090143,302711,nominal,processor,,False,conditional_h_C_interval_empty
20260511_090143,302712,nominal,processor,1111110,True,accepted
20260511_090143,302713,nominal,processor,0001101,True,accepted
20260511_090143,302714,nominal,processor,0000001,True,accepted
20260511_090143,302715,nominal,processor,0110101,True,accepted
20260511_090143,302716,nominal,processor,,False,conditional_h_C_interval_empty
20260511_090143,302717,nominal,processor,0000101,True,accepted
20260511_090143,302718,nominal,processor,0001111,True,accepted
20260511_090143,302719,nominal,processor,,False,conditional_h_C_interval_empty
20260511_090143,302720,nominal,processor,,False,conditional_h_C_interval_empty
20260511_090143,302721,nominal,processor,0001001,True,accepted
20260511_090143,302722,nominal,processor,0001110,True,accepted
20260511_090143,302723,nominal,processor,,False,conditional_h_C_interval_empty
20260511_090143,302724,nominal,processor,1101110,True,accepted
20260511_090143,302725,nominal,processor,0001001,True,accepted
20260511_090143,302726,nominal,processor,0000011,True,accepted
20260511_090143,302727,nominal,processor,,False,conditional_h_C_interval_empty
20260511_090143,302728,nominal,processor,0001111,True,accepted
20260511_090143,302729,nominal,processor,1100110,True,accepted
20260511_090143,302730,nominal,processor,0100110,True,accepted
20260511_090143,302731,nominal,processor,0000101,True,accepted
20260511_090143,302732,nominal,processor,0000010,True,accepted
20260511_090143,302733,nominal,processor,0110100,True,accepted
20260511_090143,302734,nominal,processor,1111111,True,accepted
20260511_090143,302735,nominal,processor,,False,conditional_h_C_interval_empty
20260511_090143,302736,nominal,processor,,False,conditional_h_C_interval_empty
20260511_090143,302737,nominal,processor,0100101,True,accepted
20260511_090143,302738,nominal,processor,0000110,True,accepted
20260511_090143,302739,nominal,processor,0101100,True,accepted
20260511_090143,302740,nominal,processor,0101111,True,accepted
20260511_090143,302741,nominal,processor,0000000,True,accepted
20260511_090143,302742,nominal,processor,0001100,True,accepted
20260511_090143,302743,nominal,processor,1110110,True,accepted
20260511_090143,302744,nominal,processor,,False,conditional_h_C_interval_empty
20260511_090143,302745,nominal,processor,0101101,True,accepted
20260511_090143,302746,nominal,processor,0111101,True,accepted
20260511_090143,302747,nominal,processor,0001110,True,accepted
20260511_090143,302748,nominal,processor,0001011,True,accepted
20260511_090143,302749,nominal,processor,1101111,True,accepted
20260511_090143,302750,nominal,processor,0111100,True,accepted
20260511_090143,302751,nominal,processor,,False,conditional_h_C_interval_empty
20260511_090143,302752,nominal,processor,,False,conditional_h_C_interval_empty
20260511_090143,302753,nominal,processor,0000010,True,accepted
20260511_090143,302754,nominal,processor,0001100,True,accepted
20260511_090143,302755,nominal,processor,1111110,True,accepted
20260511_090143,302756,nominal,processor,1100110,True,accepted
20260511_090143,302757,nominal,processor,0001111,True,accepted
20260511_090143,302758,nominal,processor,0000110,True,accepted
20260511_090143,302759,nominal,processor,0100110,True,accepted
20260511_090143,302760,nominal,processor,,False,conditional_h_C_interval_empty
20260511_090143,302761,nominal,processor,1101110,True,accepted
20260511_090143,302762,nominal,processor,0110110,True,accepted
20260511_090143,302763,nominal,processor,0000011,True,accepted
20260511_090143,302764,nominal,processor,0001001,True,accepted
20260511_090143,302765,nominal,processor,0101110,True,accepted
20260511_090143,302766,nominal,processor,1100100,True,accepted
20260511_090143,302767,nominal,processor,,False,conditional_h_C_interval_empty
20260511_090143,302768,nominal,processor,,False,conditional_h_C_interval_empty
20260511_090143,302769,nominal,processor,0001011,True,accepted
20260511_090143,302770,nominal,processor,0000100,True,accepted
20260511_090143,302771,nominal,processor,0111100,True,accepted
20260511_090143,302772,nominal,processor,0101101,True,accepted
20260511_090143,302773,nominal,processor,0000111,True,accepted
20260511_090143,302774,nominal,processor,0001110,True,accepted
20260511_090143,302775,nominal,processor,,False,conditional_h_C_interval_empty
20260511_090143,302776,nominal,processor,,False,conditional_h_C_interval_empty
20260511_090143,302777,nominal,processor,0101111,True,accepted
20260511_090143,302778,nominal,processor,1110111,True,accepted
20260511_090143,302779,nominal,processor,0001100,True,accepted
20260511_090143,302780,nominal,processor,0100101,True,accepted
20260511_090143,302781,nominal,processor,1100111,True,accepted
20260511_090143,302782,nominal,processor,0101100,True,accepted
20260511_090143,302783,nominal,processor,,False,conditional_h_C_interval_empty
20260511_090143,302784,nominal,processor,,False,conditional_h_C_interval_empty
20260511_090143,302785,nominal,processor,0111110,True,accepted
20260511_090143,302786,nominal,processor,0101100,True,accepted
20260511_090143,302787,nominal,processor,0000111,True,accepted
20260511_090143,302788,nominal,processor,0000100,True,accepted
20260511_090143,302789,nominal,processor,0111100,True,accepted
20260511_090143,302790,nominal,processor,1110101,True,accepted
20260511_090143,302791,nominal,processor,,False,conditional_h_C_interval_empty
20260511_090143,302792,nominal,processor,0100111,True,accepted
20260511_090143,302793,nominal,processor,0000110,True,accepted
20260511_090143,302794,nominal,processor,0100100,True,accepted
20260511_090143,302795,nominal,processor,1101100,True,accepted
20260511_090143,302796,nominal,processor,1111100,True,accepted
20260511_090143,302797,nominal,processor,0001011,True,accepted
20260511_090143,302798,nominal,processor,0000001,True,accepted
20260511_090143,302799,nominal,processor,,False,conditional_h_C_interval_empty
20260511_090143,302800,nominal,processor,,False,conditional_h_C_interval_empty
20260511_090143,302801,nominal,processor,0100111,True,accepted
20260511_090143,302802,nominal,processor,1100101,True,accepted
20260511_090143,302803,nominal,processor,0100100,True,accepted
20260511_090143,302804,nominal,processor,0001101,True,accepted
20260511_090143,302805,nominal,processor,1111101,True,accepted
20260511_090143,302806,nominal,processor,0110100,True,accepted
20260511_090143,302807,nominal,processor,0000001,True,accepted
20260511_090143,302808,nominal,processor,,False,conditional_h_C_interval_empty
20260511_090143,302809,nominal,processor,0001111,True,accepted
20260511_090143,302810,nominal,processor,0001000,True,accepted
20260511_090143,302811,nominal,processor,0101110,True,accepted
20260511_090143,302812,nominal,processor,0110110,True,accepted
20260511_090143,302813,nominal,processor,0000010,True,accepted
20260511_090143,302814,nominal,processor,0001010,True,accepted
20260511_090143,302815,nominal,processor,,False,conditional_h_C_interval_empty
20260511_090143,302816,nominal,processor,,False,conditional_h_C_interval_empty
20260511_090143,302817,nominal,processor,0001100,True,accepted
20260511_090143,302818,nominal,processor,0000000,True,accepted
20260511_090143,302819,nominal,processor,,False,conditional_h_C_interval_empty
20260511_090143,302820,nominal,processor,0101100,True,accepted
20260511_090143,302821,nominal,processor,0000110,True,accepted
20260511_090143,302822,nominal,processor,0100101,True,accepted
20260511_090143,302823,nominal,processor,1100111,True,accepted
20260511_090143,302824,nominal,processor,0000011,True,accepted
20260511_090143,302825,nominal,processor,0111100,True,accepted
20260511_090143,302826,nominal,processor,1101111,True,accepted
20260511_090143,302827,nominal,processor,0001011,True,accepted
20260511_090143,302828,nominal,processor,0001110,True,accepted
20260511_090143,302829,nominal,processor,0111101,True,accepted
20260511_090143,302830,nominal,processor,0101101,True,accepted
20260511_090143,302831,nominal,processor,,False,conditional_h_C_interval_empty
20260511_090143,302832,nominal,processor,,False,conditional_h_C_interval_empty
20260511_090143,302833,nominal,processor,0000011,True,accepted
20260511_090143,302834,nominal,processor,0001001,True,accepted
20260511_090143,302835,nominal,processor,1101110,True,accepted
20260511_090143,302836,nominal,processor,0111111,True,accepted
20260511_090143,302837,nominal,processor,0001110,True,accepted
20260511_090143,302838,nominal,processor,0001001,True,accepted
20260511_090143,302839,nominal,processor,,False,conditional_h_C_interval_empty
20260511_090143,302840,nominal,processor,,False,conditional_h_C_interval_empty
20260511_090143,302841,nominal,processor,1111111,True,accepted
20260511_090143,302842,nominal,processor,0110100,True,accepted
20260511_090143,302843,nominal,processor,0000010,True,accepted
20260511_090143,302844,nominal,processor,0000101,True,accepted
20260511_090143,302845,nominal,processor,0100110,True,accepted
20260511_090143,302846,nominal,processor,1100110,True,accepted
20260511_090143,302847,nominal,processor,,False,conditional_h_C_interval_empty
20260511_090143,302848,nominal,processor,,False,conditional_h_C_interval_empty
20260511_090143,302849,nominal,processor,0101110,True,accepted
20260511_090143,302850,nominal,processor,0111110,True,accepted
20260511_090143,302851,nominal,processor,0001111,True,accepted
20260511_090143,302852,nominal,processor,0001010,True,accepted
20260511_090143,302853,nominal,processor,1101110,True,accepted
20260511_090143,302854,nominal,processor,0110111,True,accepted
20260511_090143,302855,nominal,processor,,False,conditional_h_C_interval_empty
20260511_090143,302856,nominal,processor,1100100,True,accepted
20260511_090143,302857,nominal,processor,0100100,True,accepted
20260511_090143,302858,nominal,processor,0000101,True,accepted
20260511_090143,302859,nominal,processor,0100110,True,accepted
20260511_090143,302860,nominal,processor,0110101,True,accepted
20260511_090143,302861,nominal,processor,0000001,True,accepted
20260511_090143,302862,nominal,processor,0001101,True,accepted
20260511_090143,302863,nominal,processor,,False,conditional_h_C_interval_empty
20260511_090143,302864,nominal,processor,,False,conditional_h_C_interval_empty
20260511_090143,302865,nominal,processor,1101101,True,accepted
20260511_090143,302866,nominal,processor,0100111,True,accepted
20260511_090143,302867,nominal,processor,0000111,True,accepted
20260511_090143,302868,nominal,processor,0000000,True,accepted
20260511_090143,302869,nominal,processor,0101110,True,accepted
20260511_090143,302870,nominal,processor,1110111,True,accepted
20260511_090143,302871,nominal,processor,0001011,True,accepted
20260511_090143,302872,nominal,processor,,False,conditional_h_C_interval_empty
20260511_090143,302873,nominal,processor,0001000,True,accepted
20260511_090143,302874,nominal,processor,0001110,True,accepted
20260511_090143,302875,nominal,processor,0111110,True,accepted
20260511_090143,302876,nominal,processor,1110100,True,accepted
20260511_090143,302877,nominal,processor,0001010,True,accepted
20260511_090143,302878,nominal,processor,0000100,True,accepted
20260511_090143,302879,nominal,processor,,False,conditional_h_C_interval_empty
20260511_090143,302880,nominal,processor,,False,conditional_h_C_interval_empty
20260511_090143,302881,nominal,processor,0110100,True,accepted
20260511_090143,302882,nominal,processor,1111101,True,accepted
20260511_090143,302883,nominal,processor,0001101,True,accepted
20260511_090143,302884,nominal,processor,0100100,True,accepted
20260511_090143,302885,nominal,processor,1100101,True,accepted
20260511_090143,302886,nominal,processor,0100111,True,accepted
20260511_090143,302887,nominal,processor,,False,conditional_h_C_interval_empty
20260511_090143,302888,nominal,processor,1101101,True,accepted
20260511_090143,302889,nominal,processor,0001010,True,accepted
20260511_090143,401024,nominal,trader,0000101,True,accepted
20260511_090143,401025,nominal,trader,1101110,True,accepted
20260511_090143,401026,nominal,trader,0101101,True,accepted
20260511_090143,401027,nominal,trader,0001011,True,accepted
20260511_090143,401028,nominal,trader,0001101,True,accepted
20260511_090143,401029,nominal,trader,0101111,True,accepted
20260511_090143,401030,nominal,trader,1100110,True,accepted
20260511_090143,401031,nominal,trader,0000010,True,accepted
20260511_090143,401032,nominal,trader,0100110,True,accepted
20260511_090143,401033,nominal,trader,0001010,True,accepted
20260511_090143,401034,nominal,trader,0001000,True,accepted
20260511_090143,401035,nominal,trader,1110110,True,accepted
20260511_090143,401036,nominal,trader,0111101,True,accepted
20260511_090143,401037,nominal,trader,0000001,True,accepted
20260511_090143,401038,nominal,trader,0100100,True,accepted
20260511_090143,401039,nominal,trader,0110101,True,accepted
20260511_090143,401040,nominal,trader,0001010,True,accepted
20260511_090143,401041,nominal,trader,0101100,True,accepted
20260511_090143,401042,nominal,trader,1111111,True,accepted
20260511_090143,401043,nominal,trader,0001000,True,accepted
20260511_090143,401044,nominal,trader,0000001,True,accepted
20260511_090143,401045,nominal,trader,1100100,True,accepted
20260511_090143,401046,nominal,trader,0111101,True,accepted
20260511_090143,401047,nominal,trader,0100100,True,accepted
20260511_090143,401048,nominal,trader,1101111,True,accepted
20260511_090143,401049,nominal,trader,0000111,True,accepted
20260511_090143,401050,nominal,trader,0001101,True,accepted
20260511_090143,401051,nominal,trader,0101101,True,accepted
20260511_090143,401052,nominal,trader,0101111,True,accepted
20260511_090143,401053,nominal,trader,0001111,True,accepted
20260511_090143,401054,nominal,trader,0000100,True,accepted
20260511_090143,401055,nominal,trader,1100111,True,accepted
20260511_090143,401056,nominal,trader,0110111,True,accepted
20260511_090143,401057,nominal,trader,0100101,True,accepted
20260511_090143,401058,nominal,trader,0000010,True,accepted
20260511_090143,401059,nominal,trader,0111110,True,accepted
20260511_090143,401060,nominal,trader,1111101,True,accepted
20260511_090143,401061,nominal,trader,0001001,True,accepted
20260511_090143,401062,nominal,trader,0001011,True,accepted
20260511_090143,401063,nominal,trader,0100111,True,accepted
20260511_090143,401064,nominal,trader,0000100,True,accepted
20260511_090143,401065,nominal,trader,1101100,True,accepted
20260511_090143,401066,nominal,trader,0110101,True,accepted
20260511_090143,401067,nominal,trader,0001110,True,accepted
20260511_090143,401068,nominal,trader,0001100,True,accepted
20260511_090143,401069,nominal,trader,0101110,True,accepted
20260511_090143,401070,nominal,trader,1110101,True,accepted
20260511_090143,401071,nominal,trader,0000110,True,accepted
20260511_090143,401072,nominal,trader,1100100,True,accepted
20260511_090143,401073,nominal,trader,0000011,True,accepted
20260511_090143,401074,nominal,trader,0001110,True,accepted
20260511_090143,401075,nominal,trader,0101110,True,accepted
20260511_090143,401076,nominal,trader,0101100,True,accepted
20260511_090143,401077,nominal,trader,0001100,True,accepted
20260511_090143,401078,nominal,trader,0000110,True,accepted
20260511_090143,401079,nominal,trader,1101101,True,accepted
20260511_090143,401080,nominal,trader,0001111,True,accepted
20260511_090143,401081,nominal,trader,0110111,True,accepted
20260511_090143,401082,nominal,trader,0111110,True,accepted
20260511_090143,401083,nominal,trader,0000000,True,accepted
20260511_090143,401084,nominal,trader,0000111,True,accepted
20260511_090143,401085,nominal,trader,1111100,True,accepted
20260511_090143,401086,nominal,trader,0100110,True,accepted
20260511_090143,401087,nominal,trader,0001001,True,accepted
20260511_090143,401088,nominal,trader,0101110,True,accepted
20260511_090143,401089,nominal,trader,0001101,True,accepted
20260511_090143,401090,nominal,trader,0000110,True,accepted
20260511_090143,401091,nominal,trader,1110100,True,accepted
20260511_090143,401092,nominal,trader,1101100,True,accepted
20260511_090143,401093,nominal,trader,0000100,True,accepted
20260511_090143,401094,nominal,trader,0001110,True,accepted
20260511_090143,401095,nominal,trader,0110100,True,accepted
20260511_090143,401096,nominal,trader,0001001,True,accepted
20260511_090143,401097,nominal,trader,1111110,True,accepted
20260511_090143,401098,nominal,trader,0100111,True,accepted
20260511_090143,401099,nominal,trader,0001011,True,accepted
20260511_090143,401100,nominal,trader,0100101,True,accepted
20260511_090143,401101,nominal,trader,0111100,True,accepted
20260511_090143,401102,nominal,trader,0111111,True,accepted
20260511_090143,401103,nominal,trader,0000010,True,accepted
20260511_090143,401104,nominal,trader,1110111,True,accepted
20260511_090143,401105,nominal,trader,0000111,True,accepted
20260511_090143,401106,nominal,trader,0001010,True,accepted
20260511_090143,401107,nominal,trader,0100110,True,accepted
20260511_090143,401108,nominal,trader,0110110,True,accepted
20260511_090143,401109,nominal,trader,0001111,True,accepted
20260511_090143,401110,nominal,trader,0000000,True,accepted
20260511_090143,401111,nominal,trader,0111110,True,accepted
20260511_090143,401112,nominal,trader,0001100,True,accepted
20260511_090143,401113,nominal,trader,0101101,True,accepted
20260511_090143,401114,nominal,trader,1101101,True,accepted
20260511_090143,401115,nominal,trader,0000101,True,accepted
20260511_090143,401116,nominal,trader,0000011,True,accepted
20260511_090143,401117,nominal,trader,1100101,True,accepted
20260511_090143,401118,nominal,trader,0101110,True,accepted
20260511_090143,401119,nominal,trader,0001110,True,accepted
20260511_090143,401120,nominal,trader,0000000,True,accepted
20260511_090143,401121,nominal,trader,0111101,True,accepted
20260511_090143,401122,nominal,trader,0110110,True,accepted
20260511_090143,401123,nominal,trader,0100100,True,accepted
20260511_090143,401124,nominal,trader,0001010,True,accepted
20260511_090143,401125,nominal,trader,0100110,True,accepted
20260511_090143,401126,nominal,trader,1110111,True,accepted
20260511_090143,401127,nominal,trader,0000111,True,accepted
20260511_090143,401128,nominal,trader,0101111,True,accepted
20260511_090143,401129,nominal,trader,0001101,True,accepted
20260511_090143,401130,nominal,trader,0000010,True,accepted
20260511_090143,401131,nominal,trader,1100110,True,accepted
20260511_090143,401132,nominal,trader,1101110,True,accepted
20260511_090143,401133,nominal,trader,0000101,True,accepted
20260511_090143,401134,nominal,trader,0001100,True,accepted
20260511_090143,401135,nominal,trader,0101101,True,accepted
20260511_090143,401136,nominal,trader,0001111,True,accepted
20260511_090143,401137,nominal,trader,0110100,True,accepted
20260511_090143,401138,nominal,trader,1100111,True,accepted
20260511_090143,401139,nominal,trader,0000100,True,accepted
20260511_090143,401140,nominal,trader,0000110,True,accepted
20260511_090143,401141,nominal,trader,1110100,True,accepted
20260511_090143,401142,nominal,trader,0101110,True,accepted
20260511_090143,401143,nominal,trader,0001101,True,accepted
20260511_090143,401144,nominal,trader,0111111,True,accepted
20260511_090143,401145,nominal,trader,0000001,True,accepted
20260511_090143,401146,nominal,trader,0100100,True,accepted
20260511_090143,401147,nominal,trader,0111100,True,accepted
20260511_090143,401148,nominal,trader,0101100,True,accepted
20260511_090143,401149,nominal,trader,0001011,True,accepted
20260511_090143,401150,nominal,trader,0001000,True,accepted
20260511_090143,401151,nominal,trader,1111110,True,accepted
20260511_090143,401152,nominal,trader,0000101,True,accepted
20260511_090143,401153,nominal,trader,1101101,True,accepted
20260511_090143,401154,nominal,trader,0101100,True,accepted
20260511_090143,401155,nominal,trader,0001100,True,accepted
20260511_090143,401156,nominal,trader,0001110,True,accepted
20260511_090143,401157,nominal,trader,0101111,True,accepted
20260511_090143,401158,nominal,trader,1100101,True,accepted
20260511_090143,401159,nominal,trader,0000011,True,accepted
20260511_090143,401160,nominal,trader,0100110,True,accepted
20260511_090143,401161,nominal,trader,0001001,True,accepted
20260511_090143,401162,nominal,trader,0000111,True,accepted
20260511_090143,401163,nominal,trader,1111100,True,accepted
20260511_090143,401164,nominal,trader,0111110,True,accepted
20260511_090143,401165,nominal,trader,0000000,True,accepted
20260511_090143,401166,nominal,trader,0001111,True,accepted
20260511_090143,401167,nominal,trader,0110110,True,accepted
20260511_090143,401168,nominal,trader,0001011,True,accepted
20260511_090143,401169,nominal,trader,0100111,True,accepted
20260511_090143,401170,nominal,trader,1111110,True,accepted
20260511_090143,401171,nominal,trader,0001001,True,accepted
20260511_090143,401172,nominal,trader,0000010,True,accepted
20260511_090143,401173,nominal,trader,0111111,True,accepted
20260511_090143,401174,nominal,trader,0111100,True,accepted
20260511_090143,401175,nominal,trader,0100101,True,accepted
20260511_090143,401176,nominal,trader,1110101,True,accepted
20260511_090143,401177,nominal,trader,0000110,True,accepted
20260511_090143,401178,nominal,trader,0001100,True,accepted
20260511_090143,401179,nominal,trader,0101110,True,accepted
20260511_090143,401180,nominal,trader,0110100,True,accepted
20260511_090143,401181,nominal,trader,0001110,True,accepted
20260511_090143,401182,nominal,trader,0000100,True,accepted
20260511_090143,401183,nominal,trader,1101100,True,accepted
20260511_090143,401184,nominal,trader,0111100,True,accepted
20260511_090143,401185,nominal,trader,0100101,True,accepted
20260511_090143,401186,nominal,trader,0000001,True,accepted
20260511_090143,401187,nominal,trader,0111111,True,accepted
20260511_090143,401188,nominal,trader,1111111,True,accepted
20260511_090143,401189,nominal,trader,0001000,True,accepted
20260511_090143,401190,nominal,trader,0001010,True,accepted
20260511_090143,401191,nominal,trader,0101100,True,accepted
20260511_090143,401192,nominal,trader,0000100,True,accepted
20260511_090143,401193,nominal,trader,1100111,True,accepted
20260511_090143,401194,nominal,trader,0110100,True,accepted
20260511_090143,401195,nominal,trader,0001111,True,accepted
20260511_090143,401196,nominal,trader,0001101,True,accepted
20260511_090143,401197,nominal,trader,0101110,True,accepted
20260511_090143,401198,nominal,trader,1101111,True,accepted
20260511_090143,401199,nominal,trader,0000110,True,accepted
20260511_090143,401200,nominal,trader,1100101,True,accepted
20260511_090143,401201,nominal,trader,0000011,True,accepted
20260511_090143,401202,nominal,trader,0001110,True,accepted
20260511_090143,401203,nominal,trader,0101111,True,accepted
20260511_090143,401204,nominal,trader,0101101,True,accepted
20260511_090143,401205,nominal,trader,0001100,True,accepted
20260511_090143,401206,nominal,trader,0000101,True,accepted
20260511_090143,401207,nominal,trader,1101110,True,accepted
20260511_090143,401208,nominal,trader,0100100,True,accepted
20260511_090143,401209,nominal,trader,0110110,True,accepted
20260511_090143,401210,nominal,trader,0111101,True,accepted
20260511_090143,401211,nominal,trader,0000000,True,accepted
20260511_090143,401212,nominal,trader,0001000,True,accepted
20260511_090143,401213,nominal,trader,1110111,True,accepted
20260511_090143,401214,nominal,trader,0100110,True,accepted
20260511_090143,401215,nominal,trader,0001010,True,accepted
20260511_090143,401216,nominal,trader,0101101,True,accepted
20260511_090143,401217,nominal,trader,0001101,True,accepted
20260511_090143,401218,nominal,trader,0000111,True,accepted
20260511_090143,401219,nominal,trader,1101111,True,accepted
20260511_090143,401220,nominal,trader,1100111,True,accepted
20260511_090143,401221,nominal,trader,0000100,True,accepted
20260511_090143,401222,nominal,trader,0001111,True,accepted
20260511_090143,401223,nominal,trader,0101111,True,accepted
20260511_090143,401224,nominal,trader,0001000,True,accepted
20260511_090143,401225,nominal,trader,1111111,True,accepted
20260511_090143,401226,nominal,trader,0101100,True,accepted
20260511_090143,401227,nominal,trader,0001010,True,accepted
20260511_090143,401228,nominal,trader,0100100,True,accepted
20260511_090143,401229,nominal,trader,0111100,True,accepted
20260511_090143,401230,nominal,trader,0111111,True,accepted
20260511_090143,401231,nominal,trader,0000001,True,accepted
20260511_090143,401232,nominal,trader,1110110,True,accepted
20260511_090143,401233,nominal,trader,0001000,True,accepted
20260511_090143,401234,nominal,trader,0001010,True,accepted
20260511_090143,401235,nominal,trader,0100110,True,accepted
20260511_090143,401236,nominal,trader,0110110,True,accepted
20260511_090143,401237,nominal,trader,0100100,True,accepted
20260511_090143,401238,nominal,trader,0000001,True,accepted
20260511_090143,401239,nominal,trader,0111101,True,accepted
20260511_090143,401240,nominal,trader,0001011,True,accepted
20260511_090143,401241,nominal,trader,0101101,True,accepted
20260511_090143,401242,nominal,trader,1101110,True,accepted
20260511_090143,401243,nominal,trader,0000101,True,accepted
20260511_090143,401244,nominal,trader,0000010,True,accepted
20260511_090143,401245,nominal,trader,1100110,True,accepted
20260511_090143,401246,nominal,trader,0101111,True,accepted
20260511_090143,401247,nominal,trader,0001101,True,accepted
20260511_090143,401248,nominal,trader,0000000,True,accepted
20260511_090143,401249,nominal,trader,0111110,True,accepted
20260511_090143,401250,nominal,trader,0110111,True,accepted
20260511_090143,401251,nominal,trader,0001111,True,accepted
20260511_090143,401252,nominal,trader,0001001,True,accepted
20260511_090143,401253,nominal,trader,0100111,True,accepted
20260511_090143,401254,nominal,trader,1111100,True,accepted
20260511_090143,401255,nominal,trader,0000111,True,accepted
20260511_090143,401256,nominal,trader,0101110,True,accepted
20260511_090143,401257,nominal,trader,0001110,True,accepted
20260511_090143,401258,nominal,trader,0000011,True,accepted
20260511_090143,401259,nominal,trader,1100100,True,accepted
20260511_090143,401260,nominal,trader,1101101,True,accepted
20260511_090143,401261,nominal,trader,0000110,True,accepted
20260511_090143,401262,nominal,trader,0001100,True,accepted
20260511_090143,401263,nominal,trader,0101100,True,accepted
20260511_090143,401264,nominal,trader,0001110,True,accepted
20260511_090143,401265,nominal,trader,0110101,True,accepted
20260511_090143,401266,nominal,trader,1101100,True,accepted
20260511_090143,401267,nominal,trader,0000100,True,accepted
20260511_090143,401268,nominal,trader,0000110,True,accepted
20260511_090143,401269,nominal,trader,1110101,True,accepted
20260511_090143,401270,nominal,trader,0101110,True,accepted
20260511_090143,401271,nominal,trader,0001100,True,accepted
20260511_090143,401272,nominal,trader,0111111,True,accepted
20260511_090143,401273,nominal,trader,0000010,True,accepted
20260511_090143,401274,nominal,trader,0100101,True,accepted
20260511_090143,401275,nominal,trader,0110111,True,accepted
20260511_090143,401276,nominal,trader,0100111,True,accepted
20260511_090143,401277,nominal,trader,0001011,True,accepted
20260511_090143,401278,nominal,trader,0001001,True,accepted
20260511_090143,401279,nominal,trader,1111101,True,accepted
20260511_090143,401280,nominal,trader,1101110,True,accepted
20260511_090143,401281,nominal,trader,0000101,True,accepted
20260511_090143,401282,nominal,trader,0001011,True,accepted
20260511_090143,401283,nominal,trader,0101101,True,accepted
20260511_090143,401284,nominal,trader,0101111,True,accepted
20260511_090143,401285,nominal,trader,0001110,True,accepted
20260511_090143,401286,nominal,trader,0000011,True,accepted
20260511_090143,401287,nominal,trader,1100101,True,accepted
20260511_090143,401288,nominal,trader,0001010,True,accepted
20260511_090143,401289,nominal,trader,0100110,True,accepted
20260511_090143,401290,nominal,trader,1110110,True,accepted
20260511_090143,401291,nominal,trader,0001000,True,accepted
20260511_090143,401292,nominal,trader,0000000,True,accepted
20260511_090143,401293,nominal,trader,0111110,True,accepted
20260511_090143,401294,nominal,trader,0110110,True,accepted
20260511_090143,401295,nominal,trader,0001111,True,accepted
20260511_090143,401296,nominal,trader,0101100,True,accepted
20260511_090143,401297,nominal,trader,0001010,True,accepted
20260511_090143,401298,nominal,trader,0001000,True,accepted
20260511_090143,401299,nominal,trader,1111111,True,accepted
20260511_090143,401300,nominal,trader,0111111,True,accepted
20260511_090143,401301,nominal,trader,0000001,True,accepted
20260511_090143,401302,nominal,trader,0100101,True,accepted
20260511_090143,401303,nominal,trader,0111100,True,accepted
20260511_090143,401304,nominal,trader,0000110,True,accepted
20260511_090143,401305,nominal,trader,1101111,True,accepted
20260511_090143,401306,nominal,trader,0101110,True,accepted
20260511_090143,401307,nominal,trader,0001101,True,accepted
20260511_090143,401308,nominal,trader,0001111,True,accepted
20260511_090143,401309,nominal,trader,0110100,True,accepted
20260511_090143,401310,nominal,trader,1100111,True,accepted
20260511_090143,401311,nominal,trader,0000100,True,accepted
20260511_090143,401312,nominal,trader,0100101,True,accepted
20260511_090143,401313,nominal,trader,0111100,True,accepted
20260511_090143,401314,nominal,trader,0111111,True,accepted
20260511_090143,401315,nominal,trader,0000010,True,accepted
20260511_090143,401316,nominal,trader,0001001,True,accepted
20260511_090143,401317,nominal,trader,1111110,True,accepted
20260511_090143,401318,nominal,trader,0100111,True,accepted
20260511_090143,401319,nominal,trader,0001011,True,accepted
20260511_090143,401320,nominal,trader,1101100,True,accepted
20260511_090143,401321,nominal,trader,0000100,True,accepted
20260511_090143,401322,nominal,trader,0001110,True,accepted
20260511_090143,401323,nominal,trader,0110100,True,accepted
20260511_090143,401324,nominal,trader,0101110,True,accepted
20260511_090143,401325,nominal,trader,0001101,True,accepted
20260511_090143,401326,nominal,trader,0000110,True,accepted
20260511_090143,401327,nominal,trader,1110100,True,accepted
20260511_090143,401328,nominal,trader,0000011,True,accepted
20260511_090143,401329,nominal,trader,1100101,True,accepted
20260511_090143,401330,nominal,trader,0101111,True,accepted
20260511_090143,401331,nominal,trader,0001110,True,accepted
20260511_090143,401332,nominal,trader,0001100,True,accepted
20260511_090143,401333,nominal,trader,0101100,True,accepted
20260511_090143,401334,nominal,trader,1101101,True,accepted
20260511_090143,401335,nominal,trader,0000101,True,accepted
20260511_090143,401336,nominal,trader,0110110,True,accepted
20260511_090143,401337,nominal,trader,0001111,True,accepted
20260511_090143,401338,nominal,trader,0000000,True,accepted
20260511_090143,401339,nominal,trader,0111110,True,accepted
20260511_090143,401340,nominal,trader,1111100,True,accepted
20260511_090143,401341,nominal,trader,0000111,True,accepted
20260511_090143,401342,nominal,trader,0001001,True,accepted
20260511_090143,401343,nominal,trader,0100110,True,accepted
20260511_090143,401344,nominal,trader,0001100,True,accepted
20260511_090143,401345,nominal,trader,0101110,True,accepted
20260511_090143,401346,nominal,trader,1110101,True,accepted
20260511_090143,401347,nominal,trader,0000110,True,accepted
20260511_090143,401348,nominal,trader,0000100,True,accepted
20260511_090143,401349,nominal,trader,1101100,True,accepted
20260511_090143,401350,nominal,trader,0110101,True,accepted
20260511_090143,401351,nominal,trader,0001110,True,accepted
20260511_090143,401352,nominal,trader,1111101,True,accepted
20260511_090143,401353,nominal,trader,0001001,True,accepted
20260511_090143,401354,nominal,trader,0001011,True,accepted
20260511_090143,401355,nominal,trader,0100111,True,accepted
20260511_090143,401356,nominal,trader,0110111,True,accepted
20260511_090143,401357,nominal,trader,0100101,True,accepted
20260511_090143,401358,nominal,trader,0000010,True,accepted
20260511_090143,401359,nominal,trader,0111110,True,accepted
20260511_090143,401360,nominal,trader,0000111,True,accepted
20260511_090143,401361,nominal,trader,1111100,True,accepted
20260511_090143,401362,nominal,trader,0100111,True,accepted
20260511_090143,401363,nominal,trader,0001001,True,accepted
20260511_090143,401364,nominal,trader,0001111,True,accepted
20260511_090143,401365,nominal,trader,0110111,True,accepted
20260511_090143,401366,nominal,trader,0111110,True,accepted
20260511_090143,401367,nominal,trader,0000000,True,accepted
20260511_090143,401368,nominal,trader,0101100,True,accepted
20260511_090143,401369,nominal,trader,0001100,True,accepted
20260511_090143,401370,nominal,trader,0000110,True,accepted
20260511_090143,401371,nominal,trader,1101101,True,accepted
20260511_090143,401372,nominal,trader,1100100,True,accepted
20260511_090143,401373,nominal,trader,0000011,True,accepted
20260511_090143,401374,nominal,trader,0001110,True,accepted
20260511_090143,401375,nominal,trader,0101110,True,accepted
20260511_090143,401376,nominal,trader,0111101,True,accepted
20260511_090143,401377,nominal,trader,0000001,True,accepted
20260511_090143,401378,nominal,trader,0100100,True,accepted
20260511_090143,401379,nominal,trader,0110101,True,accepted
20260511_090143,401380,nominal,trader,0100110,True,accepted
20260511_090143,401381,nominal,trader,0001010,True,accepted
20260511_090143,401382,nominal,trader,0001000,True,accepted
20260511_090143,401383,nominal,trader,1110110,True,accepted
20260511_090143,401384,nominal,trader,0001101,True,accepted
20260511_090143,401385,nominal,trader,0101111,True,accepted
20260511_090143,401386,nominal,trader,1100110,True,accepted
20260511_090143,401387,nominal,trader,0000010,True,accepted
20260511_090143,401388,nominal,trader,0000101,True,accepted
20260511_090143,401389,nominal,trader,1101111,True,accepted
20260511_090143,401390,nominal,trader,0101101,True,accepted
20260511_090143,401391,nominal,trader,0001011,True,accepted
20260511_090143,401392,nominal,trader,0110100,True,accepted
20260511_090143,401393,nominal,trader,0001111,True,accepted
20260511_090143,401394,nominal,trader,0000100,True,accepted
20260511_090143,401395,nominal,trader,1100111,True,accepted
20260511_090143,401396,nominal,trader,1101111,True,accepted
20260511_090143,401397,nominal,trader,0000111,True,accepted
20260511_090143,401398,nominal,trader,0001101,True,accepted
20260511_090143,401399,nominal,trader,0101101,True,accepted
20260511_090143,401400,nominal,trader,0000001,True,accepted
20260511_090143,401401,nominal,trader,1100100,True,accepted
20260511_090143,401402,nominal,trader,0111100,True,accepted
20260511_090143,401403,nominal,trader,0100100,True,accepted
20260511_090143,401404,nominal,trader,0001010,True,accepted
20260511_090143,401405,nominal,trader,0101100,True,accepted
20260511_090143,401406,nominal,trader,1111111,True,accepted
20260511_090143,401407,nominal,trader,0001000,True,accepted
20260511_090143,401408,nominal,trader,1101101,True,accepted
20260511_090143,401409,nominal,trader,0000110,True,accepted
20260511_090143,401410,nominal,trader,0001100,True,accepted
20260511_090143,401411,nominal,trader,0101100,True,accepted
20260511_090143,401412,nominal,trader,0101110,True,accepted
20260511_090143,401413,nominal,trader,0001110,True,accepted
20260511_090143,401414,nominal,trader,0000011,True,accepted
20260511_090143,401415,nominal,trader,1100100,True,accepted
20260511_090143,401416,nominal,trader,0001001,True,accepted
20260511_090143,401417,nominal,trader,0100111,True,accepted
20260511_090143,401418,nominal,trader,1111100,True,accepted
20260511_090143,401419,nominal,trader,0000111,True,accepted
20260511_090143,401420,nominal,trader,0000000,True,accepted
20260511_090143,401421,nominal,trader,0111110,True,accepted
20260511_090143,401422,nominal,trader,0110111,True,accepted
20260511_090143,401423,nominal,trader,0001111,True,accepted
20260511_090143,401424,nominal,trader,0100111,True,accepted
20260511_090143,401425,nominal,trader,0001011,True,accepted
20260511_090143,401426,nominal,trader,0001001,True,accepted
20260511_090143,401427,nominal,trader,1111101,True,accepted
20260511_090143,401428,nominal,trader,0111110,True,accepted
20260511_090143,401429,nominal,trader,0000010,True,accepted
20260511_090143,401430,nominal,trader,0100101,True,accepted
20260511_090143,401431,nominal,trader,0110111,True,accepted
20260511_090143,401432,nominal,trader,0000110,True,accepted
20260511_090143,401433,nominal,trader,1110101,True,accepted
20260511_090143,401434,nominal,trader,0101110,True,accepted
20260511_090143,401435,nominal,trader,0001100,True,accepted
20260511_090143,401436,nominal,trader,0001110,True,accepted
20260511_090143,401437,nominal,trader,0110101,True,accepted
20260511_090143,401438,nominal,trader,1101100,True,accepted
20260511_090143,401439,nominal,trader,0000011,True,accepted
20260511_090143,401440,nominal,trader,0100100,True,accepted
20260511_090143,401441,nominal,trader,0111101,True,accepted
20260511_090143,401442,nominal,trader,1100100,True,accepted
20260511_090143,401443,nominal,trader,0000001,True,accepted
20260511_090143,401444,nominal,trader,0001000,True,accepted
20260511_090143,401445,nominal,trader,1111111,True,accepted
20260511_090143,401446,nominal,trader,0101100,True,accepted
20260511_090143,401447,nominal,trader,0001010,True,accepted
20260511_090143,401448,nominal,trader,1100111,True,accepted
20260511_090143,401449,nominal,trader,0000101,True,accepted
20260511_090143,401450,nominal,trader,0001111,True,accepted
20260511_090143,401451,nominal,trader,0101111,True,accepted
20260511_090143,401452,nominal,trader,0101101,True,accepted
20260511_090143,401453,nominal,trader,0001101,True,accepted
20260511_090143,401454,nominal,trader,0000111,True,accepted
20260511_090143,401455,nominal,trader,1101111,True,accepted
20260511_090143,401456,nominal,trader,0000010,True,accepted
20260511_090143,401457,nominal,trader,1100110,True,accepted
20260511_090143,401458,nominal,trader,0101111,True,accepted
20260511_090143,401459,nominal,trader,0001101,True,accepted
20260511_090143,401460,nominal,trader,0001011,True,accepted
20260511_090143,401461,nominal,trader,0101101,True,accepted
20260511_090143,401462,nominal,trader,1101110,True,accepted
20260511_090143,401463,nominal,trader,0000101,True,accepted
20260511_090143,401464,nominal,trader,0110101,True,accepted
20260511_090143,401465,nominal,trader,0100100,True,accepted
20260511_090143,401466,nominal,trader,0000001,True,accepted
20260511_090143,401467,nominal,trader,0111101,True,accepted
20260511_090143,401468,nominal,trader,1110110,True,accepted
20260511_090143,401469,nominal,trader,0001000,True,accepted
20260511_090143,401470,nominal,trader,0001010,True,accepted
20260511_090143,401471,nominal,trader,0100110,True,accepted
20260511_090143,401472,nominal,trader,0001101,True,accepted
20260511_090143,401473,nominal,trader,0101110,True,accepted
20260511_090143,401474,nominal,trader,1101111,True,accepted
20260511_090143,401475,nominal,trader,0000110,True,accepted
20260511_090143,401476,nominal,trader,0000100,True,accepted
20260511_090143,401477,nominal,trader,1100111,True,accepted
20260511_090143,401478,nominal,trader,0110100,True,accepted
20260511_090143,401479,nominal,trader,0001111,True,accepted
20260511_090143,401480,nominal,trader,1111110,True,accepted
20260511_090143,401481,nominal,trader,0001000,True,accepted
20260511_090143,401482,nominal,trader,0001011,True,accepted
20260511_090143,401483,nominal,trader,0100111,True,accepted
20260511_090143,401484,nominal,trader,0111100,True,accepted
20260511_090143,401485,nominal,trader,0100101,True,accepted
20260511_090143,401486,nominal,trader,0000001,True,accepted
20260511_090143,401487,nominal,trader,0111111,True,accepted
20260511_090143,401488,nominal,trader,0000111,True,accepted
20260511_090143,401489,nominal,trader,1110111,True,accepted
20260511_090143,401490,nominal,trader,0100110,True,accepted
20260511_090143,401491,nominal,trader,0001010,True,accepted
20260511_090143,401492,nominal,trader,0100100,True,accepted
20260511_090143,401493,nominal,trader,0110110,True,accepted
20260511_090143,401494,nominal,trader,0111101,True,accepted
20260511_090143,401495,nominal,trader,0000000,True,accepted
20260511_090143,401496,nominal,trader,0101101,True,accepted
20260511_090143,401497,nominal,trader,0001100,True,accepted
20260511_090143,401498,nominal,trader,0000101,True,accepted
20260511_090143,401499,nominal,trader,1101110,True,accepted
20260511_090143,401500,nominal,trader,1100110,True,accepted
20260511_090143,401501,nominal,trader,0000011,True,accepted
20260511_090143,401502,nominal,trader,0001101,True,accepted
20260511_090143,401503,nominal,trader,0101111,True,accepted
20260511_090143,401504,nominal,trader,0111110,True,accepted
20260511_090143,401505,nominal,trader,0000000,True,accepted
20260511_090143,401506,nominal,trader,0001111,True,accepted
20260511_090143,401507,nominal,trader,0110110,True,accepted
20260511_090143,401508,nominal,trader,0100110,True,accepted
20260511_090143,401509,nominal,trader,0001010,True,accepted
20260511_090143,401510,nominal,trader,0000111,True,accepted
20260511_090143,401511,nominal,trader,1110111,True,accepted
20260511_090143,401512,nominal,trader,0001110,True,accepted
20260511_090143,401513,nominal,trader,0101111,True,accepted
20260511_090143,401514,nominal,trader,1100101,True,accepted
20260511_090143,401515,nominal,trader,0000011,True,accepted
20260511_090143,401516,nominal,trader,0000101,True,accepted
20260511_090143,401517,nominal,trader,1101110,True,accepted
20260511_090143,401518,nominal,trader,0101100,True,accepted
20260511_090143,401519,nominal,trader,0001100,True,accepted
20260511_090143,401520,nominal,trader,0110101,True,accepted
20260511_090143,401521,nominal,trader,0001110,True,accepted
20260511_090143,401522,nominal,trader,0000100,True,accepted
20260511_090143,401523,nominal,trader,1101100,True,accepted
20260511_090143,401524,nominal,trader,1110100,True,accepted
20260511_090143,401525,nominal,trader,0000110,True,accepted
20260511_090143,401526,nominal,trader,0001101,True,accepted
20260511_090143,401527,nominal,trader,0101110,True,accepted
20260511_090143,401528,nominal,trader,0000010,True,accepted
20260511_090143,401529,nominal,trader,0111111,True,accepted
20260511_090143,401530,nominal,trader,0111100,True,accepted
20260511_090143,401531,nominal,trader,0100101,True,accepted
20260511_090143,401532,nominal,trader,0001011,True,accepted
20260511_090143,401533,nominal,trader,0100111,True,accepted
20260511_090143,401534,nominal,trader,1111110,True,accepted
20260511_090143,401535,nominal,trader,0001001,True,accepted
20260511_090143,401536,nominal,trader,0001100,True,accepted
20260511_090143,401537,nominal,trader,0101101,True,accepted
20260511_090143,401538,nominal,trader,1101110,True,accepted
20260511_090143,401539,nominal,trader,0000101,True,accepted
20260511_090143,401540,nominal,trader,0000011,True,accepted
20260511_090143,401541,nominal,trader,1100110,True,accepted
20260511_090143,401542,nominal,trader,0101111,True,accepted
20260511_090143,401543,nominal,trader,0001110,True,accepted
20260511_090143,401544,nominal,trader,1110111,True,accepted
20260511_090143,401545,nominal,trader,0000111,True,accepted
20260511_090143,401546,nominal,trader,0001010,True,accepted
20260511_090143,401547,nominal,trader,0100110,True,accepted
20260511_090143,401548,nominal,trader,0110110,True,accepted
20260511_090143,401549,nominal,trader,0100100,True,accepted
20260511_090143,401550,nominal,trader,0000000,True,accepted
20260511_090143,401551,nominal,trader,0111101,True,accepted
20260511_090143,401552,nominal,trader,0001000,True,accepted
20260511_090143,401553,nominal,trader,1111110,True,accepted
20260511_090143,401554,nominal,trader,0101100,True,accepted
20260511_090143,401555,nominal,trader,0001011,True,accepted
20260511_090143,401556,nominal,trader,0100101,True,accepted
20260511_090143,401557,nominal,trader,0111100,True,accepted
20260511_090143,401558,nominal,trader,0111111,True,accepted
20260511_090143,401559,nominal,trader,0000001,True,accepted
20260511_090143,401560,nominal,trader,0101110,True,accepted
20260511_090143,401561,nominal,trader,0001101,True,accepted
20260511_090143,401562,nominal,trader,0000110,True,accepted
20260511_090143,401563,nominal,trader,1101111,True,accepted
20260511_090143,401564,nominal,trader,1100111,True,accepted
20260511_090143,401565,nominal,trader,0000100,True,accepted
20260511_090143,401566,nominal,trader,0001111,True,accepted
20260511_090143,401567,nominal,trader,0110100,True,accepted
20260511_090143,401568,nominal,trader,0111111,True,accepted
20260511_090143,401569,nominal,trader,0000010,True,accepted
20260511_090143,401570,nominal,trader,0100101,True,accepted
20260511_090143,401571,nominal,trader,0111100,True,accepted
20260511_090143,401572,nominal,trader,0100111,True,accepted
20260511_090143,401573,nominal,trader,0001011,True,accepted
20260511_090143,401574,nominal,trader,0001001,True,accepted
20260511_090143,401575,nominal,trader,1111110,True,accepted
20260511_090143,401576,nominal,trader,0001110,True,accepted
20260511_090143,401577,nominal,trader,0110100,True,accepted
20260511_090143,401578,nominal,trader,1101100,True,accepted
20260511_090143,401579,nominal,trader,0000100,True,accepted
20260511_090143,401580,nominal,trader,0000110,True,accepted
20260511_090143,401581,nominal,trader,1110100,True,accepted
20260511_090143,401582,nominal,trader,0101110,True,accepted
20260511_090143,401583,nominal,trader,0001101,True,accepted
20260511_090143,401584,nominal,trader,0101111,True,accepted
20260511_090143,401585,nominal,trader,0001110,True,accepted
20260511_090143,401586,nominal,trader,0000011,True,accepted
20260511_090143,401587,nominal,trader,1100101,True,accepted
20260511_090143,401588,nominal,trader,1101110,True,accepted
20260511_090143,401589,nominal,trader,0000101,True,accepted
20260511_090143,401590,nominal,trader,0001100,True,accepted
20260511_090143,401591,nominal,trader,0101101,True,accepted
20260511_090143,401592,nominal,trader,0000000,True,accepted
20260511_090143,401593,nominal,trader,0111110,True,accepted
20260511_090143,401594,nominal,trader,0110110,True,accepted
20260511_090143,401595,nominal,trader,0001111,True,accepted
20260511_090143,401596,nominal,trader,0001010,True,accepted
20260511_090143,401597,nominal,trader,0100110,True,accepted
20260511_090143,401598,nominal,trader,1110111,True,accepted
20260511_090143,401599,nominal,trader,0000111,True,accepted
20260511_090143,401600,nominal,trader,1110101,True,accepted
20260511_090143,401601,nominal,trader,0000110,True,accepted
20260511_090143,401602,nominal,trader,0001100,True,accepted
20260511_090143,401603,nominal,trader,0101110,True,accepted
20260511_090143,401604,nominal,trader,0110101,True,accepted
20260511_090143,401605,nominal,trader,0001110,True,accepted
20260511_090143,401606,nominal,trader,0000100,True,accepted
20260511_090143,401607,nominal,trader,1101101,True,accepted
20260511_090143,401608,nominal,trader,0001011,True,accepted
20260511_090143,401609,nominal,trader,0100111,True,accepted
20260511_090143,401610,nominal,trader,1111101,True,accepted
20260511_090143,401611,nominal,trader,0001001,True,accepted
20260511_090143,401612,nominal,trader,0000010,True,accepted
20260511_090143,401613,nominal,trader,0111110,True,accepted
20260511_090143,401614,nominal,trader,0110111,True,accepted
20260511_090143,401615,nominal,trader,0100101,True,accepted
20260511_090143,401616,nominal,trader,0100111,True,accepted
20260511_090143,401617,nominal,trader,0001001,True,accepted
20260511_090143,401618,nominal,trader,0000111,True,accepted
20260511_090143,401619,nominal,trader,1111100,True,accepted
20260511_090143,401620,nominal,trader,0111110,True,accepted
20260511_090143,401621,nominal,trader,0000000,True,accepted
20260511_090143,401622,nominal,trader,0001111,True,accepted
20260511_090143,401623,nominal,trader,0110111,True,accepted
20260511_090143,401624,nominal,trader,0000110,True,accepted
20260511_090143,401625,nominal,trader,1101101,True,accepted
20260511_090143,401626,nominal,trader,0101100,True,accepted
20260511_090143,401627,nominal,trader,0001100,True,accepted
20260511_090143,401628,nominal,trader,0001110,True,accepted
20260511_090143,401629,nominal,trader,0101110,True,accepted
20260511_090143,401630,nominal,trader,1100100,True,accepted
20260511_090143,401631,nominal,trader,0000011,True,accepted
20260511_090143,401632,nominal,trader,0100100,True,accepted
20260511_090143,401633,nominal,trader,0110101,True,accepted
20260511_090143,401634,nominal,trader,0111101,True,accepted
20260511_090143,401635,nominal,trader,0000001,True,accepted
20260511_090143,401636,nominal,trader,0001000,True,accepted
20260511_090143,401637,nominal,trader,1110110,True,accepted
20260511_090143,401638,nominal,trader,0100110,True,accepted
20260511_090143,401639,nominal,trader,0001010,True,accepted
20260511_090143,401640,nominal,trader,1100110,True,accepted
20260511_090143,401641,nominal,trader,0000010,True,accepted
20260511_090143,401642,nominal,trader,0001101,True,accepted
20260511_090143,401643,nominal,trader,0101111,True,accepted
20260511_090143,401644,nominal,trader,0101101,True,accepted
20260511_090143,401645,nominal,trader,0001011,True,accepted
20260511_090143,401646,nominal,trader,0000101,True,accepted
20260511_090143,401647,nominal,trader,1101110,True,accepted
20260511_090143,401648,nominal,trader,0000100,True,accepted
20260511_090143,401649,nominal,trader,1100110,True,accepted
20260511_090143,401650,nominal,trader,0101111,True,accepted
20260511_090143,401651,nominal,trader,0001111,True,accepted
20260511_090143,401652,nominal,trader,0001101,True,accepted
20260511_090143,401653,nominal,trader,0101101,True,accepted
20260511_090143,401654,nominal,trader,1101111,True,accepted
20260511_090143,401655,nominal,trader,0000111,True,accepted
20260511_090143,401656,nominal,trader,0111100,True,accepted
20260511_090143,401657,nominal,trader,0100100,True,accepted
20260511_090143,401658,nominal,trader,0000001,True,accepted
20260511_090143,401659,nominal,trader,1100100,True,accepted
20260511_090143,401660,nominal,trader,1111111,True,accepted
20260511_090143,401661,nominal,trader,0001000,True,accepted
20260511_090143,401662,nominal,trader,0001010,True,accepted
20260511_090143,401663,nominal,trader,0101100,True,accepted
20260511_090143,401664,nominal,trader,0001100,True,accepted
20260511_090143,401665,nominal,trader,0101100,True,accepted
20260511_090143,401666,nominal,trader,1101101,True,accepted
20260511_090143,401667,nominal,trader,0000110,True,accepted
20260511_090143,401668,nominal,trader,0000011,True,accepted
20260511_090143,401669,nominal,trader,1100100,True,accepted
20260511_090143,401670,nominal,trader,0101110,True,accepted
20260511_090143,401671,nominal,trader,0001110,True,accepted
20260511_090143,401672,nominal,trader,1111100,True,accepted
20260511_090143,401673,nominal,trader,0000111,True,accepted
20260511_090143,401674,nominal,trader,0001001,True,accepted
20260511_090143,401675,nominal,trader,0100111,True,accepted
20260511_090143,401676,nominal,trader,0110111,True,accepted
20260511_090143,401677,nominal,trader,0001111,True,accepted
20260511_090143,401678,nominal,trader,0000000,True,accepted
20260511_090143,401679,nominal,trader,0111110,True,accepted
20260511_090143,401680,nominal,trader,0001001,True,accepted
20260511_090143,401681,nominal,trader,1111101,True,accepted
20260511_090143,401682,nominal,trader,0100111,True,accepted
20260511_090143,401683,nominal,trader,0001011,True,accepted
20260511_090143,401684,nominal,trader,0100101,True,accepted
20260511_090143,401685,nominal,trader,0110111,True,accepted
20260511_090143,401686,nominal,trader,0111111,True,accepted
20260511_090143,401687,nominal,trader,0000010,True,accepted
20260511_090143,401688,nominal,trader,0101110,True,accepted
20260511_090143,401689,nominal,trader,0001100,True,accepted
20260511_090143,401690,nominal,trader,0000110,True,accepted
20260511_090143,401691,nominal,trader,1110101,True,accepted
20260511_090143,401692,nominal,trader,1101100,True,accepted
20260511_090143,401693,nominal,trader,0000100,True,accepted
20260511_090143,401694,nominal,trader,0001110,True,accepted
20260511_090143,401695,nominal,trader,0110101,True,accepted
20260511_090143,401696,nominal,trader,0111111,True,accepted
20260511_090143,401697,nominal,trader,0000001,True,accepted
20260511_090143,401698,nominal,trader,0100100,True,accepted
20260511_090143,401699,nominal,trader,0111100,True,accepted
20260511_090143,401700,nominal,trader,0101100,True,accepted
20260511_090143,401701,nominal,trader,0001010,True,accepted
20260511_090143,401702,nominal,trader,0001000,True,accepted
20260511_090143,401703,nominal,trader,1111111,True,accepted
20260511_090143,401704,nominal,trader,0001111,True,accepted
20260511_090143,401705,nominal,trader,0101111,True,accepted
20260511_090143,401706,nominal,trader,1100111,True,accepted
20260511_090143,401707,nominal,trader,0000100,True,accepted
20260511_090143,401708,nominal,trader,0000111,True,accepted
20260511_090143,401709,nominal,trader,1101111,True,accepted
20260511_090143,401710,nominal,trader,0101101,True,accepted
20260511_090143,401711,nominal,trader,0001101,True,accepted
20260511_090143,401712,nominal,trader,0101111,True,accepted
20260511_090143,401713,nominal,trader,0001101,True,accepted
20260511_090143,401714,nominal,trader,0000010,True,accepted
20260511_090143,401715,nominal,trader,1100110,True,accepted
20260511_090143,401716,nominal,trader,1101110,True,accepted
20260511_090143,401717,nominal,trader,0000101,True,accepted
20260511_090143,401718,nominal,trader,0001011,True,accepted
20260511_090143,401719,nominal,trader,0101101,True,accepted
20260511_090143,401720,nominal,trader,0000001,True,accepted
20260511_090143,401721,nominal,trader,0111101,True,accepted
20260511_090143,401722,nominal,trader,0110110,True,accepted
20260511_090143,401723,nominal,trader,0100100,True,accepted
20260511_090143,401724,nominal,trader,0001010,True,accepted
20260511_090143,401725,nominal,trader,0100110,True,accepted
20260511_090143,401726,nominal,trader,1110110,True,accepted
20260511_090143,401727,nominal,trader,0001000,True,accepted
20260511_090143,401728,nominal,trader,1101111,True,accepted
20260511_090143,401729,nominal,trader,0000110,True,accepted
20260511_090143,401730,nominal,trader,0001101,True,accepted
20260511_090143,401731,nominal,trader,0101110,True,accepted
20260511_090143,401732,nominal,trader,0110100,True,accepted
20260511_090143,401733,nominal,trader,0001111,True,accepted
20260511_090143,401734,nominal,trader,0000100,True,accepted
20260511_090143,401735,nominal,trader,1101100,True,accepted
20260511_090143,401736,nominal,trader,0001010,True,accepted
20260511_090143,401737,nominal,trader,0101100,True,accepted
20260511_090143,401738,nominal,trader,1111111,True,accepted
20260511_090143,401739,nominal,trader,0001000,True,accepted
20260511_090143,401740,nominal,trader,0000001,True,accepted
20260511_090143,401741,nominal,trader,0111111,True,accepted
20260511_090143,401742,nominal,trader,0111100,True,accepted
20260511_090143,401743,nominal,trader,0100101,True,accepted
20260511_090143,401744,nominal,trader,0100110,True,accepted
20260511_090143,401745,nominal,trader,0001010,True,accepted
20260511_090143,401746,nominal,trader,0001000,True,accepted
20260511_090143,401747,nominal,trader,1110111,True,accepted
20260511_090143,401748,nominal,trader,0111101,True,accepted
20260511_090143,401749,nominal,trader,0000000,True,accepted
20260511_090143,401750,nominal,trader,0100100,True,accepted
20260511_090143,401751,nominal,trader,0110110,True,accepted
20260511_090143,401752,nominal,trader,0000101,True,accepted
20260511_090143,401753,nominal,trader,1101110,True,accepted
20260511_090143,401754,nominal,trader,0101101,True,accepted
20260511_090143,401755,nominal,trader,0001100,True,accepted
20260511_090143,401756,nominal,trader,0001110,True,accepted
20260511_090143,401757,nominal,trader,0101111,True,accepted
20260511_090143,401758,nominal,trader,1100110,True,accepted
20260511_090143,401759,nominal,trader,0000011,True,accepted
20260511_090143,401760,nominal,trader,0001111,True,accepted
20260511_090143,401761,nominal,trader,0110110,True,accepted
20260511_090143,401762,nominal,trader,0111110,True,accepted
20260511_090143,401763,nominal,trader,0000000,True,accepted
20260511_090143,401764,nominal,trader,0000111,True,accepted
20260511_090143,401765,nominal,trader,1111100,True,accepted
20260511_090143,401766,nominal,trader,0100110,True,accepted
20260511_090143,401767,nominal,trader,0001001,True,accepted
20260511_090143,401768,nominal,trader,1100101,True,accepted
20260511_090143,401769,nominal,trader,0000011,True,accepted
20260511_090143,401770,nominal,trader,0001110,True,accepted
20260511_090143,401771,nominal,trader,0101111,True,accepted
20260511_090143,401772,nominal,trader,0101100,True,accepted
20260511_090143,401773,nominal,trader,0001100,True,accepted
