run_id,sobol_index,prior_mode,family_drawn,regime_state_drawn,accepted,rejection_reason
20260510_232418,101024,nominal,importer,0000011,True,accepted
20260510_232418,101025,nominal,importer,0001100,True,accepted
20260510_232418,101026,nominal,importer,0001011,True,accepted
20260510_232418,101027,nominal,importer,0000100,True,accepted
20260510_232418,101028,nominal,importer,0000111,True,accepted
20260510_232418,101029,nominal,importer,0001010,True,accepted
20260510_232418,101030,nominal,importer,0001111,True,accepted
20260510_232418,101031,nominal,importer,0000010,True,accepted
20260510_232418,101032,nominal,importer,0001011,True,accepted
20260510_232418,101033,nominal,importer,0000110,True,accepted
20260510_232418,101034,nominal,importer,0000011,True,accepted
20260510_232418,101035,nominal,importer,0001110,True,accepted
20260510_232418,101036,nominal,importer,0001111,True,accepted
20260510_232418,101037,nominal,importer,0000000,True,accepted
20260510_232418,101038,nominal,importer,0000111,True,accepted
20260510_232418,101039,nominal,importer,0001000,True,accepted
20260510_232418,101040,nominal,importer,0000101,True,accepted
20260510_232418,101041,nominal,importer,0001010,True,accepted
20260510_232418,101042,nominal,importer,0001101,True,accepted
20260510_232418,101043,nominal,importer,0000010,True,accepted
20260510_232418,101044,nominal,importer,0000001,True,accepted
20260510_232418,101045,nominal,importer,0001111,True,accepted
20260510_232418,101046,nominal,importer,0001001,True,accepted
20260510_232418,101047,nominal,importer,0001000,True,accepted
20260510_232418,101048,nominal,importer,0001101,True,accepted
20260510_232418,101049,nominal,importer,0000100,True,accepted
20260510_232418,101050,nominal,importer,0000101,True,accepted
20260510_232418,101051,nominal,importer,0001100,True,accepted
20260510_232418,101052,nominal,importer,0001001,True,accepted
20260510_232418,101053,nominal,importer,0000110,True,accepted
20260510_232418,101054,nominal,importer,0000001,True,accepted
20260510_232418,101055,nominal,importer,0001110,True,accepted
20260510_232418,101056,nominal,importer,0001001,True,accepted
20260510_232418,101057,nominal,importer,0001000,True,accepted
20260510_232418,101058,nominal,importer,0000000,True,accepted
20260510_232418,101059,nominal,importer,0001111,True,accepted
20260510_232418,101060,nominal,importer,0001101,True,accepted
20260510_232418,101061,nominal,importer,0000010,True,accepted
20260510_232418,101062,nominal,importer,0000110,True,accepted
20260510_232418,101063,nominal,importer,0001011,True,accepted
20260510_232418,101064,nominal,importer,0000001,True,accepted
20260510_232418,101065,nominal,importer,0001110,True,accepted
20260510_232418,101066,nominal,importer,0001010,True,accepted
20260510_232418,101067,nominal,importer,0000111,True,accepted
20260510_232418,101068,nominal,importer,0000101,True,accepted
20260510_232418,101069,nominal,importer,0001100,True,accepted
20260510_232418,101070,nominal,importer,0001101,True,accepted
20260510_232418,101071,nominal,importer,0000100,True,accepted
20260510_232418,101072,nominal,importer,0001110,True,accepted
20260510_232418,101073,nominal,importer,0000001,True,accepted
20260510_232418,101074,nominal,importer,0000111,True,accepted
20260510_232418,101075,nominal,importer,0001010,True,accepted
20260510_232418,101076,nominal,importer,0001100,True,accepted
20260510_232418,101077,nominal,importer,0000101,True,accepted
20260510_232418,101078,nominal,importer,0000100,True,accepted
20260510_232418,101079,nominal,importer,0001100,True,accepted
20260510_232418,101080,nominal,importer,0001000,True,accepted
20260510_232418,101081,nominal,importer,0001001,True,accepted
20260510_232418,101082,nominal,importer,0001111,True,accepted
20260510_232418,101083,nominal,importer,0000000,True,accepted
20260510_232418,101084,nominal,importer,0000011,True,accepted
20260510_232418,101085,nominal,importer,0001101,True,accepted
20260510_232418,101086,nominal,importer,0001011,True,accepted
20260510_232418,101087,nominal,importer,0000110,True,accepted
20260510_232418,101088,nominal,importer,0001100,True,accepted
20260510_232418,101089,nominal,importer,0000101,True,accepted
20260510_232418,101090,nominal,importer,0000100,True,accepted
20260510_232418,101091,nominal,importer,0001101,True,accepted
20260510_232418,101092,nominal,importer,0001110,True,accepted
20260510_232418,101093,nominal,importer,0000001,True,accepted
20260510_232418,101094,nominal,importer,0000111,True,accepted
20260510_232418,101095,nominal,importer,0001010,True,accepted
20260510_232418,101096,nominal,importer,0000010,True,accepted
20260510_232418,101097,nominal,importer,0001101,True,accepted
20260510_232418,101098,nominal,importer,0001011,True,accepted
20260510_232418,101099,nominal,importer,0000110,True,accepted
20260510_232418,101100,nominal,importer,0001000,True,accepted
20260510_232418,101101,nominal,importer,0001001,True,accepted
20260510_232418,101102,nominal,importer,0001111,True,accepted
20260510_232418,101103,nominal,importer,0000000,True,accepted
20260510_232418,101104,nominal,importer,0001110,True,accepted
20260510_232418,101105,nominal,importer,0000011,True,accepted
20260510_232418,101106,nominal,importer,0000110,True,accepted
20260510_232418,101107,nominal,importer,0001011,True,accepted
20260510_232418,101108,nominal,importer,0001001,True,accepted
20260510_232418,101109,nominal,importer,0001000,True,accepted
20260510_232418,101110,nominal,importer,0000000,True,accepted
20260510_232418,101111,nominal,importer,0001111,True,accepted
20260510_232418,101112,nominal,importer,0000101,True,accepted
20260510_232418,101113,nominal,importer,0001100,True,accepted
20260510_232418,101114,nominal,importer,0001100,True,accepted
20260510_232418,101115,nominal,importer,0000011,True,accepted
20260510_232418,101116,nominal,importer,0000010,True,accepted
20260510_232418,101117,nominal,importer,0001110,True,accepted
20260510_232418,101118,nominal,importer,0001010,True,accepted
20260510_232418,101119,nominal,importer,0000111,True,accepted
20260510_232418,101120,nominal,importer,0000000,True,accepted
20260510_232418,101121,nominal,importer,0001111,True,accepted
20260510_232418,101122,nominal,importer,0001000,True,accepted
20260510_232418,101123,nominal,importer,0000111,True,accepted
20260510_232418,101124,nominal,importer,0000110,True,accepted
20260510_232418,101125,nominal,importer,0001011,True,accepted
20260510_232418,101126,nominal,importer,0001110,True,accepted
20260510_232418,101127,nominal,importer,0000011,True,accepted
20260510_232418,101128,nominal,importer,0001010,True,accepted
20260510_232418,101129,nominal,importer,0000111,True,accepted
20260510_232418,101130,nominal,importer,0000010,True,accepted
20260510_232418,101131,nominal,importer,0001111,True,accepted
20260510_232418,101132,nominal,importer,0001100,True,accepted
20260510_232418,101133,nominal,importer,0000011,True,accepted
20260510_232418,101134,nominal,importer,0000100,True,accepted
20260510_232418,101135,nominal,importer,0001011,True,accepted
20260510_232418,101136,nominal,importer,0000110,True,accepted
20260510_232418,101137,nominal,importer,0001001,True,accepted
20260510_232418,101138,nominal,importer,0001110,True,accepted
20260510_232418,101139,nominal,importer,0000001,True,accepted
20260510_232418,101140,nominal,importer,0000100,True,accepted
20260510_232418,101141,nominal,importer,0001101,True,accepted
20260510_232418,101142,nominal,importer,0001100,True,accepted
20260510_232418,101143,nominal,importer,0000101,True,accepted
20260510_232418,101144,nominal,importer,0001111,True,accepted
20260510_232418,101145,nominal,importer,0000000,True,accepted
20260510_232418,101146,nominal,importer,0001000,True,accepted
20260510_232418,101147,nominal,importer,0001001,True,accepted
20260510_232418,101148,nominal,importer,0001010,True,accepted
20260510_232418,101149,nominal,importer,0000101,True,accepted
20260510_232418,101150,nominal,importer,0000010,True,accepted
20260510_232418,101151,nominal,importer,0001101,True,accepted
20260510_232418,101152,nominal,importer,0000011,True,accepted
20260510_232418,101153,nominal,importer,0001100,True,accepted
20260510_232418,101154,nominal,importer,0001100,True,accepted
20260510_232418,101155,nominal,importer,0000101,True,accepted
20260510_232418,101156,nominal,importer,0000111,True,accepted
20260510_232418,101157,nominal,importer,0001010,True,accepted
20260510_232418,101158,nominal,importer,0001110,True,accepted
20260510_232418,101159,nominal,importer,0000010,True,accepted
20260510_232418,101160,nominal,importer,0001011,True,accepted
20260510_232418,101161,nominal,importer,0000110,True,accepted
20260510_232418,101162,nominal,importer,0000011,True,accepted
20260510_232418,101163,nominal,importer,0001110,True,accepted
20260510_232418,101164,nominal,importer,0001111,True,accepted
20260510_232418,101165,nominal,importer,0000000,True,accepted
20260510_232418,101166,nominal,importer,0001000,True,accepted
20260510_232418,101167,nominal,importer,0001001,True,accepted
20260510_232418,101168,nominal,importer,0000110,True,accepted
20260510_232418,101169,nominal,importer,0001011,True,accepted
20260510_232418,101170,nominal,importer,0001101,True,accepted
20260510_232418,101171,nominal,importer,0000010,True,accepted
20260510_232418,101172,nominal,importer,0000000,True,accepted
20260510_232418,101173,nominal,importer,0001111,True,accepted
20260510_232418,101174,nominal,importer,0001001,True,accepted
20260510_232418,101175,nominal,importer,0001000,True,accepted
20260510_232418,101176,nominal,importer,0001101,True,accepted
20260510_232418,101177,nominal,importer,0000100,True,accepted
20260510_232418,101178,nominal,importer,0000101,True,accepted
20260510_232418,101179,nominal,importer,0001100,True,accepted
20260510_232418,101180,nominal,importer,0001010,True,accepted
20260510_232418,101181,nominal,importer,0000111,True,accepted
20260510_232418,101182,nominal,importer,0000001,True,accepted
20260510_232418,101183,nominal,importer,0001110,True,accepted
20260510_232418,101184,nominal,importer,0001001,True,accepted
20260510_232418,101185,nominal,importer,0001000,True,accepted
20260510_232418,101186,nominal,importer,0000001,True,accepted
20260510_232418,101187,nominal,importer,0001111,True,accepted
20260510_232418,101188,nominal,importer,0001101,True,accepted
20260510_232418,101189,nominal,importer,0000010,True,accepted
20260510_232418,101190,nominal,importer,0000101,True,accepted
20260510_232418,101191,nominal,importer,0001010,True,accepted
20260510_232418,101192,nominal,importer,0000001,True,accepted
20260510_232418,101193,nominal,importer,0001110,True,accepted
20260510_232418,101194,nominal,importer,0001001,True,accepted
20260510_232418,101195,nominal,importer,0000110,True,accepted
20260510_232418,101196,nominal,importer,0000101,True,accepted
20260510_232418,101197,nominal,importer,0001100,True,accepted
20260510_232418,101198,nominal,importer,0001101,True,accepted
20260510_232418,101199,nominal,importer,0000100,True,accepted
20260510_232418,101200,nominal,importer,0001110,True,accepted
20260510_232418,101201,nominal,importer,0000010,True,accepted
20260510_232418,101202,nominal,importer,0000111,True,accepted
20260510_232418,101203,nominal,importer,0001010,True,accepted
20260510_232418,101204,nominal,importer,0001011,True,accepted
20260510_232418,101205,nominal,importer,0000100,True,accepted
20260510_232418,101206,nominal,importer,0000011,True,accepted
20260510_232418,101207,nominal,importer,0001100,True,accepted
20260510_232418,101208,nominal,importer,0000111,True,accepted
20260510_232418,101209,nominal,importer,0001000,True,accepted
20260510_232418,101210,nominal,importer,0001111,True,accepted
20260510_232418,101211,nominal,importer,0000000,True,accepted
20260510_232418,101212,nominal,importer,0000011,True,accepted
20260510_232418,101213,nominal,importer,0001110,True,accepted
20260510_232418,101214,nominal,importer,0001011,True,accepted
20260510_232418,101215,nominal,importer,0000110,True,accepted
20260510_232418,101216,nominal,importer,0001100,True,accepted
20260510_232418,101217,nominal,importer,0000101,True,accepted
20260510_232418,101218,nominal,importer,0000100,True,accepted
20260510_232418,101219,nominal,importer,0001101,True,accepted
20260510_232418,101220,nominal,importer,0001110,True,accepted
20260510_232418,101221,nominal,importer,0000001,True,accepted
20260510_232418,101222,nominal,importer,0000110,True,accepted
20260510_232418,101223,nominal,importer,0001010,True,accepted
20260510_232418,101224,nominal,importer,0000010,True,accepted
20260510_232418,101225,nominal,importer,0001101,True,accepted
20260510_232418,101226,nominal,importer,0001010,True,accepted
20260510_232418,101227,nominal,importer,0000101,True,accepted
20260510_232418,101228,nominal,importer,0001000,True,accepted
20260510_232418,101229,nominal,importer,0001001,True,accepted
20260510_232418,101230,nominal,importer,0001111,True,accepted
20260510_232418,101231,nominal,importer,0000001,True,accepted
20260510_232418,101232,nominal,importer,0001110,True,accepted
20260510_232418,101233,nominal,importer,0000011,True,accepted
20260510_232418,101234,nominal,importer,0000110,True,accepted
20260510_232418,101235,nominal,importer,0001011,True,accepted
20260510_232418,101236,nominal,importer,0001000,True,accepted
20260510_232418,101237,nominal,importer,0000111,True,accepted
20260510_232418,101238,nominal,importer,0000000,True,accepted
20260510_232418,101239,nominal,importer,0001111,True,accepted
20260510_232418,101240,nominal,importer,0000100,True,accepted
20260510_232418,101241,nominal,importer,0001011,True,accepted
20260510_232418,101242,nominal,importer,0001100,True,accepted
20260510_232418,101243,nominal,importer,0000011,True,accepted
20260510_232418,101244,nominal,importer,0000010,True,accepted
20260510_232418,101245,nominal,importer,0001111,True,accepted
20260510_232418,101246,nominal,importer,0001010,True,accepted
20260510_232418,101247,nominal,importer,0000111,True,accepted
20260510_232418,101248,nominal,importer,0000000,True,accepted
20260510_232418,101249,nominal,importer,0001111,True,accepted
20260510_232418,101250,nominal,importer,0001001,True,accepted
20260510_232418,101251,nominal,importer,0001000,True,accepted
20260510_232418,101252,nominal,importer,0000110,True,accepted
20260510_232418,101253,nominal,importer,0001011,True,accepted
20260510_232418,101254,nominal,importer,0001110,True,accepted
20260510_232418,101255,nominal,importer,0000011,True,accepted
20260510_232418,101256,nominal,importer,0001010,True,accepted
20260510_232418,101257,nominal,importer,0000111,True,accepted
20260510_232418,101258,nominal,importer,0000001,True,accepted
20260510_232418,101259,nominal,importer,0001110,True,accepted
20260510_232418,101260,nominal,importer,0001100,True,accepted
20260510_232418,101261,nominal,importer,0000100,True,accepted
20260510_232418,101262,nominal,importer,0000100,True,accepted
20260510_232418,101263,nominal,importer,0001011,True,accepted
20260510_232418,101264,nominal,importer,0000110,True,accepted
20260510_232418,101265,nominal,importer,0001010,True,accepted
20260510_232418,101266,nominal,importer,0001110,True,accepted
20260510_232418,101267,nominal,importer,0000001,True,accepted
20260510_232418,101268,nominal,importer,0000100,True,accepted
20260510_232418,101269,nominal,importer,0001101,True,accepted
20260510_232418,101270,nominal,importer,0001100,True,accepted
20260510_232418,101271,nominal,importer,0000101,True,accepted
20260510_232418,101272,nominal,importer,0001111,True,accepted
20260510_232418,101273,nominal,importer,0000000,True,accepted
20260510_232418,101274,nominal,importer,0001000,True,accepted
20260510_232418,101275,nominal,importer,0001001,True,accepted
20260510_232418,101276,nominal,importer,0001011,True,accepted
20260510_232418,101277,nominal,importer,0000110,True,accepted
20260510_232418,101278,nominal,importer,0000010,True,accepted
20260510_232418,101279,nominal,importer,0001101,True,accepted
20260510_232418,101280,nominal,importer,0001100,True,accepted
20260510_232418,101281,nominal,importer,0000011,True,accepted
20260510_232418,101282,nominal,importer,0000100,True,accepted
20260510_232418,101283,nominal,importer,0001011,True,accepted
20260510_232418,101284,nominal,importer,0001010,True,accepted
20260510_232418,101285,nominal,importer,0000111,True,accepted
20260510_232418,101286,nominal,importer,0000010,True,accepted
20260510_232418,101287,nominal,importer,0001110,True,accepted
20260510_232418,101288,nominal,importer,0000110,True,accepted
20260510_232418,101289,nominal,importer,0001011,True,accepted
20260510_232418,101290,nominal,importer,0001110,True,accepted
20260510_232418,101291,nominal,importer,0000011,True,accepted
20260510_232418,101292,nominal,importer,0000000,True,accepted
20260510_232418,101293,nominal,importer,0001111,True,accepted
20260510_232418,101294,nominal,importer,0001000,True,accepted
20260510_232418,101295,nominal,importer,0000111,True,accepted
20260510_232418,101296,nominal,importer,0001010,True,accepted
20260510_232418,101297,nominal,importer,0000101,True,accepted
20260510_232418,101298,nominal,importer,0000010,True,accepted
20260510_232418,101299,nominal,importer,0001101,True,accepted
20260510_232418,101300,nominal,importer,0001111,True,accepted
20260510_232418,101301,nominal,importer,0000001,True,accepted
20260510_232418,101302,nominal,importer,0001000,True,accepted
20260510_232418,101303,nominal,importer,0001001,True,accepted
20260510_232418,101304,nominal,importer,0000100,True,accepted
20260510_232418,101305,nominal,importer,0001101,True,accepted
20260510_232418,101306,nominal,importer,0001100,True,accepted
20260510_232418,101307,nominal,importer,0000101,True,accepted
20260510_232418,101308,nominal,importer,0000110,True,accepted
20260510_232418,101309,nominal,importer,0001001,True,accepted
20260510_232418,101310,nominal,importer,0001110,True,accepted
20260510_232418,101311,nominal,importer,0000001,True,accepted
20260510_232418,101312,nominal,importer,0001000,True,accepted
20260510_232418,101313,nominal,importer,0001001,True,accepted
20260510_232418,101314,nominal,importer,0001111,True,accepted
20260510_232418,101315,nominal,importer,0000000,True,accepted
20260510_232418,101316,nominal,importer,0000010,True,accepted
20260510_232418,101317,nominal,importer,0001101,True,accepted
20260510_232418,101318,nominal,importer,0001011,True,accepted
20260510_232418,101319,nominal,importer,0000110,True,accepted
20260510_232418,101320,nominal,importer,0001110,True,accepted
20260510_232418,101321,nominal,importer,0000001,True,accepted
20260510_232418,101322,nominal,importer,0000111,True,accepted
20260510_232418,101323,nominal,importer,0001010,True,accepted
20260510_232418,101324,nominal,importer,0001100,True,accepted
20260510_232418,101325,nominal,importer,0000101,True,accepted
20260510_232418,101326,nominal,importer,0000100,True,accepted
20260510_232418,101327,nominal,importer,0001101,True,accepted
20260510_232418,101328,nominal,importer,0000010,True,accepted
20260510_232418,101329,nominal,importer,0001110,True,accepted
20260510_232418,101330,nominal,importer,0001010,True,accepted
20260510_232418,101331,nominal,importer,0000111,True,accepted
20260510_232418,101332,nominal,importer,0000101,True,accepted
20260510_232418,101333,nominal,importer,0001100,True,accepted
20260510_232418,101334,nominal,importer,0001100,True,accepted
20260510_232418,101335,nominal,importer,0000011,True,accepted
20260510_232418,101336,nominal,importer,0001001,True,accepted
20260510_232418,101337,nominal,importer,0001000,True,accepted
20260510_232418,101338,nominal,importer,0000000,True,accepted
20260510_232418,101339,nominal,importer,0001111,True,accepted
20260510_232418,101340,nominal,importer,0001110,True,accepted
20260510_232418,101341,nominal,importer,0000011,True,accepted
20260510_232418,101342,nominal,importer,0000110,True,accepted
20260510_232418,101343,nominal,importer,0001011,True,accepted
20260510_232418,101344,nominal,importer,0000101,True,accepted
20260510_232418,101345,nominal,importer,0001100,True,accepted
20260510_232418,101346,nominal,importer,0001101,True,accepted
20260510_232418,101347,nominal,importer,0000100,True,accepted
20260510_232418,101348,nominal,importer,0000001,True,accepted
20260510_232418,101349,nominal,importer,0001110,True,accepted
20260510_232418,101350,nominal,importer,0001010,True,accepted
20260510_232418,101351,nominal,importer,0000111,True,accepted
20260510_232418,101352,nominal,importer,0001101,True,accepted
20260510_232418,101353,nominal,importer,0000010,True,accepted
20260510_232418,101354,nominal,importer,0000110,True,accepted
20260510_232418,101355,nominal,importer,0001011,True,accepted
20260510_232418,101356,nominal,importer,0001001,True,accepted
20260510_232418,101357,nominal,importer,0001000,True,accepted
20260510_232418,101358,nominal,importer,0000000,True,accepted
20260510_232418,101359,nominal,importer,0001111,True,accepted
20260510_232418,101360,nominal,importer,0000011,True,accepted
20260510_232418,101361,nominal,importer,0001110,True,accepted
20260510_232418,101362,nominal,importer,0001011,True,accepted
20260510_232418,101363,nominal,importer,0000110,True,accepted
20260510_232418,101364,nominal,importer,0001000,True,accepted
20260510_232418,101365,nominal,importer,0001001,True,accepted
20260510_232418,101366,nominal,importer,0001111,True,accepted
20260510_232418,101367,nominal,importer,0000000,True,accepted
20260510_232418,101368,nominal,importer,0001011,True,accepted
20260510_232418,101369,nominal,importer,0000100,True,accepted
20260510_232418,101370,nominal,importer,0000100,True,accepted
20260510_232418,101371,nominal,importer,0001100,True,accepted
20260510_232418,101372,nominal,importer,0001110,True,accepted
20260510_232418,101373,nominal,importer,0000001,True,accepted
20260510_232418,101374,nominal,importer,0000111,True,accepted
20260510_232418,101375,nominal,importer,0001010,True,accepted
20260510_232418,101376,nominal,importer,0001111,True,accepted
20260510_232418,101377,nominal,importer,0000000,True,accepted
20260510_232418,101378,nominal,importer,0000111,True,accepted
20260510_232418,101379,nominal,importer,0001000,True,accepted
20260510_232418,101380,nominal,importer,0001011,True,accepted
20260510_232418,101381,nominal,importer,0000110,True,accepted
20260510_232418,101382,nominal,importer,0000011,True,accepted
20260510_232418,101383,nominal,importer,0001110,True,accepted
20260510_232418,101384,nominal,importer,0000111,True,accepted
20260510_232418,101385,nominal,importer,0001010,True,accepted
20260510_232418,101386,nominal,importer,0001111,True,accepted
20260510_232418,101387,nominal,importer,0000010,True,accepted
20260510_232418,101388,nominal,importer,0000011,True,accepted
20260510_232418,101389,nominal,importer,0001100,True,accepted
20260510_232418,101390,nominal,importer,0001011,True,accepted
20260510_232418,101391,nominal,importer,0000100,True,accepted
20260510_232418,101392,nominal,importer,0001010,True,accepted
20260510_232418,101393,nominal,importer,0000110,True,accepted
20260510_232418,101394,nominal,importer,0000001,True,accepted
20260510_232418,101395,nominal,importer,0001110,True,accepted
20260510_232418,101396,nominal,importer,0001101,True,accepted
20260510_232418,101397,nominal,importer,0000100,True,accepted
20260510_232418,101398,nominal,importer,0000101,True,accepted
20260510_232418,101399,nominal,importer,0001100,True,accepted
20260510_232418,101400,nominal,importer,0000001,True,accepted
20260510_232418,101401,nominal,importer,0001111,True,accepted
20260510_232418,101402,nominal,importer,0001001,True,accepted
20260510_232418,101403,nominal,importer,0001000,True,accepted
20260510_232418,101404,nominal,importer,0000101,True,accepted
20260510_232418,101405,nominal,importer,0001010,True,accepted
20260510_232418,101406,nominal,importer,0001101,True,accepted
20260510_232418,101407,nominal,importer,0000010,True,accepted
20260510_232418,101408,nominal,importer,0001100,True,accepted
20260510_232418,101409,nominal,importer,0000100,True,accepted
20260510_232418,101410,nominal,importer,0000101,True,accepted
20260510_232418,101411,nominal,importer,0001100,True,accepted
20260510_232418,101412,nominal,importer,0001010,True,accepted
20260510_232418,101413,nominal,importer,0000111,True,accepted
20260510_232418,101414,nominal,importer,0000001,True,accepted
20260510_232418,101415,nominal,importer,0001110,True,accepted
20260510_232418,101416,nominal,importer,0000110,True,accepted
20260510_232418,101417,nominal,importer,0001011,True,accepted
20260510_232418,101418,nominal,importer,0001101,True,accepted
20260510_232418,101419,nominal,importer,0000011,True,accepted
20260510_232418,101420,nominal,importer,0000000,True,accepted
20260510_232418,101421,nominal,importer,0001111,True,accepted
20260510_232418,101422,nominal,importer,0001001,True,accepted
20260510_232418,101423,nominal,importer,0001000,True,accepted
20260510_232418,101424,nominal,importer,0001010,True,accepted
20260510_232418,101425,nominal,importer,0000110,True,accepted
20260510_232418,101426,nominal,importer,0000010,True,accepted
20260510_232418,101427,nominal,importer,0001101,True,accepted
20260510_232418,101428,nominal,importer,0001111,True,accepted
20260510_232418,101429,nominal,importer,0000000,True,accepted
20260510_232418,101430,nominal,importer,0001000,True,accepted
20260510_232418,101431,nominal,importer,0001001,True,accepted
20260510_232418,101432,nominal,importer,0000100,True,accepted
20260510_232418,101433,nominal,importer,0001101,True,accepted
20260510_232418,101434,nominal,importer,0001100,True,accepted
20260510_232418,101435,nominal,importer,0000101,True,accepted
20260510_232418,101436,nominal,importer,0000111,True,accepted
20260510_232418,101437,nominal,importer,0001010,True,accepted
20260510_232418,101438,nominal,importer,0001110,True,accepted
20260510_232418,101439,nominal,importer,0000001,True,accepted
20260510_232418,101440,nominal,importer,0001000,True,accepted
20260510_232418,101441,nominal,importer,0001001,True,accepted
20260510_232418,101442,nominal,importer,0001111,True,accepted
20260510_232418,101443,nominal,importer,0000001,True,accepted
20260510_232418,101444,nominal,importer,0000010,True,accepted
20260510_232418,101445,nominal,importer,0001101,True,accepted
20260510_232418,101446,nominal,importer,0001010,True,accepted
20260510_232418,101447,nominal,importer,0000101,True,accepted
20260510_232418,101448,nominal,importer,0001110,True,accepted
20260510_232418,101449,nominal,importer,0000001,True,accepted
20260510_232418,101450,nominal,importer,0000110,True,accepted
20260510_232418,101451,nominal,importer,0001001,True,accepted
20260510_232418,101452,nominal,importer,0001100,True,accepted
20260510_232418,101453,nominal,importer,0000101,True,accepted
20260510_232418,101454,nominal,importer,0000100,True,accepted
20260510_232418,101455,nominal,importer,0001101,True,accepted
20260510_232418,101456,nominal,importer,0000010,True,accepted
20260510_232418,101457,nominal,importer,0001111,True,accepted
20260510_232418,101458,nominal,importer,0001010,True,accepted
20260510_232418,101459,nominal,importer,0000111,True,accepted
20260510_232418,101460,nominal,importer,0000100,True,accepted
20260510_232418,101461,nominal,importer,0001011,True,accepted
20260510_232418,101462,nominal,importer,0001100,True,accepted
20260510_232418,101463,nominal,importer,0000011,True,accepted
20260510_232418,101464,nominal,importer,0001000,True,accepted
20260510_232418,101465,nominal,importer,0000111,True,accepted
20260510_232418,101466,nominal,importer,0000000,True,accepted
20260510_232418,101467,nominal,importer,0001111,True,accepted
20260510_232418,101468,nominal,importer,0001110,True,accepted
20260510_232418,101469,nominal,importer,0000011,True,accepted
20260510_232418,101470,nominal,importer,0000110,True,accepted
20260510_232418,101471,nominal,importer,0001011,True,accepted
20260510_232418,101472,nominal,importer,0000101,True,accepted
20260510_232418,101473,nominal,importer,0001100,True,accepted
20260510_232418,101474,nominal,importer,0001101,True,accepted
20260510_232418,101475,nominal,importer,0000100,True,accepted
20260510_232418,101476,nominal,importer,0000001,True,accepted
20260510_232418,101477,nominal,importer,0001110,True,accepted
20260510_232418,101478,nominal,importer,0001001,True,accepted
20260510_232418,101479,nominal,importer,0000110,True,accepted
20260510_232418,101480,nominal,importer,0001101,True,accepted
20260510_232418,101481,nominal,importer,0000010,True,accepted
20260510_232418,101482,nominal,importer,0000101,True,accepted
20260510_232418,101483,nominal,importer,0001010,True,accepted
20260510_232418,101484,nominal,importer,0001001,True,accepted
20260510_232418,101485,nominal,importer,0001000,True,accepted
20260510_232418,101486,nominal,importer,0000000,True,accepted
20260510_232418,101487,nominal,importer,0001111,True,accepted
20260510_232418,101488,nominal,importer,0000011,True,accepted
20260510_232418,101489,nominal,importer,0001110,True,accepted
20260510_232418,101490,nominal,importer,0001011,True,accepted
20260510_232418,101491,nominal,importer,0000110,True,accepted
20260510_232418,101492,nominal,importer,0000111,True,accepted
20260510_232418,101493,nominal,importer,0001000,True,accepted
20260510_232418,101494,nominal,importer,0001111,True,accepted
20260510_232418,101495,nominal,importer,0000000,True,accepted
20260510_232418,101496,nominal,importer,0001011,True,accepted
20260510_232418,101497,nominal,importer,0000100,True,accepted
20260510_232418,101498,nominal,importer,0000011,True,accepted
20260510_232418,101499,nominal,importer,0001100,True,accepted
20260510_232418,101500,nominal,importer,0001111,True,accepted
20260510_232418,101501,nominal,importer,0000010,True,accepted
20260510_232418,101502,nominal,importer,0000111,True,accepted
20260510_232418,101503,nominal,importer,0001010,True,accepted
20260510_232418,101504,nominal,importer,0001111,True,accepted
20260510_232418,101505,nominal,importer,0000000,True,accepted
20260510_232418,101506,nominal,importer,0001000,True,accepted
20260510_232418,101507,nominal,importer,0001001,True,accepted
20260510_232418,101508,nominal,importer,0001011,True,accepted
20260510_232418,101509,nominal,importer,0000110,True,accepted
20260510_232418,101510,nominal,importer,0000011,True,accepted
20260510_232418,101511,nominal,importer,0001110,True,accepted
20260510_232418,101512,nominal,importer,0000111,True,accepted
20260510_232418,101513,nominal,importer,0001010,True,accepted
20260510_232418,101514,nominal,importer,0001110,True,accepted
20260510_232418,101515,nominal,importer,0000010,True,accepted
20260510_232418,101516,nominal,importer,0000011,True,accepted
20260510_232418,101517,nominal,importer,0001100,True,accepted
20260510_232418,101518,nominal,importer,0001100,True,accepted
20260510_232418,101519,nominal,importer,0000101,True,accepted
20260510_232418,101520,nominal,importer,0001010,True,accepted
20260510_232418,101521,nominal,importer,0000111,True,accepted
20260510_232418,101522,nominal,importer,0000001,True,accepted
20260510_232418,101523,nominal,importer,0001110,True,accepted
20260510_232418,101524,nominal,importer,0001101,True,accepted
20260510_232418,101525,nominal,importer,0000100,True,accepted
20260510_232418,101526,nominal,importer,0000101,True,accepted
20260510_232418,101527,nominal,importer,0001100,True,accepted
20260510_232418,101528,nominal,importer,0000000,True,accepted
20260510_232418,101529,nominal,importer,0001111,True,accepted
20260510_232418,101530,nominal,importer,0001001,True,accepted
20260510_232418,101531,nominal,importer,0001000,True,accepted
20260510_232418,101532,nominal,importer,0000110,True,accepted
20260510_232418,101533,nominal,importer,0001011,True,accepted
20260510_232418,101534,nominal,importer,0001101,True,accepted
20260510_232418,101535,nominal,importer,0000010,True,accepted
20260510_232418,101536,nominal,importer,0000100,True,accepted
20260510_232418,101537,nominal,importer,0001011,True,accepted
20260510_232418,101538,nominal,importer,0001100,True,accepted
20260510_232418,101539,nominal,importer,0000011,True,accepted
20260510_232418,101540,nominal,importer,0000010,True,accepted
20260510_232418,101541,nominal,importer,0001111,True,accepted
20260510_232418,101542,nominal,importer,0001010,True,accepted
20260510_232418,101543,nominal,importer,0000111,True,accepted
20260510_232418,101544,nominal,importer,0001110,True,accepted
20260510_232418,101545,nominal,importer,0000011,True,accepted
20260510_232418,101546,nominal,importer,0000110,True,accepted
20260510_232418,101547,nominal,importer,0001011,True,accepted
20260510_232418,101548,nominal,importer,0001000,True,accepted
20260510_232418,101549,nominal,importer,0000111,True,accepted
20260510_232418,101550,nominal,importer,0000000,True,accepted
20260510_232418,101551,nominal,importer,0001111,True,accepted
20260510_232418,101552,nominal,importer,0000010,True,accepted
20260510_232418,101553,nominal,importer,0001101,True,accepted
20260510_232418,101554,nominal,importer,0001010,True,accepted
20260510_232418,101555,nominal,importer,0000101,True,accepted
20260510_232418,101556,nominal,importer,0001000,True,accepted
20260510_232418,101557,nominal,importer,0001001,True,accepted
20260510_232418,101558,nominal,importer,0001111,True,accepted
20260510_232418,101559,nominal,importer,0000000,True,accepted
20260510_232418,101560,nominal,importer,0001100,True,accepted
20260510_232418,101561,nominal,importer,0000101,True,accepted
20260510_232418,101562,nominal,importer,0000100,True,accepted
20260510_232418,101563,nominal,importer,0001101,True,accepted
20260510_232418,101564,nominal,importer,0001110,True,accepted
20260510_232418,101565,nominal,importer,0000001,True,accepted
20260510_232418,101566,nominal,importer,0000110,True,accepted
20260510_232418,101567,nominal,importer,0001001,True,accepted
20260510_232418,101568,nominal,importer,0001111,True,accepted
20260510_232418,101569,nominal,importer,0000000,True,accepted
20260510_232418,101570,nominal,importer,0001000,True,accepted
20260510_232418,101571,nominal,importer,0001001,True,accepted
20260510_232418,101572,nominal,importer,0001011,True,accepted
20260510_232418,101573,nominal,importer,0000110,True,accepted
20260510_232418,101574,nominal,importer,0000010,True,accepted
20260510_232418,101575,nominal,importer,0001101,True,accepted
20260510_232418,101576,nominal,importer,0000111,True,accepted
20260510_232418,101577,nominal,importer,0001010,True,accepted
20260510_232418,101578,nominal,importer,0001110,True,accepted
20260510_232418,101579,nominal,importer,0000001,True,accepted
20260510_232418,101580,nominal,importer,0000100,True,accepted
20260510_232418,101581,nominal,importer,0001101,True,accepted
20260510_232418,101582,nominal,importer,0001100,True,accepted
20260510_232418,101583,nominal,importer,0000101,True,accepted
20260510_232418,101584,nominal,importer,0001010,True,accepted
20260510_232418,101585,nominal,importer,0000111,True,accepted
20260510_232418,101586,nominal,importer,0000010,True,accepted
20260510_232418,101587,nominal,importer,0001110,True,accepted
20260510_232418,101588,nominal,importer,0001100,True,accepted
20260510_232418,101589,nominal,importer,0000011,True,accepted
20260510_232418,101590,nominal,importer,0000101,True,accepted
20260510_232418,101591,nominal,importer,0001100,True,accepted
20260510_232418,101592,nominal,importer,0000000,True,accepted
20260510_232418,101593,nominal,importer,0001111,True,accepted
20260510_232418,101594,nominal,importer,0001001,True,accepted
20260510_232418,101595,nominal,importer,0001000,True,accepted
20260510_232418,101596,nominal,importer,0000110,True,accepted
20260510_232418,101597,nominal,importer,0001011,True,accepted
20260510_232418,101598,nominal,importer,0001110,True,accepted
20260510_232418,101599,nominal,importer,0000011,True,accepted
20260510_232418,101600,nominal,importer,0001101,True,accepted
20260510_232418,101601,nominal,importer,0000100,True,accepted
20260510_232418,101602,nominal,importer,0000101,True,accepted
20260510_232418,101603,nominal,importer,0001100,True,accepted
20260510_232418,101604,nominal,importer,0001010,True,accepted
20260510_232418,101605,nominal,importer,0000111,True,accepted
20260510_232418,101606,nominal,importer,0000001,True,accepted
20260510_232418,101607,nominal,importer,0001110,True,accepted
20260510_232418,101608,nominal,importer,0000110,True,accepted
20260510_232418,101609,nominal,importer,0001010,True,accepted
20260510_232418,101610,nominal,importer,0001101,True,accepted
20260510_232418,101611,nominal,importer,0000010,True,accepted
20260510_232418,101612,nominal,importer,0000000,True,accepted
20260510_232418,101613,nominal,importer,0001111,True,accepted
20260510_232418,101614,nominal,importer,0001001,True,accepted
20260510_232418,101615,nominal,importer,0001000,True,accepted
20260510_232418,101616,nominal,importer,0001011,True,accepted
20260510_232418,101617,nominal,importer,0000110,True,accepted
20260510_232418,101618,nominal,importer,0000010,True,accepted
20260510_232418,101619,nominal,importer,0001101,True,accepted
20260510_232418,101620,nominal,importer,0001111,True,accepted
20260510_232418,101621,nominal,importer,0000000,True,accepted
20260510_232418,101622,nominal,importer,0000111,True,accepted
20260510_232418,101623,nominal,importer,0001000,True,accepted
20260510_232418,101624,nominal,importer,0000100,True,accepted
20260510_232418,101625,nominal,importer,0001100,True,accepted
20260510_232418,101626,nominal,importer,0001011,True,accepted
20260510_232418,101627,nominal,importer,0000100,True,accepted
20260510_232418,101628,nominal,importer,0000111,True,accepted
20260510_232418,101629,nominal,importer,0001010,True,accepted
20260510_232418,101630,nominal,importer,0001110,True,accepted
20260510_232418,101631,nominal,importer,0000001,True,accepted
20260510_232418,101632,nominal,importer,0000111,True,accepted
20260510_232418,101633,nominal,importer,0001000,True,accepted
20260510_232418,101634,nominal,importer,0001111,True,accepted
20260510_232418,101635,nominal,importer,0000000,True,accepted
20260510_232418,101636,nominal,importer,0000011,True,accepted
20260510_232418,101637,nominal,importer,0001110,True,accepted
20260510_232418,101638,nominal,importer,0001011,True,accepted
20260510_232418,101639,nominal,importer,0000110,True,accepted
20260510_232418,101640,nominal,importer,0001111,True,accepted
20260510_232418,101641,nominal,importer,0000010,True,accepted
20260510_232418,101642,nominal,importer,0000111,True,accepted
20260510_232418,101643,nominal,importer,0001010,True,accepted
20260510_232418,101644,nominal,importer,0001011,True,accepted
20260510_232418,101645,nominal,importer,0000100,True,accepted
20260510_232418,101646,nominal,importer,0000011,True,accepted
20260510_232418,101647,nominal,importer,0001100,True,accepted
20260510_232418,101648,nominal,importer,0000001,True,accepted
20260510_232418,101649,nominal,importer,0001110,True,accepted
20260510_232418,101650,nominal,importer,0001001,True,accepted
20260510_232418,101651,nominal,importer,0000110,True,accepted
20260510_232418,101652,nominal,importer,0000101,True,accepted
20260510_232418,101653,nominal,importer,0001100,True,accepted
20260510_232418,101654,nominal,importer,0001101,True,accepted
20260510_232418,101655,nominal,importer,0000100,True,accepted
20260510_232418,101656,nominal,importer,0001001,True,accepted
20260510_232418,101657,nominal,importer,0001000,True,accepted
20260510_232418,101658,nominal,importer,0000001,True,accepted
20260510_232418,101659,nominal,importer,0001111,True,accepted
20260510_232418,101660,nominal,importer,0001101,True,accepted
20260510_232418,101661,nominal,importer,0000010,True,accepted
20260510_232418,101662,nominal,importer,0000110,True,accepted
20260510_232418,101663,nominal,importer,0001010,True,accepted
20260510_232418,101664,nominal,importer,0000100,True,accepted
20260510_232418,101665,nominal,importer,0001011,True,accepted
20260510_232418,101666,nominal,importer,0001101,True,accepted
20260510_232418,101667,nominal,importer,0000100,True,accepted
20260510_232418,101668,nominal,importer,0000001,True,accepted
20260510_232418,101669,nominal,importer,0001110,True,accepted
20260510_232418,101670,nominal,importer,0001010,True,accepted
20260510_232418,101671,nominal,importer,0000111,True,accepted
20260510_232418,101672,nominal,importer,0001110,True,accepted
20260510_232418,101673,nominal,importer,0000011,True,accepted
20260510_232418,101674,nominal,importer,0000110,True,accepted
20260510_232418,101675,nominal,importer,0001011,True,accepted
20260510_232418,101676,nominal,importer,0001001,True,accepted
20260510_232418,101677,nominal,importer,0001000,True,accepted
20260510_232418,101678,nominal,importer,0000000,True,accepted
20260510_232418,101679,nominal,importer,0001111,True,accepted
20260510_232418,101680,nominal,importer,0000010,True,accepted
20260510_232418,101681,nominal,importer,0001101,True,accepted
20260510_232418,101682,nominal,importer,0001011,True,accepted
20260510_232418,101683,nominal,importer,0000110,True,accepted
20260510_232418,101684,nominal,importer,0001000,True,accepted
20260510_232418,101685,nominal,importer,0001001,True,accepted
20260510_232418,101686,nominal,importer,0001111,True,accepted
20260510_232418,101687,nominal,importer,0000000,True,accepted
20260510_232418,101688,nominal,importer,0001100,True,accepted
20260510_232418,101689,nominal,importer,0000101,True,accepted
20260510_232418,101690,nominal,importer,0000100,True,accepted
20260510_232418,101691,nominal,importer,0001101,True,accepted
20260510_232418,101692,nominal,importer,0001110,True,accepted
20260510_232418,101693,nominal,importer,0000001,True,accepted
20260510_232418,101694,nominal,importer,0000110,True,accepted
20260510_232418,101695,nominal,importer,0001010,True,accepted
20260510_232418,101696,nominal,importer,0001111,True,accepted
20260510_232418,101697,nominal,importer,0000001,True,accepted
20260510_232418,101698,nominal,importer,0001000,True,accepted
20260510_232418,101699,nominal,importer,0001001,True,accepted
20260510_232418,101700,nominal,importer,0001010,True,accepted
20260510_232418,101701,nominal,importer,0000101,True,accepted
20260510_232418,101702,nominal,importer,0000010,True,accepted
20260510_232418,101703,nominal,importer,0001101,True,accepted
20260510_232418,101704,nominal,importer,0000110,True,accepted
20260510_232418,101705,nominal,importer,0001001,True,accepted
20260510_232418,101706,nominal,importer,0001110,True,accepted
20260510_232418,101707,nominal,importer,0000001,True,accepted
20260510_232418,101708,nominal,importer,0000100,True,accepted
20260510_232418,101709,nominal,importer,0001101,True,accepted
20260510_232418,101710,nominal,importer,0001100,True,accepted
20260510_232418,101711,nominal,importer,0000101,True,accepted
20260510_232418,101712,nominal,importer,0001010,True,accepted
20260510_232418,101713,nominal,importer,0000111,True,accepted
20260510_232418,101714,nominal,importer,0000010,True,accepted
20260510_232418,101715,nominal,importer,0001111,True,accepted
20260510_232418,101716,nominal,importer,0001100,True,accepted
20260510_232418,101717,nominal,importer,0000011,True,accepted
20260510_232418,101718,nominal,importer,0000100,True,accepted
20260510_232418,101719,nominal,importer,0001011,True,accepted
20260510_232418,101720,nominal,importer,0000000,True,accepted
20260510_232418,101721,nominal,importer,0001111,True,accepted
20260510_232418,101722,nominal,importer,0001000,True,accepted
20260510_232418,101723,nominal,importer,0000111,True,accepted
20260510_232418,101724,nominal,importer,0000110,True,accepted
20260510_232418,101725,nominal,importer,0001011,True,accepted
20260510_232418,101726,nominal,importer,0001110,True,accepted
20260510_232418,101727,nominal,importer,0000011,True,accepted
20260510_232418,101728,nominal,importer,0001101,True,accepted
20260510_232418,101729,nominal,importer,0000100,True,accepted
20260510_232418,101730,nominal,importer,0000101,True,accepted
20260510_232418,101731,nominal,importer,0001100,True,accepted
20260510_232418,101732,nominal,importer,0001001,True,accepted
20260510_232418,101733,nominal,importer,0000110,True,accepted
20260510_232418,101734,nominal,importer,0000001,True,accepted
20260510_232418,101735,nominal,importer,0001110,True,accepted
20260510_232418,101736,nominal,importer,0000101,True,accepted
20260510_232418,101737,nominal,importer,0001010,True,accepted
20260510_232418,101738,nominal,importer,0001101,True,accepted
20260510_232418,101739,nominal,importer,0000010,True,accepted
20260510_232418,101740,nominal,importer,0000000,True,accepted
20260510_232418,101741,nominal,importer,0001111,True,accepted
20260510_232418,101742,nominal,importer,0001001,True,accepted
20260510_232418,101743,nominal,importer,0001000,True,accepted
20260510_232418,101744,nominal,importer,0001011,True,accepted
20260510_232418,101745,nominal,importer,0000110,True,accepted
20260510_232418,101746,nominal,importer,0000011,True,accepted
20260510_232418,101747,nominal,importer,0001110,True,accepted
20260510_232418,101748,nominal,importer,0001111,True,accepted
20260510_232418,101749,nominal,importer,0000000,True,accepted
20260510_232418,101750,nominal,importer,0000111,True,accepted
20260510_232418,101751,nominal,importer,0001000,True,accepted
20260510_232418,101752,nominal,importer,0000011,True,accepted
20260510_232418,101753,nominal,importer,0001100,True,accepted
20260510_232418,101754,nominal,importer,0001011,True,accepted
20260510_232418,101755,nominal,importer,0000100,True,accepted
20260510_232418,101756,nominal,importer,0000111,True,accepted
20260510_232418,101757,nominal,importer,0001010,True,accepted
20260510_232418,101758,nominal,importer,0001110,True,accepted
20260510_232418,101759,nominal,importer,0000010,True,accepted
20260510_232418,101760,nominal,importer,0001000,True,accepted
20260510_232418,101761,nominal,importer,0001001,True,accepted
20260510_232418,101762,nominal,importer,0001111,True,accepted
20260510_232418,101763,nominal,importer,0000000,True,accepted
20260510_232418,101764,nominal,importer,0000011,True,accepted
20260510_232418,101765,nominal,importer,0001110,True,accepted
20260510_232418,101766,nominal,importer,0001011,True,accepted
20260510_232418,101767,nominal,importer,0000110,True,accepted
20260510_232418,101768,nominal,importer,0001110,True,accepted
20260510_232418,101769,nominal,importer,0000010,True,accepted
20260510_232418,101770,nominal,importer,0000111,True,accepted
20260510_232418,101771,nominal,importer,0001010,True,accepted
20260510_232418,101772,nominal,importer,0001100,True,accepted
20260510_232418,101773,nominal,importer,0000101,True,accepted
20260510_232418,101774,nominal,importer,0000011,True,accepted
20260510_232418,101775,nominal,importer,0001100,True,accepted
20260510_232418,101776,nominal,importer,0000001,True,accepted
20260510_232418,101777,nominal,importer,0001110,True,accepted
20260510_232418,101778,nominal,importer,0001010,True,accepted
20260510_232418,101779,nominal,importer,0000111,True,accepted
20260510_232418,101780,nominal,importer,0000101,True,accepted
20260510_232418,101781,nominal,importer,0001100,True,accepted
20260510_232418,101782,nominal,importer,0001101,True,accepted
20260510_232418,101783,nominal,importer,0000100,True,accepted
20260510_232418,101784,nominal,importer,0001001,True,accepted
20260510_232418,101785,nominal,importer,0001000,True,accepted
20260510_232418,101786,nominal,importer,0000000,True,accepted
20260510_232418,101787,nominal,importer,0001111,True,accepted
20260510_232418,101788,nominal,importer,0001101,True,accepted
20260510_232418,101789,nominal,importer,0000010,True,accepted
20260510_232418,101790,nominal,importer,0000110,True,accepted
20260510_232418,101791,nominal,importer,0001011,True,accepted
20260510_232418,101792,nominal,importer,0001011,True,accepted
20260510_232418,101793,nominal,importer,0000100,True,accepted
20260510_232418,101794,nominal,importer,0000011,True,accepted
20260510_232418,101795,nominal,importer,0001100,True,accepted
20260510_232418,101796,nominal,importer,0001111,True,accepted
20260510_232418,101797,nominal,importer,0000010,True,accepted
20260510_232418,101798,nominal,importer,0000111,True,accepted
20260510_232418,101799,nominal,importer,0001010,True,accepted
20260510_232418,101800,nominal,importer,0000011,True,accepted
20260510_232418,101801,nominal,importer,0001110,True,accepted
20260510_232418,101802,nominal,importer,0001011,True,accepted
20260510_232418,101803,nominal,importer,0000110,True,accepted
20260510_232418,101804,nominal,importer,0000111,True,accepted
20260510_232418,101805,nominal,importer,0001000,True,accepted
20260510_232418,101806,nominal,importer,0001111,True,accepted
20260510_232418,101807,nominal,importer,0000000,True,accepted
20260510_232418,101808,nominal,importer,0001101,True,accepted
20260510_232418,101809,nominal,importer,0000010,True,accepted
20260510_232418,101810,nominal,importer,0000101,True,accepted
20260510_232418,101811,nominal,importer,0001010,True,accepted
20260510_232418,101812,nominal,importer,0001001,True,accepted
20260510_232418,101813,nominal,importer,0001000,True,accepted
20260510_232418,101814,nominal,importer,0000001,True,accepted
20260510_232418,101815,nominal,importer,0001111,True,accepted
20260510_232418,101816,nominal,importer,0000101,True,accepted
20260510_232418,101817,nominal,importer,0001100,True,accepted
20260510_232418,101818,nominal,importer,0001101,True,accepted
20260510_232418,101819,nominal,importer,0000100,True,accepted
20260510_232418,101820,nominal,importer,0000001,True,accepted
20260510_232418,101821,nominal,importer,0001110,True,accepted
20260510_232418,101822,nominal,importer,0001010,True,accepted
20260510_232418,101823,nominal,importer,0000110,True,accepted
20260510_232418,101824,nominal,importer,0000000,True,accepted
20260510_232418,101825,nominal,importer,0001111,True,accepted
20260510_232418,101826,nominal,importer,0001001,True,accepted
20260510_232418,101827,nominal,importer,0001000,True,accepted
20260510_232418,101828,nominal,importer,0000110,True,accepted
20260510_232418,101829,nominal,importer,0001011,True,accepted
20260510_232418,101830,nominal,importer,0001101,True,accepted
20260510_232418,101831,nominal,importer,0000010,True,accepted
20260510_232418,101832,nominal,importer,0001010,True,accepted
20260510_232418,101833,nominal,importer,0000111,True,accepted
20260510_232418,101834,nominal,importer,0000001,True,accepted
20260510_232418,101835,nominal,importer,0001110,True,accepted
20260510_232418,101836,nominal,importer,0001101,True,accepted
20260510_232418,101837,nominal,importer,0000100,True,accepted
20260510_232418,101838,nominal,importer,0000101,True,accepted
20260510_232418,101839,nominal,importer,0001100,True,accepted
20260510_232418,101840,nominal,importer,0000111,True,accepted
20260510_232418,101841,nominal,importer,0001010,True,accepted
20260510_232418,101842,nominal,importer,0001110,True,accepted
20260510_232418,101843,nominal,importer,0000001,True,accepted
20260510_232418,101844,nominal,importer,0000100,True,accepted
20260510_232418,101845,nominal,importer,0001100,True,accepted
20260510_232418,101846,nominal,importer,0001011,True,accepted
20260510_232418,101847,nominal,importer,0000100,True,accepted
20260510_232418,101848,nominal,importer,0001111,True,accepted
20260510_232418,101849,nominal,importer,0000000,True,accepted
20260510_232418,101850,nominal,importer,0001000,True,accepted
20260510_232418,101851,nominal,importer,0001001,True,accepted
20260510_232418,101852,nominal,importer,0001011,True,accepted
20260510_232418,101853,nominal,importer,0000110,True,accepted
20260510_232418,101854,nominal,importer,0000011,True,accepted
20260510_232418,101855,nominal,importer,0001110,True,accepted
20260510_232418,101856,nominal,importer,0000100,True,accepted
20260510_232418,101857,nominal,importer,0001101,True,accepted
20260510_232418,101858,nominal,importer,0001100,True,accepted
20260510_232418,101859,nominal,importer,0000101,True,accepted
20260510_232418,101860,nominal,importer,0000111,True,accepted
20260510_232418,101861,nominal,importer,0001010,True,accepted
20260510_232418,101862,nominal,importer,0001110,True,accepted
20260510_232418,101863,nominal,importer,0000001,True,accepted
20260510_232418,101864,nominal,importer,0001011,True,accepted
20260510_232418,101865,nominal,importer,0000110,True,accepted
20260510_232418,101866,nominal,importer,0000010,True,accepted
20260510_232418,101867,nominal,importer,0001101,True,accepted
20260510_232418,101868,nominal,importer,0001111,True,accepted
20260510_232418,101869,nominal,importer,0000000,True,accepted
20260510_232418,101870,nominal,importer,0001000,True,accepted
20260510_232418,101871,nominal,importer,0001001,True,accepted
20260510_232418,101872,nominal,importer,0000110,True,accepted
20260510_232418,101873,nominal,importer,0001011,True,accepted
20260510_232418,101874,nominal,importer,0001110,True,accepted
20260510_232418,101875,nominal,importer,0000011,True,accepted
20260510_232418,101876,nominal,importer,0000000,True,accepted
20260510_232418,101877,nominal,importer,0001111,True,accepted
20260510_232418,101878,nominal,importer,0001001,True,accepted
20260510_232418,101879,nominal,importer,0001000,True,accepted
20260510_232418,101880,nominal,importer,0001100,True,accepted
20260510_232418,101881,nominal,importer,0000011,True,accepted
20260510_232418,101882,nominal,importer,0000101,True,accepted
20260510_232418,101883,nominal,importer,0001100,True,accepted
20260510_232418,101884,nominal,importer,0001010,True,accepted
20260510_232418,101885,nominal,importer,0000111,True,accepted
20260510_232418,101886,nominal,importer,0000010,True,accepted
20260510_232418,101887,nominal,importer,0001110,True,accepted
20260510_232418,101888,nominal,importer,0001000,True,accepted
20260510_232418,101889,nominal,importer,0000111,True,accepted
20260510_232418,101890,nominal,importer,0000000,True,accepted
20260510_232418,101891,nominal,importer,0001111,True,accepted
20260510_232418,101892,nominal,importer,0001110,True,accepted
20260510_232418,101893,nominal,importer,0000011,True,accepted
20260510_232418,101894,nominal,importer,0000110,True,accepted
20260510_232418,101895,nominal,importer,0001011,True,accepted
20260510_232418,101896,nominal,importer,0000010,True,accepted
20260510_232418,101897,nominal,importer,0001110,True,accepted
20260510_232418,101898,nominal,importer,0001010,True,accepted
20260510_232418,101899,nominal,importer,0000111,True,accepted
20260510_232418,101900,nominal,importer,0000100,True,accepted
20260510_232418,101901,nominal,importer,0001011,True,accepted
20260510_232418,101902,nominal,importer,0001100,True,accepted
20260510_232418,101903,nominal,importer,0000011,True,accepted
20260510_232418,101904,nominal,importer,0001110,True,accepted
20260510_232418,101905,nominal,importer,0000001,True,accepted
20260510_232418,101906,nominal,importer,0000110,True,accepted
20260510_232418,101907,nominal,importer,0001001,True,accepted
20260510_232418,101908,nominal,importer,0001100,True,accepted
20260510_232418,101909,nominal,importer,0000101,True,accepted
20260510_232418,101910,nominal,importer,0000100,True,accepted
20260510_232418,101911,nominal,importer,0001101,True,accepted
20260510_232418,101912,nominal,importer,0001000,True,accepted
20260510_232418,101913,nominal,importer,0001001,True,accepted
20260510_232418,101914,nominal,importer,0001111,True,accepted
20260510_232418,101915,nominal,importer,0000001,True,accepted
20260510_232418,101916,nominal,importer,0000010,True,accepted
20260510_232418,101917,nominal,importer,0001101,True,accepted
20260510_232418,101918,nominal,importer,0001010,True,accepted
20260510_232418,101919,nominal,importer,0000101,True,accepted
20260510_232418,101920,nominal,importer,0001100,True,accepted
20260510_232418,101921,nominal,importer,0000101,True,accepted
20260510_232418,101922,nominal,importer,0000011,True,accepted
20260510_232418,101923,nominal,importer,0001100,True,accepted
20260510_232418,101924,nominal,importer,0001110,True,accepted
20260510_232418,101925,nominal,importer,0000010,True,accepted
20260510_232418,101926,nominal,importer,0000111,True,accepted
20260510_232418,101927,nominal,importer,0001010,True,accepted
20260510_232418,101928,nominal,importer,0000011,True,accepted
20260510_232418,101929,nominal,importer,0001110,True,accepted
20260510_232418,101930,nominal,importer,0001011,True,accepted
20260510_232418,101931,nominal,importer,0000110,True,accepted
20260510_232418,101932,nominal,importer,0001000,True,accepted
20260510_232418,101933,nominal,importer,0001001,True,accepted
20260510_232418,101934,nominal,importer,0001111,True,accepted
20260510_232418,101935,nominal,importer,0000000,True,accepted
20260510_232418,101936,nominal,importer,0001101,True,accepted
20260510_232418,101937,nominal,importer,0000010,True,accepted
20260510_232418,101938,nominal,importer,0000110,True,accepted
20260510_232418,101939,nominal,importer,0001011,True,accepted
20260510_232418,101940,nominal,importer,0001001,True,accepted
20260510_232418,101941,nominal,importer,0001000,True,accepted
20260510_232418,101942,nominal,importer,0000000,True,accepted
20260510_232418,101943,nominal,importer,0001111,True,accepted
20260510_232418,101944,nominal,importer,0000101,True,accepted
20260510_232418,101945,nominal,importer,0001100,True,accepted
20260510_232418,101946,nominal,importer,0001101,True,accepted
20260510_232418,101947,nominal,importer,0000100,True,accepted
20260510_232418,101948,nominal,importer,0000001,True,accepted
20260510_232418,101949,nominal,importer,0001110,True,accepted
20260510_232418,101950,nominal,importer,0001010,True,accepted
20260510_232418,101951,nominal,importer,0000111,True,accepted
20260510_232418,101952,nominal,importer,0000000,True,accepted
20260510_232418,101953,nominal,importer,0001111,True,accepted
20260510_232418,101954,nominal,importer,0001001,True,accepted
20260510_232418,101955,nominal,importer,0001000,True,accepted
20260510_232418,101956,nominal,importer,0000101,True,accepted
20260510_232418,101957,nominal,importer,0001010,True,accepted
20260510_232418,101958,nominal,importer,0001101,True,accepted
20260510_232418,101959,nominal,importer,0000010,True,accepted
20260510_232418,101960,nominal,importer,0001001,True,accepted
20260510_232418,101961,nominal,importer,0000110,True,accepted
20260510_232418,101962,nominal,importer,0000001,True,accepted
20260510_232418,101963,nominal,importer,0001110,True,accepted
20260510_232418,101964,nominal,importer,0001101,True,accepted
20260510_232418,101965,nominal,importer,0000100,True,accepted
20260510_232418,101966,nominal,importer,0000101,True,accepted
20260510_232418,101967,nominal,importer,0001100,True,accepted
20260510_232418,101968,nominal,importer,0000111,True,accepted
20260510_232418,101969,nominal,importer,0001010,True,accepted
20260510_232418,101970,nominal,importer,0001111,True,accepted
20260510_232418,101971,nominal,importer,0000010,True,accepted
20260510_232418,101972,nominal,importer,0000011,True,accepted
20260510_232418,101973,nominal,importer,0001100,True,accepted
20260510_232418,101974,nominal,importer,0001011,True,accepted
20260510_232418,101975,nominal,importer,0000100,True,accepted
20260510_232418,101976,nominal,importer,0001111,True,accepted
20260510_232418,101977,nominal,importer,0000000,True,accepted
20260510_232418,101978,nominal,importer,0000111,True,accepted
20260510_232418,101979,nominal,importer,0001000,True,accepted
20260510_232418,101980,nominal,importer,0001011,True,accepted
20260510_232418,101981,nominal,importer,0000110,True,accepted
20260510_232418,101982,nominal,importer,0000011,True,accepted
20260510_232418,101983,nominal,importer,0001110,True,accepted
20260510_232418,101984,nominal,importer,0000100,True,accepted
20260510_232418,101985,nominal,importer,0001101,True,accepted
20260510_232418,101986,nominal,importer,0001100,True,accepted
20260510_232418,101987,nominal,importer,0000101,True,accepted
20260510_232418,101988,nominal,importer,0000110,True,accepted
20260510_232418,101989,nominal,importer,0001001,True,accepted
20260510_232418,101990,nominal,importer,0001110,True,accepted
20260510_232418,101991,nominal,importer,0000001,True,accepted
20260510_232418,101992,nominal,importer,0001010,True,accepted
20260510_232418,101993,nominal,importer,0000101,True,accepted
20260510_232418,101994,nominal,importer,0000010,True,accepted
20260510_232418,101995,nominal,importer,0001101,True,accepted
20260510_232418,101996,nominal,importer,0001111,True,accepted
20260510_232418,101997,nominal,importer,0000001,True,accepted
20260510_232418,101998,nominal,importer,0001000,True,accepted
20260510_232418,101999,nominal,importer,0001001,True,accepted
20260510_232418,102000,nominal,importer,0000110,True,accepted
20260510_232418,102001,nominal,importer,0001011,True,accepted
20260510_232418,102002,nominal,importer,0001110,True,accepted
20260510_232418,102003,nominal,importer,0000011,True,accepted
20260510_232418,102004,nominal,importer,0000000,True,accepted
20260510_232418,102005,nominal,importer,0001111,True,accepted
20260510_232418,102006,nominal,importer,0001000,True,accepted
20260510_232418,102007,nominal,importer,0000111,True,accepted
20260510_232418,102008,nominal,importer,0001100,True,accepted
20260510_232418,102009,nominal,importer,0000011,True,accepted
20260510_232418,102010,nominal,importer,0000100,True,accepted
20260510_232418,102011,nominal,importer,0001011,True,accepted
20260510_232418,102012,nominal,importer,0001010,True,accepted
20260510_232418,102013,nominal,importer,0000111,True,accepted
20260510_232418,102014,nominal,importer,0000010,True,accepted
20260510_232418,102015,nominal,importer,0001111,True,accepted
20260510_232418,102016,nominal,importer,0001001,True,accepted
20260510_232418,102017,nominal,importer,0001000,True,accepted
20260510_232418,102018,nominal,importer,0000000,True,accepted
20260510_232418,102019,nominal,importer,0001111,True,accepted
20260510_232418,102020,nominal,importer,0001110,True,accepted
20260510_232418,102021,nominal,importer,0000011,True,accepted
20260510_232418,102022,nominal,importer,0000110,True,accepted
20260510_232418,102023,nominal,importer,0001011,True,accepted
20260510_232418,102024,nominal,importer,0000010,True,accepted
20260510_232418,102025,nominal,importer,0001110,True,accepted
20260510_232418,102026,nominal,importer,0001010,True,accepted
20260510_232418,102027,nominal,importer,0000111,True,accepted
20260510_232418,102028,nominal,importer,0000101,True,accepted
20260510_232418,102029,nominal,importer,0001100,True,accepted
20260510_232418,102030,nominal,importer,0001100,True,accepted
20260510_232418,102031,nominal,importer,0000100,True,accepted
20260510_232418,102032,nominal,importer,0001110,True,accepted
20260510_232418,102033,nominal,importer,0000001,True,accepted
20260510_232418,102034,nominal,importer,0000111,True,accepted
20260510_232418,102035,nominal,importer,0001010,True,accepted
20260510_232418,102036,nominal,importer,0001100,True,accepted
20260510_232418,102037,nominal,importer,0000101,True,accepted
20260510_232418,102038,nominal,importer,0000100,True,accepted
20260510_232418,102039,nominal,importer,0001101,True,accepted
20260510_232418,102040,nominal,importer,0001000,True,accepted
20260510_232418,102041,nominal,importer,0001001,True,accepted
20260510_232418,102042,nominal,importer,0001111,True,accepted
20260510_232418,102043,nominal,importer,0000000,True,accepted
20260510_232418,102044,nominal,importer,0000010,True,accepted
20260510_232418,102045,nominal,importer,0001101,True,accepted
20260510_232418,102046,nominal,importer,0001010,True,accepted
20260510_232418,102047,nominal,importer,0000110,True,accepted
20260510_232418,102048,nominal,importer,0001011,True,accepted
20260510_232418,102049,nominal,importer,0000110,True,accepted
20260510_232418,102050,nominal,importer,0000011,True,accepted
20260510_232418,102051,nominal,importer,0001110,True,accepted
20260510_232418,102052,nominal,importer,0001111,True,accepted
20260510_232418,102053,nominal,importer,0000000,True,accepted
20260510_232418,102054,nominal,importer,0000111,True,accepted
20260510_232418,102055,nominal,importer,0001000,True,accepted
20260510_232418,102056,nominal,importer,0000011,True,accepted
20260510_232418,102057,nominal,importer,0001100,True,accepted
20260510_232418,102058,nominal,importer,0001011,True,accepted
20260510_232418,102059,nominal,importer,0000100,True,accepted
20260510_232418,102060,nominal,importer,0000111,True,accepted
20260510_232418,102061,nominal,importer,0001010,True,accepted
20260510_232418,102062,nominal,importer,0001111,True,accepted
20260510_232418,102063,nominal,importer,0000010,True,accepted
20260510_232418,102064,nominal,importer,0001101,True,accepted
20260510_232418,102065,nominal,importer,0000100,True,accepted
20260510_232418,102066,nominal,importer,0000101,True,accepted
20260510_232418,102067,nominal,importer,0001100,True,accepted
20260510_232418,102068,nominal,importer,0001010,True,accepted
20260510_232418,102069,nominal,importer,0000110,True,accepted
20260510_232418,102070,nominal,importer,0000001,True,accepted
20260510_232418,102071,nominal,importer,0001110,True,accepted
20260510_232418,102072,nominal,importer,0000101,True,accepted
20260510_232418,102073,nominal,importer,0001010,True,accepted
20260510_232418,102074,nominal,importer,0001101,True,accepted
20260510_232418,102075,nominal,importer,0000010,True,accepted
20260510_232418,102076,nominal,importer,0000001,True,accepted
20260510_232418,102077,nominal,importer,0001111,True,accepted
20260510_232418,102078,nominal,importer,0001001,True,accepted
20260510_232418,102079,nominal,importer,0001000,True,accepted
20260510_232418,102080,nominal,importer,0000001,True,accepted
20260510_232418,102081,nominal,importer,0001110,True,accepted
20260510_232418,102082,nominal,importer,0001010,True,accepted
20260510_232418,102083,nominal,importer,0000111,True,accepted
20260510_232418,102084,nominal,importer,0000101,True,accepted
20260510_232418,102085,nominal,importer,0001100,True,accepted
20260510_232418,102086,nominal,importer,0001101,True,accepted
20260510_232418,102087,nominal,importer,0000100,True,accepted
20260510_232418,102088,nominal,importer,0001001,True,accepted
20260510_232418,102089,nominal,importer,0001000,True,accepted
20260510_232418,102090,nominal,importer,0000000,True,accepted
20260510_232418,102091,nominal,importer,0001111,True,accepted
20260510_232418,102092,nominal,importer,0001101,True,accepted
20260510_232418,102093,nominal,importer,0000010,True,accepted
20260510_232418,102094,nominal,importer,0000110,True,accepted
20260510_232418,102095,nominal,importer,0001011,True,accepted
20260510_232418,102096,nominal,importer,0001000,True,accepted
20260510_232418,102097,nominal,importer,0001001,True,accepted
20260510_232418,102098,nominal,importer,0001111,True,accepted
20260510_232418,102099,nominal,importer,0000000,True,accepted
20260510_232418,102100,nominal,importer,0000011,True,accepted
20260510_232418,102101,nominal,importer,0001110,True,accepted
20260510_232418,102102,nominal,importer,0001011,True,accepted
20260510_232418,102103,nominal,importer,0000110,True,accepted
20260510_232418,102104,nominal,importer,0001110,True,accepted
20260510_232418,102105,nominal,importer,0000001,True,accepted
20260510_232418,102106,nominal,importer,0000111,True,accepted
20260510_232418,102107,nominal,importer,0001010,True,accepted
20260510_232418,102108,nominal,importer,0001011,True,accepted
20260510_232418,102109,nominal,importer,0000100,True,accepted
20260510_232418,102110,nominal,importer,0000100,True,accepted
20260510_232418,102111,nominal,importer,0001100,True,accepted
20260510_232418,102112,nominal,importer,0000010,True,accepted
20260510_232418,102113,nominal,importer,0001101,True,accepted
20260510_232418,102114,nominal,importer,0001011,True,accepted
20260510_232418,102115,nominal,importer,0000110,True,accepted
20260510_232418,102116,nominal,importer,0001000,True,accepted
20260510_232418,102117,nominal,importer,0001001,True,accepted
20260510_232418,102118,nominal,importer,0001111,True,accepted
20260510_232418,102119,nominal,importer,0000000,True,accepted
20260510_232418,102120,nominal,importer,0001100,True,accepted
20260510_232418,102121,nominal,importer,0000101,True,accepted
20260510_232418,102122,nominal,importer,0000100,True,accepted
20260510_232418,102123,nominal,importer,0001101,True,accepted
20260510_232418,102124,nominal,importer,0001110,True,accepted
20260510_232418,102125,nominal,importer,0000001,True,accepted
20260510_232418,102126,nominal,importer,0000111,True,accepted
20260510_232418,102127,nominal,importer,0001010,True,accepted
20260510_232418,102128,nominal,importer,0000101,True,accepted
20260510_232418,102129,nominal,importer,0001100,True,accepted
20260510_232418,102130,nominal,importer,0001100,True,accepted
20260510_232418,102131,nominal,importer,0000011,True,accepted
20260510_232418,102132,nominal,importer,0000010,True,accepted
20260510_232418,102133,nominal,importer,0001110,True,accepted
20260510_232418,102134,nominal,importer,0001010,True,accepted
20260510_232418,102135,nominal,importer,0000111,True,accepted
20260510_232418,102136,nominal,importer,0001110,True,accepted
20260510_232418,102137,nominal,importer,0000011,True,accepted
20260510_232418,102138,nominal,importer,0000110,True,accepted
20260510_232418,102139,nominal,importer,0001011,True,accepted
20260510_232418,102140,nominal,importer,0001001,True,accepted
20260510_232418,102141,nominal,importer,0001000,True,accepted
20260510_232418,102142,nominal,importer,0000000,True,accepted
20260510_232418,102143,nominal,importer,0001111,True,accepted
20260510_232418,102144,nominal,importer,0001010,True,accepted
20260510_232418,102145,nominal,importer,0000111,True,accepted
20260510_232418,102146,nominal,importer,0000010,True,accepted
20260510_232418,102147,nominal,importer,0001110,True,accepted
20260510_232418,102148,nominal,importer,0001100,True,accepted
20260510_232418,102149,nominal,importer,0000011,True,accepted
20260510_232418,102150,nominal,importer,0000100,True,accepted
20260510_232418,102151,nominal,importer,0001011,True,accepted
20260510_232418,102152,nominal,importer,0000000,True,accepted
20260510_232418,102153,nominal,importer,0001111,True,accepted
20260510_232418,102154,nominal,importer,0001000,True,accepted
20260510_232418,102155,nominal,importer,0000111,True,accepted
20260510_232418,102156,nominal,importer,0000110,True,accepted
20260510_232418,102157,nominal,importer,0001011,True,accepted
20260510_232418,102158,nominal,importer,0001110,True,accepted
20260510_232418,102159,nominal,importer,0000011,True,accepted
20260510_232418,102160,nominal,importer,0001111,True,accepted
20260510_232418,102161,nominal,importer,0000001,True,accepted
20260510_232418,102162,nominal,importer,0001000,True,accepted
20260510_232418,102163,nominal,importer,0001001,True,accepted
20260510_232418,102164,nominal,importer,0001010,True,accepted
20260510_232418,102165,nominal,importer,0000101,True,accepted
20260510_232418,102166,nominal,importer,0000010,True,accepted
20260510_232418,102167,nominal,importer,0001101,True,accepted
20260510_232418,102168,nominal,importer,0000110,True,accepted
20260510_232418,102169,nominal,importer,0001001,True,accepted
20260510_232418,102170,nominal,importer,0001110,True,accepted
20260510_232418,102171,nominal,importer,0000001,True,accepted
20260510_232418,102172,nominal,importer,0000100,True,accepted
20260510_232418,102173,nominal,importer,0001101,True,accepted
20260510_232418,102174,nominal,importer,0001100,True,accepted
20260510_232418,102175,nominal,importer,0000101,True,accepted
20260510_232418,102176,nominal,importer,0001011,True,accepted
20260510_232418,102177,nominal,importer,0000110,True,accepted
20260510_232418,102178,nominal,importer,0000011,True,accepted
20260510_232418,102179,nominal,importer,0001110,True,accepted
20260510_232418,102180,nominal,importer,0001111,True,accepted
20260510_232418,102181,nominal,importer,0000000,True,accepted
20260510_232418,102182,nominal,importer,0001000,True,accepted
20260510_232418,102183,nominal,importer,0001001,True,accepted
20260510_232418,102184,nominal,importer,0000011,True,accepted
20260510_232418,102185,nominal,importer,0001100,True,accepted
20260510_232418,102186,nominal,importer,0001100,True,accepted
20260510_232418,102187,nominal,importer,0000101,True,accepted
20260510_232418,102188,nominal,importer,0000111,True,accepted
20260510_232418,102189,nominal,importer,0001010,True,accepted
20260510_232418,102190,nominal,importer,0001110,True,accepted
20260510_232418,102191,nominal,importer,0000010,True,accepted
20260510_232418,102192,nominal,importer,0001101,True,accepted
20260510_232418,102193,nominal,importer,0000100,True,accepted
20260510_232418,102194,nominal,importer,0000101,True,accepted
20260510_232418,102195,nominal,importer,0001100,True,accepted
20260510_232418,102196,nominal,importer,0001010,True,accepted
20260510_232418,102197,nominal,importer,0000111,True,accepted
20260510_232418,102198,nominal,importer,0000001,True,accepted
20260510_232418,102199,nominal,importer,0001110,True,accepted
20260510_232418,102200,nominal,importer,0000110,True,accepted
20260510_232418,102201,nominal,importer,0001011,True,accepted
20260510_232418,102202,nominal,importer,0001101,True,accepted
20260510_232418,102203,nominal,importer,0000010,True,accepted
20260510_232418,102204,nominal,importer,0000000,True,accepted
20260510_232418,102205,nominal,importer,0001111,True,accepted
20260510_232418,102206,nominal,importer,0001001,True,accepted
20260510_232418,102207,nominal,importer,0001000,True,accepted
20260510_232418,102208,nominal,importer,0000001,True,accepted
20260510_232418,102209,nominal,importer,0001110,True,accepted
20260510_232418,102210,nominal,importer,0001001,True,accepted
20260510_232418,102211,nominal,importer,0000110,True,accepted
20260510_232418,102212,nominal,importer,0000101,True,accepted
20260510_232418,102213,nominal,importer,0001100,True,accepted
20260510_232418,102214,nominal,importer,0001101,True,accepted
20260510_232418,102215,nominal,importer,0000100,True,accepted
20260510_232418,102216,nominal,importer,0001001,True,accepted
20260510_232418,102217,nominal,importer,0001000,True,accepted
20260510_232418,102218,nominal,importer,0000000,True,accepted
20260510_232418,102219,nominal,importer,0001111,True,accepted
20260510_232418,102220,nominal,importer,0001101,True,accepted
20260510_232418,102221,nominal,importer,0000010,True,accepted
20260510_232418,102222,nominal,importer,0000101,True,accepted
20260510_232418,102223,nominal,importer,0001010,True,accepted
20260510_232418,102224,nominal,importer,0000111,True,accepted
20260510_232418,102225,nominal,importer,0001000,True,accepted
20260510_232418,102226,nominal,importer,0001111,True,accepted
20260510_232418,102227,nominal,importer,0000000,True,accepted
20260510_232418,102228,nominal,importer,0000011,True,accepted
20260510_232418,102229,nominal,importer,0001110,True,accepted
20260510_232418,102230,nominal,importer,0001011,True,accepted
20260510_232418,102231,nominal,importer,0000110,True,accepted
20260510_232418,102232,nominal,importer,0001111,True,accepted
20260510_232418,102233,nominal,importer,0000010,True,accepted
20260510_232418,102234,nominal,importer,0000111,True,accepted
20260510_232418,102235,nominal,importer,0001010,True,accepted
20260510_232418,102236,nominal,importer,0001011,True,accepted
20260510_232418,102237,nominal,importer,0000100,True,accepted
20260510_232418,102238,nominal,importer,0000011,True,accepted
20260510_232418,102239,nominal,importer,0001100,True,accepted
20260510_232418,102240,nominal,importer,0000010,True,accepted
20260510_232418,102241,nominal,importer,0001101,True,accepted
20260510_232418,102242,nominal,importer,0001010,True,accepted
20260510_232418,102243,nominal,importer,0000101,True,accepted
20260510_232418,102244,nominal,importer,0001000,True,accepted
20260510_232418,102245,nominal,importer,0001001,True,accepted
20260510_232418,102246,nominal,importer,0001111,True,accepted
20260510_232418,102247,nominal,importer,0000001,True,accepted
20260510_232418,102248,nominal,importer,0001100,True,accepted
20260510_232418,102249,nominal,importer,0000101,True,accepted
20260510_232418,102250,nominal,importer,0000100,True,accepted
20260510_232418,102251,nominal,importer,0001101,True,accepted
20260510_232418,102252,nominal,importer,0001110,True,accepted
20260510_232418,102253,nominal,importer,0000001,True,accepted
20260510_232418,102254,nominal,importer,0000110,True,accepted
20260510_232418,102255,nominal,importer,0001001,True,accepted
20260510_232418,102256,nominal,importer,0000100,True,accepted
20260510_232418,102257,nominal,importer,0001011,True,accepted
20260510_232418,102258,nominal,importer,0001100,True,accepted
20260510_232418,102259,nominal,importer,0000011,True,accepted
20260510_232418,102260,nominal,importer,0000010,True,accepted
20260510_232418,102261,nominal,importer,0001111,True,accepted
20260510_232418,102262,nominal,importer,0001010,True,accepted
20260510_232418,102263,nominal,importer,0000111,True,accepted
20260510_232418,102264,nominal,importer,0001110,True,accepted
20260510_232418,102265,nominal,importer,0000011,True,accepted
20260510_232418,102266,nominal,importer,0000110,True,accepted
20260510_232418,102267,nominal,importer,0001011,True,accepted
20260510_232418,102268,nominal,importer,0001000,True,accepted
20260510_232418,102269,nominal,importer,0000111,True,accepted
20260510_232418,102270,nominal,importer,0000000,True,accepted
20260510_232418,102271,nominal,importer,0001111,True,accepted
20260510_232418,102272,nominal,importer,0001010,True,accepted
20260510_232418,102273,nominal,importer,0000111,True,accepted
20260510_232418,102274,nominal,importer,0000001,True,accepted
20260510_232418,102275,nominal,importer,0001110,True,accepted
20260510_232418,102276,nominal,importer,0001100,True,accepted
20260510_232418,102277,nominal,importer,0000100,True,accepted
20260510_232418,102278,nominal,importer,0000101,True,accepted
20260510_232418,102279,nominal,importer,0001100,True,accepted
20260510_232418,102280,nominal,importer,0000000,True,accepted
20260510_232418,102281,nominal,importer,0001111,True,accepted
20260510_232418,102282,nominal,importer,0001001,True,accepted
20260510_232418,102283,nominal,importer,0001000,True,accepted
20260510_232418,102284,nominal,importer,0000110,True,accepted
20260510_232418,102285,nominal,importer,0001011,True,accepted
20260510_232418,102286,nominal,importer,0001110,True,accepted
20260510_232418,102287,nominal,importer,0000011,True,accepted
20260510_232418,102288,nominal,importer,0001111,True,accepted
20260510_232418,102289,nominal,importer,0000000,True,accepted
20260510_232418,102290,nominal,importer,0001000,True,accepted
20260510_232418,102291,nominal,importer,0001001,True,accepted
20260510_232418,102292,nominal,importer,0001010,True,accepted
20260510_232418,102293,nominal,importer,0000110,True,accepted
20260510_232418,102294,nominal,importer,0000010,True,accepted
20260510_232418,102295,nominal,importer,0001101,True,accepted
20260510_232418,102296,nominal,importer,0000111,True,accepted
20260510_232418,102297,nominal,importer,0001010,True,accepted
20260510_232418,102298,nominal,importer,0001110,True,accepted
20260510_232418,102299,nominal,importer,0000001,True,accepted
20260510_232418,102300,nominal,importer,0000100,True,accepted
20260510_232418,102301,nominal,importer,0001101,True,accepted
20260510_232418,102302,nominal,importer,0001100,True,accepted
20260510_232418,102303,nominal,importer,0000101,True,accepted
20260510_232418,102304,nominal,importer,0000110,True,accepted
20260510_232418,102305,nominal,importer,0001011,True,accepted
20260510_232418,102306,nominal,importer,0001110,True,accepted
20260510_232418,102307,nominal,importer,0000011,True,accepted
20260510_232418,102308,nominal,importer,0000000,True,accepted
20260510_232418,102309,nominal,importer,0001111,True,accepted
20260510_232418,102310,nominal,importer,0001000,True,accepted
20260510_232418,102311,nominal,importer,0000111,True,accepted
20260510_232418,102312,nominal,importer,0001100,True,accepted
20260510_232418,102313,nominal,importer,0000011,True,accepted
20260510_232418,102314,nominal,importer,0000100,True,accepted
20260510_232418,102315,nominal,importer,0001011,True,accepted
20260510_232418,102316,nominal,importer,0001010,True,accepted
20260510_232418,102317,nominal,importer,0000111,True,accepted
20260510_232418,102318,nominal,importer,0000010,True,accepted
20260510_232418,102319,nominal,importer,0001111,True,accepted
20260510_232418,102320,nominal,importer,0000100,True,accepted
20260510_232418,102321,nominal,importer,0001101,True,accepted
20260510_232418,102322,nominal,importer,0001100,True,accepted
20260510_232418,102323,nominal,importer,0000101,True,accepted
20260510_232418,102324,nominal,importer,0000110,True,accepted
20260510_232418,102325,nominal,importer,0001001,True,accepted
20260510_232418,102326,nominal,importer,0001110,True,accepted
20260510_232418,102327,nominal,importer,0000001,True,accepted
20260510_232418,102328,nominal,importer,0001010,True,accepted
20260510_232418,102329,nominal,importer,0000101,True,accepted
20260510_232418,102330,nominal,importer,0000010,True,accepted
20260510_232418,102331,nominal,importer,0001101,True,accepted
20260510_232418,102332,nominal,importer,0001111,True,accepted
20260510_232418,102333,nominal,importer,0000000,True,accepted
20260510_232418,102334,nominal,importer,0001000,True,accepted
20260510_232418,102335,nominal,importer,0001001,True,accepted
20260510_232418,102336,nominal,importer,0001110,True,accepted
20260510_232418,102337,nominal,importer,0000001,True,accepted
20260510_232418,102338,nominal,importer,0000111,True,accepted
20260510_232418,102339,nominal,importer,0001010,True,accepted
20260510_232418,102340,nominal,importer,0001100,True,accepted
20260510_232418,102341,nominal,importer,0000101,True,accepted
20260510_232418,102342,nominal,importer,0000100,True,accepted
20260510_232418,102343,nominal,importer,0001101,True,accepted
20260510_232418,102344,nominal,importer,0001000,True,accepted
20260510_232418,102345,nominal,importer,0001001,True,accepted
20260510_232418,102346,nominal,importer,0001111,True,accepted
20260510_232418,102347,nominal,importer,0000000,True,accepted
20260510_232418,102348,nominal,importer,0000010,True,accepted
20260510_232418,102349,nominal,importer,0001101,True,accepted
20260510_232418,102350,nominal,importer,0001011,True,accepted
20260510_232418,102351,nominal,importer,0000110,True,accepted
20260510_232418,102352,nominal,importer,0001001,True,accepted
20260510_232418,102353,nominal,importer,0001000,True,accepted
20260510_232418,102354,nominal,importer,0000000,True,accepted
20260510_232418,102355,nominal,importer,0001111,True,accepted
20260510_232418,102356,nominal,importer,0001110,True,accepted
20260510_232418,102357,nominal,importer,0000011,True,accepted
20260510_232418,102358,nominal,importer,0000110,True,accepted
20260510_232418,102359,nominal,importer,0001011,True,accepted
20260510_232418,102360,nominal,importer,0000010,True,accepted
20260510_232418,102361,nominal,importer,0001110,True,accepted
20260510_232418,102362,nominal,importer,0001010,True,accepted
20260510_232418,102363,nominal,importer,0000111,True,accepted
20260510_232418,102364,nominal,importer,0000101,True,accepted
20260510_232418,102365,nominal,importer,0001100,True,accepted
20260510_232418,102366,nominal,importer,0001100,True,accepted
20260510_232418,102367,nominal,importer,0000011,True,accepted
20260510_232418,102368,nominal,importer,0001101,True,accepted
20260510_232418,102369,nominal,importer,0000010,True,accepted
20260510_232418,102370,nominal,importer,0000110,True,accepted
20260510_232418,102371,nominal,importer,0001010,True,accepted
20260510_232418,102372,nominal,importer,0001001,True,accepted
20260510_232418,102373,nominal,importer,0001000,True,accepted
20260510_232418,102374,nominal,importer,0000000,True,accepted
20260510_232418,102375,nominal,importer,0001111,True,accepted
20260510_232418,102376,nominal,importer,0000101,True,accepted
20260510_232418,102377,nominal,importer,0001100,True,accepted
20260510_232418,102378,nominal,importer,0001101,True,accepted
20260510_232418,102379,nominal,importer,0000100,True,accepted
20260510_232418,102380,nominal,importer,0000001,True,accepted
20260510_232418,102381,nominal,importer,0001110,True,accepted
20260510_232418,102382,nominal,importer,0001010,True,accepted
20260510_232418,102383,nominal,importer,0000111,True,accepted
20260510_232418,102384,nominal,importer,0001011,True,accepted
20260510_232418,102385,nominal,importer,0000100,True,accepted
20260510_232418,102386,nominal,importer,0000100,True,accepted
20260510_232418,102387,nominal,importer,0001100,True,accepted
20260510_232418,102388,nominal,importer,0001110,True,accepted
20260510_232418,102389,nominal,importer,0000001,True,accepted
20260510_232418,102390,nominal,importer,0000111,True,accepted
20260510_232418,102391,nominal,importer,0001010,True,accepted
20260510_232418,102392,nominal,importer,0000010,True,accepted
20260510_232418,102393,nominal,importer,0001101,True,accepted
20260510_232418,102394,nominal,importer,0001011,True,accepted
20260510_232418,102395,nominal,importer,0000110,True,accepted
20260510_232418,102396,nominal,importer,0000111,True,accepted
20260510_232418,102397,nominal,importer,0001000,True,accepted
20260510_232418,102398,nominal,importer,0001111,True,accepted
20260510_232418,102399,nominal,importer,0000000,True,accepted
20260510_232418,102400,nominal,importer,0000111,True,accepted
20260510_232418,102401,nominal,importer,0001010,True,accepted
20260510_232418,102402,nominal,importer,0001111,True,accepted
20260510_232418,102403,nominal,importer,0000010,True,accepted
20260510_232418,102404,nominal,importer,0000011,True,accepted
20260510_232418,102405,nominal,importer,0001100,True,accepted
20260510_232418,102406,nominal,importer,0001011,True,accepted
20260510_232418,102407,nominal,importer,0000100,True,accepted
20260510_232418,102408,nominal,importer,0001111,True,accepted
20260510_232418,102409,nominal,importer,0000000,True,accepted
20260510_232418,102410,nominal,importer,0000111,True,accepted
20260510_232418,102411,nominal,importer,0001000,True,accepted
20260510_232418,102412,nominal,importer,0001011,True,accepted
20260510_232418,102413,nominal,importer,0000110,True,accepted
20260510_232418,102414,nominal,importer,0000011,True,accepted
20260510_232418,102415,nominal,importer,0001110,True,accepted
20260510_232418,102416,nominal,importer,0000001,True,accepted
20260510_232418,102417,nominal,importer,0001111,True,accepted
20260510_232418,102418,nominal,importer,0001001,True,accepted
20260510_232418,102419,nominal,importer,0001000,True,accepted
20260510_232418,102420,nominal,importer,0000110,True,accepted
20260510_232418,102421,nominal,importer,0001010,True,accepted
20260510_232418,102422,nominal,importer,0001101,True,accepted
20260510_232418,102423,nominal,importer,0000010,True,accepted
20260510_232418,102424,nominal,importer,0001001,True,accepted
20260510_232418,102425,nominal,importer,0000110,True,accepted
20260510_232418,102426,nominal,importer,0000001,True,accepted
20260510_232418,102427,nominal,importer,0001110,True,accepted
20260510_232418,102428,nominal,importer,0001101,True,accepted
20260510_232418,102429,nominal,importer,0000100,True,accepted
20260510_232418,102430,nominal,importer,0000101,True,accepted
20260510_232418,102431,nominal,importer,0001100,True,accepted
20260510_232418,102432,nominal,importer,0000110,True,accepted
20260510_232418,102433,nominal,importer,0001011,True,accepted
20260510_232418,102434,nominal,importer,0001110,True,accepted
20260510_232418,102435,nominal,importer,0000011,True,accepted
20260510_232418,102436,nominal,importer,0000000,True,accepted
20260510_232418,102437,nominal,importer,0001111,True,accepted
20260510_232418,102438,nominal,importer,0001001,True,accepted
20260510_232418,102439,nominal,importer,0001000,True,accepted
20260510_232418,102440,nominal,importer,0001101,True,accepted
20260510_232418,102441,nominal,importer,0000100,True,accepted
20260510_232418,102442,nominal,importer,0000100,True,accepted
20260510_232418,102443,nominal,importer,0001011,True,accepted
20260510_232418,102444,nominal,importer,0001010,True,accepted
20260510_232418,102445,nominal,importer,0000111,True,accepted
20260510_232418,102446,nominal,importer,0000001,True,accepted
20260510_232418,102447,nominal,importer,0001110,True,accepted
20260510_232418,102448,nominal,importer,0000100,True,accepted
20260510_232418,102449,nominal,importer,0001101,True,accepted
20260510_232418,102450,nominal,importer,0001100,True,accepted
20260510_232418,102451,nominal,importer,0000101,True,accepted
20260510_232418,102452,nominal,importer,0000110,True,accepted
20260510_232418,102453,nominal,importer,0001010,True,accepted
20260510_232418,102454,nominal,importer,0001110,True,accepted
20260510_232418,102455,nominal,importer,0000001,True,accepted
20260510_232418,102456,nominal,importer,0001011,True,accepted
20260510_232418,102457,nominal,importer,0000110,True,accepted
20260510_232418,102458,nominal,importer,0000010,True,accepted
20260510_232418,102459,nominal,importer,0001101,True,accepted
20260510_232418,102460,nominal,importer,0001111,True,accepted
20260510_232418,102461,nominal,importer,0000000,True,accepted
20260510_232418,102462,nominal,importer,0001000,True,accepted
20260510_232418,102463,nominal,importer,0001001,True,accepted
20260510_232418,102464,nominal,importer,0001110,True,accepted
20260510_232418,102465,nominal,importer,0000001,True,accepted
20260510_232418,102466,nominal,importer,0000110,True,accepted
20260510_232418,102467,nominal,importer,0001001,True,accepted
20260510_232418,102468,nominal,importer,0001100,True,accepted
20260510_232418,102469,nominal,importer,0000101,True,accepted
20260510_232418,102470,nominal,importer,0000100,True,accepted
20260510_232418,102471,nominal,importer,0001101,True,accepted
20260510_232418,102472,nominal,importer,0001000,True,accepted
20260510_232418,102473,nominal,importer,0001001,True,accepted
20260510_232418,102474,nominal,importer,0001111,True,accepted
20260510_232418,102475,nominal,importer,0000001,True,accepted
20260510_232418,102476,nominal,importer,0000010,True,accepted
20260510_232418,102477,nominal,importer,0001101,True,accepted
20260510_232418,102478,nominal,importer,0001010,True,accepted
20260510_232418,102479,nominal,importer,0000101,True,accepted
20260510_232418,102480,nominal,importer,0001000,True,accepted
20260510_232418,102481,nominal,importer,0000111,True,accepted
20260510_232418,102482,nominal,importer,0000000,True,accepted
20260510_232418,102483,nominal,importer,0001111,True,accepted
20260510_232418,102484,nominal,importer,0001110,True,accepted
20260510_232418,102485,nominal,importer,0000011,True,accepted
20260510_232418,102486,nominal,importer,0000110,True,accepted
20260510_232418,102487,nominal,importer,0001011,True,accepted
20260510_232418,102488,nominal,importer,0000010,True,accepted
20260510_232418,102489,nominal,importer,0001111,True,accepted
20260510_232418,102490,nominal,importer,0001010,True,accepted
20260510_232418,102491,nominal,importer,0000111,True,accepted
20260510_232418,102492,nominal,importer,0000100,True,accepted
20260510_232418,102493,nominal,importer,0001011,True,accepted
20260510_232418,102494,nominal,importer,0001100,True,accepted
20260510_232418,102495,nominal,importer,0000011,True,accepted
20260510_232418,102496,nominal,importer,0001101,True,accepted
20260510_232418,102497,nominal,importer,0000010,True,accepted
20260510_232418,102498,nominal,importer,0000101,True,accepted
20260510_232418,102499,nominal,importer,0001010,True,accepted
20260510_232418,102500,nominal,importer,0001001,True,accepted
20260510_232418,102501,nominal,importer,0001000,True,accepted
20260510_232418,102502,nominal,importer,0000000,True,accepted
20260510_232418,102503,nominal,importer,0001111,True,accepted
20260510_232418,102504,nominal,importer,0000101,True,accepted
20260510_232418,102505,nominal,importer,0001100,True,accepted
20260510_232418,102506,nominal,importer,0001101,True,accepted
20260510_232418,102507,nominal,importer,0000100,True,accepted
20260510_232418,102508,nominal,importer,0000001,True,accepted
20260510_232418,102509,nominal,importer,0001110,True,accepted
20260510_232418,102510,nominal,importer,0001001,True,accepted
20260510_232418,102511,nominal,importer,0000110,True,accepted
20260510_232418,102512,nominal,importer,0001011,True,accepted
20260510_232418,102513,nominal,importer,0000100,True,accepted
20260510_232418,102514,nominal,importer,0000011,True,accepted
20260510_232418,102515,nominal,importer,0001100,True,accepted
20260510_232418,102516,nominal,importer,0001110,True,accepted
20260510_232418,102517,nominal,importer,0000010,True,accepted
20260510_232418,102518,nominal,importer,0000111,True,accepted
20260510_232418,102519,nominal,importer,0001010,True,accepted
20260510_232418,102520,nominal,importer,0000011,True,accepted
20260510_232418,102521,nominal,importer,0001110,True,accepted
20260510_232418,102522,nominal,importer,0001011,True,accepted
20260510_232418,102523,nominal,importer,0000110,True,accepted
20260510_232418,102524,nominal,importer,0000111,True,accepted
20260510_232418,102525,nominal,importer,0001000,True,accepted
20260510_232418,102526,nominal,importer,0001111,True,accepted
20260510_232418,102527,nominal,importer,0000000,True,accepted
20260510_232418,102528,nominal,importer,0000111,True,accepted
20260510_232418,102529,nominal,importer,0001010,True,accepted
20260510_232418,102530,nominal,importer,0001110,True,accepted
20260510_232418,102531,nominal,importer,0000010,True,accepted
20260510_232418,102532,nominal,importer,0000011,True,accepted
20260510_232418,102533,nominal,importer,0001100,True,accepted
20260510_232418,102534,nominal,importer,0001100,True,accepted
20260510_232418,102535,nominal,importer,0000101,True,accepted
20260510_232418,102536,nominal,importer,0001111,True,accepted
20260510_232418,102537,nominal,importer,0000000,True,accepted
20260510_232418,102538,nominal,importer,0001000,True,accepted
20260510_232418,102539,nominal,importer,0001001,True,accepted
20260510_232418,102540,nominal,importer,0001011,True,accepted
20260510_232418,102541,nominal,importer,0000110,True,accepted
20260510_232418,102542,nominal,importer,0000011,True,accepted
20260510_232418,102543,nominal,importer,0001110,True,accepted
20260510_232418,102544,nominal,importer,0000000,True,accepted
20260510_232418,102545,nominal,importer,0001111,True,accepted
20260510_232418,102546,nominal,importer,0001001,True,accepted
20260510_232418,102547,nominal,importer,0001000,True,accepted
20260510_232418,102548,nominal,importer,0000110,True,accepted
20260510_232418,102549,nominal,importer,0001011,True,accepted
20260510_232418,102550,nominal,importer,0001101,True,accepted
20260510_232418,102551,nominal,importer,0000010,True,accepted
20260510_232418,102552,nominal,importer,0001010,True,accepted
20260510_232418,102553,nominal,importer,0000111,True,accepted
20260510_232418,102554,nominal,importer,0000001,True,accepted
20260510_232418,102555,nominal,importer,0001110,True,accepted
20260510_232418,102556,nominal,importer,0001101,True,accepted
20260510_232418,102557,nominal,importer,0000100,True,accepted
20260510_232418,102558,nominal,importer,0000101,True,accepted
20260510_232418,102559,nominal,importer,0001100,True,accepted
20260510_232418,102560,nominal,importer,0001110,True,accepted
20260510_232418,102561,nominal,importer,0000011,True,accepted
20260510_232418,102562,nominal,importer,0000110,True,accepted
20260510_232418,102563,nominal,importer,0001011,True,accepted
20260510_232418,102564,nominal,importer,0001000,True,accepted
20260510_232418,102565,nominal,importer,0000111,True,accepted
20260510_232418,102566,nominal,importer,0000000,True,accepted
20260510_232418,102567,nominal,importer,0001111,True,accepted
20260510_232418,102568,nominal,importer,0000100,True,accepted
20260510_232418,102569,nominal,importer,0001011,True,accepted
20260510_232418,102570,nominal,importer,0001100,True,accepted
20260510_232418,102571,nominal,importer,0000011,True,accepted
20260510_232418,102572,nominal,importer,0000010,True,accepted
20260510_232418,102573,nominal,importer,0001110,True,accepted
20260510_232418,102574,nominal,importer,0001010,True,accepted
20260510_232418,102575,nominal,importer,0000111,True,accepted
20260510_232418,102576,nominal,importer,0001100,True,accepted
20260510_232418,102577,nominal,importer,0000101,True,accepted
20260510_232418,102578,nominal,importer,0000100,True,accepted
20260510_232418,102579,nominal,importer,0001101,True,accepted
20260510_232418,102580,nominal,importer,0001110,True,accepted
20260510_232418,102581,nominal,importer,0000001,True,accepted
20260510_232418,102582,nominal,importer,0000110,True,accepted
20260510_232418,102583,nominal,importer,0001001,True,accepted
20260510_232418,102584,nominal,importer,0000010,True,accepted
20260510_232418,102585,nominal,importer,0001101,True,accepted
20260510_232418,102586,nominal,importer,0001010,True,accepted
20260510_232418,102587,nominal,importer,0000101,True,accepted
20260510_232418,102588,nominal,importer,0001000,True,accepted
20260510_232418,102589,nominal,importer,0001001,True,accepted
20260510_232418,102590,nominal,importer,0001111,True,accepted
20260510_232418,102591,nominal,importer,0000001,True,accepted
20260510_232418,102592,nominal,importer,0000111,True,accepted
20260510_232418,102593,nominal,importer,0001010,True,accepted
20260510_232418,102594,nominal,importer,0001110,True,accepted
20260510_232418,102595,nominal,importer,0000001,True,accepted
20260510_232418,102596,nominal,importer,0000100,True,accepted
20260510_232418,102597,nominal,importer,0001101,True,accepted
20260510_232418,102598,nominal,importer,0001100,True,accepted
20260510_232418,102599,nominal,importer,0000101,True,accepted
20260510_232418,102600,nominal,importer,0001111,True,accepted
20260510_232418,102601,nominal,importer,0000000,True,accepted
20260510_232418,102602,nominal,importer,0001000,True,accepted
20260510_232418,102603,nominal,importer,0001001,True,accepted
20260510_232418,102604,nominal,importer,0001011,True,accepted
20260510_232418,102605,nominal,importer,0000110,True,accepted
20260510_232418,102606,nominal,importer,0000010,True,accepted
20260510_232418,102607,nominal,importer,0001101,True,accepted
20260510_232418,102608,nominal,importer,0000000,True,accepted
20260510_232418,102609,nominal,importer,0001111,True,accepted
20260510_232418,102610,nominal,importer,0001001,True,accepted
20260510_232418,102611,nominal,importer,0001000,True,accepted
20260510_232418,102612,nominal,importer,0000110,True,accepted
20260510_232418,102613,nominal,importer,0001011,True,accepted
20260510_232418,102614,nominal,importer,0001110,True,accepted
20260510_232418,102615,nominal,importer,0000011,True,accepted
20260510_232418,102616,nominal,importer,0001010,True,accepted
20260510_232418,102617,nominal,importer,0000111,True,accepted
20260510_232418,102618,nominal,importer,0000010,True,accepted
20260510_232418,102619,nominal,importer,0001110,True,accepted
20260510_232418,102620,nominal,importer,0001100,True,accepted
20260510_232418,102621,nominal,importer,0000011,True,accepted
20260510_232418,102622,nominal,importer,0000101,True,accepted
20260510_232418,102623,nominal,importer,0001100,True,accepted
20260510_232418,102624,nominal,importer,0000110,True,accepted
20260510_232418,102625,nominal,importer,0001011,True,accepted
20260510_232418,102626,nominal,importer,0001101,True,accepted
20260510_232418,102627,nominal,importer,0000010,True,accepted
20260510_232418,102628,nominal,importer,0000000,True,accepted
20260510_232418,102629,nominal,importer,0001111,True,accepted
20260510_232418,102630,nominal,importer,0001001,True,accepted
20260510_232418,102631,nominal,importer,0001000,True,accepted
20260510_232418,102632,nominal,importer,0001101,True,accepted
20260510_232418,102633,nominal,importer,0000100,True,accepted
20260510_232418,102634,nominal,importer,0000101,True,accepted
20260510_232418,102635,nominal,importer,0001100,True,accepted
20260510_232418,102636,nominal,importer,0001010,True,accepted
20260510_232418,102637,nominal,importer,0000111,True,accepted
20260510_232418,102638,nominal,importer,0000001,True,accepted
20260510_232418,102639,nominal,importer,0001110,True,accepted
20260510_232418,102640,nominal,importer,0000100,True,accepted
20260510_232418,102641,nominal,importer,0001100,True,accepted
20260510_232418,102642,nominal,importer,0001011,True,accepted
20260510_232418,102643,nominal,importer,0000100,True,accepted
20260510_232418,102644,nominal,importer,0000111,True,accepted
20260510_232418,102645,nominal,importer,0001010,True,accepted
20260510_232418,102646,nominal,importer,0001110,True,accepted
20260510_232418,102647,nominal,importer,0000001,True,accepted
20260510_232418,102648,nominal,importer,0001011,True,accepted
20260510_232418,102649,nominal,importer,0000110,True,accepted
20260510_232418,102650,nominal,importer,0000011,True,accepted
20260510_232418,102651,nominal,importer,0001110,True,accepted
20260510_232418,102652,nominal,importer,0001111,True,accepted
20260510_232418,102653,nominal,importer,0000000,True,accepted
20260510_232418,102654,nominal,importer,0001000,True,accepted
20260510_232418,102655,nominal,importer,0001001,True,accepted
20260510_232418,102656,nominal,importer,0001111,True,accepted
20260510_232418,102657,nominal,importer,0000010,True,accepted
20260510_232418,102658,nominal,importer,0000111,True,accepted
20260510_232418,102659,nominal,importer,0001010,True,accepted
20260510_232418,102660,nominal,importer,0001011,True,accepted
20260510_232418,102661,nominal,importer,0000100,True,accepted
20260510_232418,102662,nominal,importer,0000011,True,accepted
20260510_232418,102663,nominal,importer,0001100,True,accepted
20260510_232418,102664,nominal,importer,0000111,True,accepted
20260510_232418,102665,nominal,importer,0001000,True,accepted
20260510_232418,102666,nominal,importer,0001111,True,accepted
20260510_232418,102667,nominal,importer,0000000,True,accepted
20260510_232418,102668,nominal,importer,0000011,True,accepted
20260510_232418,102669,nominal,importer,0001110,True,accepted
20260510_232418,102670,nominal,importer,0001011,True,accepted
20260510_232418,102671,nominal,importer,0000110,True,accepted
20260510_232418,102672,nominal,importer,0001001,True,accepted
20260510_232418,102673,nominal,importer,0001000,True,accepted
20260510_232418,102674,nominal,importer,0000001,True,accepted
20260510_232418,102675,nominal,importer,0001111,True,accepted
20260510_232418,102676,nominal,importer,0001101,True,accepted
20260510_232418,102677,nominal,importer,0000010,True,accepted
20260510_232418,102678,nominal,importer,0000101,True,accepted
20260510_232418,102679,nominal,importer,0001010,True,accepted
20260510_232418,102680,nominal,importer,0000001,True,accepted
20260510_232418,102681,nominal,importer,0001110,True,accepted
20260510_232418,102682,nominal,importer,0001010,True,accepted
20260510_232418,102683,nominal,importer,0000110,True,accepted
20260510_232418,102684,nominal,importer,0000101,True,accepted
20260510_232418,102685,nominal,importer,0001100,True,accepted
20260510_232418,102686,nominal,importer,0001101,True,accepted
20260510_232418,102687,nominal,importer,0000100,True,accepted
20260510_232418,102688,nominal,importer,0001101,True,accepted
20260510_232418,102689,nominal,importer,0000011,True,accepted
20260510_232418,102690,nominal,importer,0000110,True,accepted
20260510_232418,102691,nominal,importer,0001011,True,accepted
20260510_232418,102692,nominal,importer,0001001,True,accepted
20260510_232418,102693,nominal,importer,0001000,True,accepted
20260510_232418,102694,nominal,importer,0000000,True,accepted
20260510_232418,102695,nominal,importer,0001111,True,accepted
20260510_232418,102696,nominal,importer,0000101,True,accepted
20260510_232418,102697,nominal,importer,0001100,True,accepted
20260510_232418,102698,nominal,importer,0001100,True,accepted
20260510_232418,102699,nominal,importer,0000100,True,accepted
20260510_232418,102700,nominal,importer,0000001,True,accepted
20260510_232418,102701,nominal,importer,0001110,True,accepted
20260510_232418,102702,nominal,importer,0001010,True,accepted
20260510_232418,102703,nominal,importer,0000111,True,accepted
20260510_232418,102704,nominal,importer,0001100,True,accepted
20260510_232418,102705,nominal,importer,0000101,True,accepted
20260510_232418,102706,nominal,importer,0000100,True,accepted
20260510_232418,102707,nominal,importer,0001101,True,accepted
20260510_232418,102708,nominal,importer,0001110,True,accepted
20260510_232418,102709,nominal,importer,0000001,True,accepted
20260510_232418,102710,nominal,importer,0000111,True,accepted
20260510_232418,102711,nominal,importer,0001010,True,accepted
20260510_232418,102712,nominal,importer,0000010,True,accepted
20260510_232418,102713,nominal,importer,0001101,True,accepted
20260510_232418,102714,nominal,importer,0001010,True,accepted
20260510_232418,102715,nominal,importer,0000110,True,accepted
20260510_232418,102716,nominal,importer,0001000,True,accepted
20260510_232418,102717,nominal,importer,0001001,True,accepted
20260510_232418,102718,nominal,importer,0001111,True,accepted
20260510_232418,102719,nominal,importer,0000000,True,accepted
20260510_232418,102720,nominal,importer,0000110,True,accepted
20260510_232418,102721,nominal,importer,0001001,True,accepted
20260510_232418,102722,nominal,importer,0001110,True,accepted
20260510_232418,102723,nominal,importer,0000001,True,accepted
20260510_232418,102724,nominal,importer,0000100,True,accepted
20260510_232418,102725,nominal,importer,0001101,True,accepted
20260510_232418,102726,nominal,importer,0001100,True,accepted
20260510_232418,102727,nominal,importer,0000101,True,accepted
20260510_232418,102728,nominal,importer,0001111,True,accepted
20260510_232418,102729,nominal,importer,0000001,True,accepted
20260510_232418,102730,nominal,importer,0001000,True,accepted
20260510_232418,102731,nominal,importer,0001001,True,accepted
20260510_232418,102732,nominal,importer,0001010,True,accepted
20260510_232418,102733,nominal,importer,0000101,True,accepted
20260510_232418,102734,nominal,importer,0000010,True,accepted
20260510_232418,102735,nominal,importer,0001101,True,accepted
20260510_232418,102736,nominal,importer,0000000,True,accepted
20260510_232418,102737,nominal,importer,0001111,True,accepted
20260510_232418,102738,nominal,importer,0001000,True,accepted
20260510_232418,102739,nominal,importer,0000111,True,accepted
20260510_232418,102740,nominal,importer,0000110,True,accepted
20260510_232418,102741,nominal,importer,0001011,True,accepted
20260510_232418,102742,nominal,importer,0001110,True,accepted
20260510_232418,102743,nominal,importer,0000011,True,accepted
20260510_232418,102744,nominal,importer,0001010,True,accepted
20260510_232418,102745,nominal,importer,0000111,True,accepted
20260510_232418,102746,nominal,importer,0000010,True,accepted
20260510_232418,102747,nominal,importer,0001111,True,accepted
20260510_232418,102748,nominal,importer,0001100,True,accepted
20260510_232418,102749,nominal,importer,0000011,True,accepted
20260510_232418,102750,nominal,importer,0000100,True,accepted
20260510_232418,102751,nominal,importer,0001011,True,accepted
20260510_232418,102752,nominal,importer,0000101,True,accepted
20260510_232418,102753,nominal,importer,0001010,True,accepted
20260510_232418,102754,nominal,importer,0001101,True,accepted
20260510_232418,102755,nominal,importer,0000010,True,accepted
20260510_232418,102756,nominal,importer,0000000,True,accepted
20260510_232418,102757,nominal,importer,0001111,True,accepted
20260510_232418,102758,nominal,importer,0001001,True,accepted
20260510_232418,102759,nominal,importer,0001000,True,accepted
20260510_232418,102760,nominal,importer,0001101,True,accepted
20260510_232418,102761,nominal,importer,0000100,True,accepted
20260510_232418,102762,nominal,importer,0000101,True,accepted
20260510_232418,102763,nominal,importer,0001100,True,accepted
20260510_232418,102764,nominal,importer,0001001,True,accepted
20260510_232418,102765,nominal,importer,0000110,True,accepted
20260510_232418,102766,nominal,importer,0000001,True,accepted
20260510_232418,102767,nominal,importer,0001110,True,accepted
20260510_232418,102768,nominal,importer,0000011,True,accepted
20260510_232418,102769,nominal,importer,0001100,True,accepted
20260510_232418,102770,nominal,importer,0001011,True,accepted
20260510_232418,102771,nominal,importer,0000100,True,accepted
20260510_232418,102772,nominal,importer,0000111,True,accepted
20260510_232418,102773,nominal,importer,0001010,True,accepted
20260510_232418,201024,nominal,exporter,0001110,True,accepted
20260510_232418,201025,nominal,exporter,1100100,True,accepted
20260510_232418,201026,nominal,exporter,0101100,True,accepted
20260510_232418,201027,nominal,exporter,0001000,True,accepted
20260510_232418,201028,nominal,exporter,0000000,True,accepted
20260510_232418,201029,nominal,exporter,0101110,True,accepted
20260510_232418,201030,nominal,exporter,1101110,True,accepted
20260510_232418,201031,nominal,exporter,0001010,True,accepted
20260510_232418,201032,nominal,exporter,0100110,True,accepted
20260510_232418,201033,nominal,exporter,0000100,True,accepted
20260510_232418,201034,nominal,exporter,0001110,True,accepted
20260510_232418,201035,nominal,exporter,0111110,True,accepted
20260510_232418,201036,nominal,exporter,1110110,True,accepted
20260510_232418,201037,nominal,exporter,0001100,True,accepted
20260510_232418,201038,nominal,exporter,0000100,True,accepted
20260510_232418,201039,nominal,exporter,0110110,True,accepted
20260510_232418,201040,nominal,exporter,0000110,True,accepted
20260510_232418,201041,nominal,exporter,0100110,True,accepted
20260510_232418,201042,nominal,exporter,0111100,True,accepted
20260510_232418,201043,nominal,exporter,0001110,True,accepted
20260510_232418,201044,nominal,exporter,0001100,True,accepted
20260510_232418,201045,nominal,exporter,1111100,True,accepted
20260510_232418,201046,nominal,exporter,0110100,True,accepted
20260510_232418,201047,nominal,exporter,0000010,True,accepted
20260510_232418,201048,nominal,exporter,1100110,True,accepted
20260510_232418,201049,nominal,exporter,0100100,True,accepted
20260510_232418,201050,nominal,exporter,0000110,True,accepted
20260510_232418,201051,nominal,exporter,0101100,True,accepted
20260510_232418,201052,nominal,exporter,0101110,True,accepted
20260510_232418,201053,nominal,exporter,0000000,True,accepted
20260510_232418,201054,nominal,exporter,0001000,True,accepted
20260510_232418,201055,nominal,exporter,1101100,True,accepted
20260510_232418,201056,nominal,exporter,0110110,True,accepted
20260510_232418,201057,nominal,exporter,0000010,True,accepted
20260510_232418,201058,nominal,exporter,0001100,True,accepted
20260510_232418,201059,nominal,exporter,1111110,True,accepted
20260510_232418,201060,nominal,exporter,0111110,True,accepted
20260510_232418,201061,nominal,exporter,0001110,True,accepted
20260510_232418,201062,nominal,exporter,0000110,True,accepted
20260510_232418,201063,nominal,exporter,0100110,True,accepted
20260510_232418,201064,nominal,exporter,0001010,True,accepted
20260510_232418,201065,nominal,exporter,1101110,True,accepted
20260510_232418,201066,nominal,exporter,0110100,True,accepted
20260510_232418,201067,nominal,exporter,0000010,True,accepted
20260510_232418,201068,nominal,exporter,0001000,True,accepted
20260510_232418,201069,nominal,exporter,0101100,True,accepted
20260510_232418,201070,nominal,exporter,1101100,True,accepted
20260510_232418,201071,nominal,exporter,0100100,True,accepted
20260510_232418,201072,nominal,exporter,1110100,True,accepted
20260510_232418,201073,nominal,exporter,0001010,True,accepted
20260510_232418,201074,nominal,exporter,0000000,True,accepted
20260510_232418,201075,nominal,exporter,0101110,True,accepted
20260510_232418,201076,nominal,exporter,0101110,True,accepted
20260510_232418,201077,nominal,exporter,0001000,True,accepted
20260510_232418,201078,nominal,exporter,0100100,True,accepted
20260510_232418,201079,nominal,exporter,1100100,True,accepted
20260510_232418,201080,nominal,exporter,0000100,True,accepted
20260510_232418,201081,nominal,exporter,0111100,True,accepted
20260510_232418,201082,nominal,exporter,1111100,True,accepted
20260510_232418,201083,nominal,exporter,0001100,True,accepted
20260510_232418,201084,nominal,exporter,0001110,True,accepted
20260510_232418,201085,nominal,exporter,0111110,True,accepted
20260510_232418,201086,nominal,exporter,0100110,True,accepted
20260510_232418,201087,nominal,exporter,0000110,True,accepted
20260510_232418,201088,nominal,exporter,0101100,True,accepted
20260510_232418,201089,nominal,exporter,0001000,True,accepted
20260510_232418,201090,nominal,exporter,0100100,True,accepted
20260510_232418,201091,nominal,exporter,1101100,True,accepted
20260510_232418,201092,nominal,exporter,1101110,True,accepted
20260510_232418,201093,nominal,exporter,0001010,True,accepted
20260510_232418,201094,nominal,exporter,0000010,True,accepted
20260510_232418,201095,nominal,exporter,0110100,True,accepted
20260510_232418,201096,nominal,exporter,0001110,True,accepted
20260510_232418,201097,nominal,exporter,0111110,True,accepted
20260510_232418,201098,nominal,exporter,0101100,True,accepted
20260510_232418,201099,nominal,exporter,0000110,True,accepted
20260510_232418,201100,nominal,exporter,0000010,True,accepted
20260510_232418,201101,nominal,exporter,0110110,True,accepted
20260510_232418,201102,nominal,exporter,1111110,True,accepted
20260510_232418,201103,nominal,exporter,0001100,True,accepted
20260510_232418,201104,nominal,exporter,1100100,True,accepted
20260510_232418,201105,nominal,exporter,0001110,True,accepted
20260510_232418,201106,nominal,exporter,0000100,True,accepted
20260510_232418,201107,nominal,exporter,0100110,True,accepted
20260510_232418,201108,nominal,exporter,0111100,True,accepted
20260510_232418,201109,nominal,exporter,0000100,True,accepted
20260510_232418,201110,nominal,exporter,0001100,True,accepted
20260510_232418,201111,nominal,exporter,1111100,True,accepted
20260510_232418,201112,nominal,exporter,0001000,True,accepted
20260510_232418,201113,nominal,exporter,0101110,True,accepted
20260510_232418,201114,nominal,exporter,1100110,True,accepted
20260510_232418,201115,nominal,exporter,0100100,True,accepted
20260510_232418,201116,nominal,exporter,0001010,True,accepted
20260510_232418,201117,nominal,exporter,1110100,True,accepted
20260510_232418,201118,nominal,exporter,0101110,True,accepted
20260510_232418,201119,nominal,exporter,0000000,True,accepted
20260510_232418,201120,nominal,exporter,0001010,True,accepted
20260510_232418,201121,nominal,exporter,1110110,True,accepted
20260510_232418,201122,nominal,exporter,0111100,True,accepted
20260510_232418,201123,nominal,exporter,0000100,True,accepted
20260510_232418,201124,nominal,exporter,0000100,True,accepted
20260510_232418,201125,nominal,exporter,0100110,True,accepted
20260510_232418,201126,nominal,exporter,0111110,True,accepted
20260510_232418,201127,nominal,exporter,0001110,True,accepted
20260510_232418,201128,nominal,exporter,0101110,True,accepted
20260510_232418,201129,nominal,exporter,0000000,True,accepted
20260510_232418,201130,nominal,exporter,0001010,True,accepted
20260510_232418,201131,nominal,exporter,1101110,True,accepted
20260510_232418,201132,nominal,exporter,1100100,True,accepted
20260510_232418,201133,nominal,exporter,0001110,True,accepted
20260510_232418,201134,nominal,exporter,0001000,True,accepted
20260510_232418,201135,nominal,exporter,0101110,True,accepted
20260510_232418,201136,nominal,exporter,0000000,True,accepted
20260510_232418,201137,nominal,exporter,0110100,True,accepted
20260510_232418,201138,nominal,exporter,1101100,True,accepted
20260510_232418,201139,nominal,exporter,0001000,True,accepted
20260510_232418,201140,nominal,exporter,0100100,True,accepted
20260510_232418,201141,nominal,exporter,1100110,True,accepted
20260510_232418,201142,nominal,exporter,0101100,True,accepted
20260510_232418,201143,nominal,exporter,0000110,True,accepted
20260510_232418,201144,nominal,exporter,1111110,True,accepted
20260510_232418,201145,nominal,exporter,0001100,True,accepted
20260510_232418,201146,nominal,exporter,0000010,True,accepted
20260510_232418,201147,nominal,exporter,0110110,True,accepted
20260510_232418,201148,nominal,exporter,0100110,True,accepted
20260510_232418,201149,nominal,exporter,0000110,True,accepted
20260510_232418,201150,nominal,exporter,0001100,True,accepted
20260510_232418,201151,nominal,exporter,0111100,True,accepted
20260510_232418,201152,nominal,exporter,0100100,True,accepted
20260510_232418,201153,nominal,exporter,1100110,True,accepted
20260510_232418,201154,nominal,exporter,0101110,True,accepted
20260510_232418,201155,nominal,exporter,0001000,True,accepted
20260510_232418,201156,nominal,exporter,0000000,True,accepted
20260510_232418,201157,nominal,exporter,0101110,True,accepted
20260510_232418,201158,nominal,exporter,1110100,True,accepted
20260510_232418,201159,nominal,exporter,0001010,True,accepted
20260510_232418,201160,nominal,exporter,0100110,True,accepted
20260510_232418,201161,nominal,exporter,0000100,True,accepted
20260510_232418,201162,nominal,exporter,0001110,True,accepted
20260510_232418,201163,nominal,exporter,1100100,True,accepted
20260510_232418,201164,nominal,exporter,1111100,True,accepted
20260510_232418,201165,nominal,exporter,0001100,True,accepted
20260510_232418,201166,nominal,exporter,0000100,True,accepted
20260510_232418,201167,nominal,exporter,0111100,True,accepted
20260510_232418,201168,nominal,exporter,0000110,True,accepted
20260510_232418,201169,nominal,exporter,0101100,True,accepted
20260510_232418,201170,nominal,exporter,0111110,True,accepted
20260510_232418,201171,nominal,exporter,0001110,True,accepted
20260510_232418,201172,nominal,exporter,0001100,True,accepted
20260510_232418,201173,nominal,exporter,1111110,True,accepted
20260510_232418,201174,nominal,exporter,0110110,True,accepted
20260510_232418,201175,nominal,exporter,0000010,True,accepted
20260510_232418,201176,nominal,exporter,1101100,True,accepted
20260510_232418,201177,nominal,exporter,0100100,True,accepted
20260510_232418,201178,nominal,exporter,0000110,True,accepted
20260510_232418,201179,nominal,exporter,0101100,True,accepted
20260510_232418,201180,nominal,exporter,0110100,True,accepted
20260510_232418,201181,nominal,exporter,0000010,True,accepted
20260510_232418,201182,nominal,exporter,0001010,True,accepted
20260510_232418,201183,nominal,exporter,1101110,True,accepted
20260510_232418,201184,nominal,exporter,0110110,True,accepted
20260510_232418,201185,nominal,exporter,0000010,True,accepted
20260510_232418,201186,nominal,exporter,0001100,True,accepted
20260510_232418,201187,nominal,exporter,1111110,True,accepted
20260510_232418,201188,nominal,exporter,0111100,True,accepted
20260510_232418,201189,nominal,exporter,0001100,True,accepted
20260510_232418,201190,nominal,exporter,0000110,True,accepted
20260510_232418,201191,nominal,exporter,0100110,True,accepted
20260510_232418,201192,nominal,exporter,0001000,True,accepted
20260510_232418,201193,nominal,exporter,1101100,True,accepted
20260510_232418,201194,nominal,exporter,0110100,True,accepted
20260510_232418,201195,nominal,exporter,0000000,True,accepted
20260510_232418,201196,nominal,exporter,0000110,True,accepted
20260510_232418,201197,nominal,exporter,0101100,True,accepted
20260510_232418,201198,nominal,exporter,1101100,True,accepted
20260510_232418,201199,nominal,exporter,0100100,True,accepted
20260510_232418,201200,nominal,exporter,1101110,True,accepted
20260510_232418,201201,nominal,exporter,0001010,True,accepted
20260510_232418,201202,nominal,exporter,0000000,True,accepted
20260510_232418,201203,nominal,exporter,0101110,True,accepted
20260510_232418,201204,nominal,exporter,0101110,True,accepted
20260510_232418,201205,nominal,exporter,0001000,True,accepted
20260510_232418,201206,nominal,exporter,0001110,True,accepted
20260510_232418,201207,nominal,exporter,1100100,True,accepted
20260510_232418,201208,nominal,exporter,0000100,True,accepted
20260510_232418,201209,nominal,exporter,0111100,True,accepted
20260510_232418,201210,nominal,exporter,1110110,True,accepted
20260510_232418,201211,nominal,exporter,0001010,True,accepted
20260510_232418,201212,nominal,exporter,0001110,True,accepted
20260510_232418,201213,nominal,exporter,0111110,True,accepted
20260510_232418,201214,nominal,exporter,0100110,True,accepted
20260510_232418,201215,nominal,exporter,0000100,True,accepted
20260510_232418,201216,nominal,exporter,0101100,True,accepted
20260510_232418,201217,nominal,exporter,0000110,True,accepted
20260510_232418,201218,nominal,exporter,0100100,True,accepted
20260510_232418,201219,nominal,exporter,1100110,True,accepted
20260510_232418,201220,nominal,exporter,1101100,True,accepted
20260510_232418,201221,nominal,exporter,0001010,True,accepted
20260510_232418,201222,nominal,exporter,0000000,True,accepted
20260510_232418,201223,nominal,exporter,0101110,True,accepted
20260510_232418,201224,nominal,exporter,0001100,True,accepted
20260510_232418,201225,nominal,exporter,0111100,True,accepted
20260510_232418,201226,nominal,exporter,0100110,True,accepted
20260510_232418,201227,nominal,exporter,0000110,True,accepted
20260510_232418,201228,nominal,exporter,0000010,True,accepted
20260510_232418,201229,nominal,exporter,0110100,True,accepted
20260510_232418,201230,nominal,exporter,1111100,True,accepted
20260510_232418,201231,nominal,exporter,0001100,True,accepted
20260510_232418,201232,nominal,exporter,0111110,True,accepted
20260510_232418,201233,nominal,exporter,0001110,True,accepted
20260510_232418,201234,nominal,exporter,0000100,True,accepted
20260510_232418,201235,nominal,exporter,0100110,True,accepted
20260510_232418,201236,nominal,exporter,0110110,True,accepted
20260510_232418,201237,nominal,exporter,0000100,True,accepted
20260510_232418,201238,nominal,exporter,0001100,True,accepted
20260510_232418,201239,nominal,exporter,1110110,True,accepted
20260510_232418,201240,nominal,exporter,0001000,True,accepted
20260510_232418,201241,nominal,exporter,0101100,True,accepted
20260510_232418,201242,nominal,exporter,1100100,True,accepted
20260510_232418,201243,nominal,exporter,0001110,True,accepted
20260510_232418,201244,nominal,exporter,0001010,True,accepted
20260510_232418,201245,nominal,exporter,1101110,True,accepted
20260510_232418,201246,nominal,exporter,0101110,True,accepted
20260510_232418,201247,nominal,exporter,0000000,True,accepted
20260510_232418,201248,nominal,exporter,0001100,True,accepted
20260510_232418,201249,nominal,exporter,1110110,True,accepted
20260510_232418,201250,nominal,exporter,0111100,True,accepted
20260510_232418,201251,nominal,exporter,0000100,True,accepted
20260510_232418,201252,nominal,exporter,0000110,True,accepted
20260510_232418,201253,nominal,exporter,0100110,True,accepted
20260510_232418,201254,nominal,exporter,0111110,True,accepted
20260510_232418,201255,nominal,exporter,0001110,True,accepted
20260510_232418,201256,nominal,exporter,0101110,True,accepted
20260510_232418,201257,nominal,exporter,0000000,True,accepted
20260510_232418,201258,nominal,exporter,0001010,True,accepted
20260510_232418,201259,nominal,exporter,1110100,True,accepted
20260510_232418,201260,nominal,exporter,1100110,True,accepted
20260510_232418,201261,nominal,exporter,0100100,True,accepted
20260510_232418,201262,nominal,exporter,0001000,True,accepted
20260510_232418,201263,nominal,exporter,0101110,True,accepted
20260510_232418,201264,nominal,exporter,0000010,True,accepted
20260510_232418,201265,nominal,exporter,0110100,True,accepted
20260510_232418,201266,nominal,exporter,1101110,True,accepted
20260510_232418,201267,nominal,exporter,0001010,True,accepted
20260510_232418,201268,nominal,exporter,0100100,True,accepted
20260510_232418,201269,nominal,exporter,1101100,True,accepted
20260510_232418,201270,nominal,exporter,0101100,True,accepted
20260510_232418,201271,nominal,exporter,0001000,True,accepted
20260510_232418,201272,nominal,exporter,1111110,True,accepted
20260510_232418,201273,nominal,exporter,0001100,True,accepted
20260510_232418,201274,nominal,exporter,0000010,True,accepted
20260510_232418,201275,nominal,exporter,0110110,True,accepted
20260510_232418,201276,nominal,exporter,0101100,True,accepted
20260510_232418,201277,nominal,exporter,0000110,True,accepted
20260510_232418,201278,nominal,exporter,0001110,True,accepted
20260510_232418,201279,nominal,exporter,0111110,True,accepted
20260510_232418,201280,nominal,exporter,1100100,True,accepted
20260510_232418,201281,nominal,exporter,0001110,True,accepted
20260510_232418,201282,nominal,exporter,0001000,True,accepted
20260510_232418,201283,nominal,exporter,0101110,True,accepted
20260510_232418,201284,nominal,exporter,0101110,True,accepted
20260510_232418,201285,nominal,exporter,0000000,True,accepted
20260510_232418,201286,nominal,exporter,0001010,True,accepted
20260510_232418,201287,nominal,exporter,1110100,True,accepted
20260510_232418,201288,nominal,exporter,0000100,True,accepted
20260510_232418,201289,nominal,exporter,0100110,True,accepted
20260510_232418,201290,nominal,exporter,0111110,True,accepted
20260510_232418,201291,nominal,exporter,0001110,True,accepted
20260510_232418,201292,nominal,exporter,0001010,True,accepted
20260510_232418,201293,nominal,exporter,1110110,True,accepted
20260510_232418,201294,nominal,exporter,0110110,True,accepted
20260510_232418,201295,nominal,exporter,0000010,True,accepted
20260510_232418,201296,nominal,exporter,0100110,True,accepted
20260510_232418,201297,nominal,exporter,0000110,True,accepted
20260510_232418,201298,nominal,exporter,0001100,True,accepted
20260510_232418,201299,nominal,exporter,0111100,True,accepted
20260510_232418,201300,nominal,exporter,1111110,True,accepted
20260510_232418,201301,nominal,exporter,0001100,True,accepted
20260510_232418,201302,nominal,exporter,0000010,True,accepted
20260510_232418,201303,nominal,exporter,0110110,True,accepted
20260510_232418,201304,nominal,exporter,0100100,True,accepted
20260510_232418,201305,nominal,exporter,1100110,True,accepted
20260510_232418,201306,nominal,exporter,0101100,True,accepted
20260510_232418,201307,nominal,exporter,0000110,True,accepted
20260510_232418,201308,nominal,exporter,0000000,True,accepted
20260510_232418,201309,nominal,exporter,0110100,True,accepted
20260510_232418,201310,nominal,exporter,1101100,True,accepted
20260510_232418,201311,nominal,exporter,0001000,True,accepted
20260510_232418,201312,nominal,exporter,0000010,True,accepted
20260510_232418,201313,nominal,exporter,0110110,True,accepted
20260510_232418,201314,nominal,exporter,1111110,True,accepted
20260510_232418,201315,nominal,exporter,0001100,True,accepted
20260510_232418,201316,nominal,exporter,0001110,True,accepted
20260510_232418,201317,nominal,exporter,0111110,True,accepted
20260510_232418,201318,nominal,exporter,0101100,True,accepted
20260510_232418,201319,nominal,exporter,0000110,True,accepted
20260510_232418,201320,nominal,exporter,1101110,True,accepted
20260510_232418,201321,nominal,exporter,0001010,True,accepted
20260510_232418,201322,nominal,exporter,0000010,True,accepted
20260510_232418,201323,nominal,exporter,0110100,True,accepted
20260510_232418,201324,nominal,exporter,0101100,True,accepted
20260510_232418,201325,nominal,exporter,0000110,True,accepted
20260510_232418,201326,nominal,exporter,0100100,True,accepted
20260510_232418,201327,nominal,exporter,1101100,True,accepted
20260510_232418,201328,nominal,exporter,0001010,True,accepted
20260510_232418,201329,nominal,exporter,1110100,True,accepted
20260510_232418,201330,nominal,exporter,0101110,True,accepted
20260510_232418,201331,nominal,exporter,0000000,True,accepted
20260510_232418,201332,nominal,exporter,0001000,True,accepted
20260510_232418,201333,nominal,exporter,0101110,True,accepted
20260510_232418,201334,nominal,exporter,1100110,True,accepted
20260510_232418,201335,nominal,exporter,0001110,True,accepted
20260510_232418,201336,nominal,exporter,0111100,True,accepted
20260510_232418,201337,nominal,exporter,0000100,True,accepted
20260510_232418,201338,nominal,exporter,0001100,True,accepted
20260510_232418,201339,nominal,exporter,1111100,True,accepted
20260510_232418,201340,nominal,exporter,0111110,True,accepted
20260510_232418,201341,nominal,exporter,0001110,True,accepted
20260510_232418,201342,nominal,exporter,0000100,True,accepted
20260510_232418,201343,nominal,exporter,0100110,True,accepted
20260510_232418,201344,nominal,exporter,0001000,True,accepted
20260510_232418,201345,nominal,exporter,0101100,True,accepted
20260510_232418,201346,nominal,exporter,1101100,True,accepted
20260510_232418,201347,nominal,exporter,0100100,True,accepted
20260510_232418,201348,nominal,exporter,0001010,True,accepted
20260510_232418,201349,nominal,exporter,1101110,True,accepted
20260510_232418,201350,nominal,exporter,0110100,True,accepted
20260510_232418,201351,nominal,exporter,0000010,True,accepted
20260510_232418,201352,nominal,exporter,0111110,True,accepted
20260510_232418,201353,nominal,exporter,0001110,True,accepted
20260510_232418,201354,nominal,exporter,0000110,True,accepted
20260510_232418,201355,nominal,exporter,0101100,True,accepted
20260510_232418,201356,nominal,exporter,0110110,True,accepted
20260510_232418,201357,nominal,exporter,0000010,True,accepted
20260510_232418,201358,nominal,exporter,0001100,True,accepted
20260510_232418,201359,nominal,exporter,1111110,True,accepted
20260510_232418,201360,nominal,exporter,0001110,True,accepted
20260510_232418,201361,nominal,exporter,0111110,True,accepted
20260510_232418,201362,nominal,exporter,0100110,True,accepted
20260510_232418,201363,nominal,exporter,0000110,True,accepted
20260510_232418,201364,nominal,exporter,0000100,True,accepted
20260510_232418,201365,nominal,exporter,0111100,True,accepted
20260510_232418,201366,nominal,exporter,1110110,True,accepted
20260510_232418,201367,nominal,exporter,0001100,True,accepted
20260510_232418,201368,nominal,exporter,0101110,True,accepted
20260510_232418,201369,nominal,exporter,0001000,True,accepted
20260510_232418,201370,nominal,exporter,0100100,True,accepted
20260510_232418,201371,nominal,exporter,1100110,True,accepted
20260510_232418,201372,nominal,exporter,1110100,True,accepted
20260510_232418,201373,nominal,exporter,0001010,True,accepted
20260510_232418,201374,nominal,exporter,0000000,True,accepted
20260510_232418,201375,nominal,exporter,0101110,True,accepted
20260510_232418,201376,nominal,exporter,1110110,True,accepted
20260510_232418,201377,nominal,exporter,0001010,True,accepted
20260510_232418,201378,nominal,exporter,0000100,True,accepted
20260510_232418,201379,nominal,exporter,0110110,True,accepted
20260510_232418,201380,nominal,exporter,0100110,True,accepted
20260510_232418,201381,nominal,exporter,0000100,True,accepted
20260510_232418,201382,nominal,exporter,0001110,True,accepted
20260510_232418,201383,nominal,exporter,0111110,True,accepted
20260510_232418,201384,nominal,exporter,0000000,True,accepted
20260510_232418,201385,nominal,exporter,0101110,True,accepted
20260510_232418,201386,nominal,exporter,1101110,True,accepted
20260510_232418,201387,nominal,exporter,0001010,True,accepted
20260510_232418,201388,nominal,exporter,0001110,True,accepted
20260510_232418,201389,nominal,exporter,1100100,True,accepted
20260510_232418,201390,nominal,exporter,0101100,True,accepted
20260510_232418,201391,nominal,exporter,0001000,True,accepted
20260510_232418,201392,nominal,exporter,0101110,True,accepted
20260510_232418,201393,nominal,exporter,0000000,True,accepted
20260510_232418,201394,nominal,exporter,0001010,True,accepted
20260510_232418,201395,nominal,exporter,1101100,True,accepted
20260510_232418,201396,nominal,exporter,1100110,True,accepted
20260510_232418,201397,nominal,exporter,0100100,True,accepted
20260510_232418,201398,nominal,exporter,0000110,True,accepted
20260510_232418,201399,nominal,exporter,0101100,True,accepted
20260510_232418,201400,nominal,exporter,0001100,True,accepted
20260510_232418,201401,nominal,exporter,1111100,True,accepted
20260510_232418,201402,nominal,exporter,0110100,True,accepted
20260510_232418,201403,nominal,exporter,0000010,True,accepted
20260510_232418,201404,nominal,exporter,0000110,True,accepted
20260510_232418,201405,nominal,exporter,0100110,True,accepted
20260510_232418,201406,nominal,exporter,0111100,True,accepted
20260510_232418,201407,nominal,exporter,0001100,True,accepted
20260510_232418,201408,nominal,exporter,1100100,True,accepted
20260510_232418,201409,nominal,exporter,0100100,True,accepted
20260510_232418,201410,nominal,exporter,0001000,True,accepted
20260510_232418,201411,nominal,exporter,0101110,True,accepted
20260510_232418,201412,nominal,exporter,0101110,True,accepted
20260510_232418,201413,nominal,exporter,0000000,True,accepted
20260510_232418,201414,nominal,exporter,0001010,True,accepted
20260510_232418,201415,nominal,exporter,1110100,True,accepted
20260510_232418,201416,nominal,exporter,0000110,True,accepted
20260510_232418,201417,nominal,exporter,0100110,True,accepted
20260510_232418,201418,nominal,exporter,0111110,True,accepted
20260510_232418,201419,nominal,exporter,0001110,True,accepted
20260510_232418,201420,nominal,exporter,0001100,True,accepted
20260510_232418,201421,nominal,exporter,1111100,True,accepted
20260510_232418,201422,nominal,exporter,0111100,True,accepted
20260510_232418,201423,nominal,exporter,0000100,True,accepted
20260510_232418,201424,nominal,exporter,0100110,True,accepted
20260510_232418,201425,nominal,exporter,0000110,True,accepted
20260510_232418,201426,nominal,exporter,0001110,True,accepted
20260510_232418,201427,nominal,exporter,0111110,True,accepted
20260510_232418,201428,nominal,exporter,1111110,True,accepted
20260510_232418,201429,nominal,exporter,0001100,True,accepted
20260510_232418,201430,nominal,exporter,0000010,True,accepted
20260510_232418,201431,nominal,exporter,0110110,True,accepted
20260510_232418,201432,nominal,exporter,0100100,True,accepted
20260510_232418,201433,nominal,exporter,1101100,True,accepted
20260510_232418,201434,nominal,exporter,0101100,True,accepted
20260510_232418,201435,nominal,exporter,0001000,True,accepted
20260510_232418,201436,nominal,exporter,0000010,True,accepted
20260510_232418,201437,nominal,exporter,0110100,True,accepted
20260510_232418,201438,nominal,exporter,1101110,True,accepted
20260510_232418,201439,nominal,exporter,0001010,True,accepted
20260510_232418,201440,nominal,exporter,0000010,True,accepted
20260510_232418,201441,nominal,exporter,0110110,True,accepted
20260510_232418,201442,nominal,exporter,1111100,True,accepted
20260510_232418,201443,nominal,exporter,0001100,True,accepted
20260510_232418,201444,nominal,exporter,0001110,True,accepted
20260510_232418,201445,nominal,exporter,0111100,True,accepted
20260510_232418,201446,nominal,exporter,0100110,True,accepted
20260510_232418,201447,nominal,exporter,0000110,True,accepted
20260510_232418,201448,nominal,exporter,1101100,True,accepted
20260510_232418,201449,nominal,exporter,0001000,True,accepted
20260510_232418,201450,nominal,exporter,0000000,True,accepted
20260510_232418,201451,nominal,exporter,0110100,True,accepted
20260510_232418,201452,nominal,exporter,0101100,True,accepted
20260510_232418,201453,nominal,exporter,0000110,True,accepted
20260510_232418,201454,nominal,exporter,0100100,True,accepted
20260510_232418,201455,nominal,exporter,1100110,True,accepted
20260510_232418,201456,nominal,exporter,0001010,True,accepted
20260510_232418,201457,nominal,exporter,1101110,True,accepted
20260510_232418,201458,nominal,exporter,0101110,True,accepted
20260510_232418,201459,nominal,exporter,0000000,True,accepted
20260510_232418,201460,nominal,exporter,0001000,True,accepted
20260510_232418,201461,nominal,exporter,0101100,True,accepted
20260510_232418,201462,nominal,exporter,1100100,True,accepted
20260510_232418,201463,nominal,exporter,0001110,True,accepted
20260510_232418,201464,nominal,exporter,0110110,True,accepted
20260510_232418,201465,nominal,exporter,0000100,True,accepted
20260510_232418,201466,nominal,exporter,0001100,True,accepted
20260510_232418,201467,nominal,exporter,1110110,True,accepted
20260510_232418,201468,nominal,exporter,0111110,True,accepted
20260510_232418,201469,nominal,exporter,0001110,True,accepted
20260510_232418,201470,nominal,exporter,0000100,True,accepted
20260510_232418,201471,nominal,exporter,0100110,True,accepted
20260510_232418,201472,nominal,exporter,0000110,True,accepted
20260510_232418,201473,nominal,exporter,0101100,True,accepted
20260510_232418,201474,nominal,exporter,1100110,True,accepted
20260510_232418,201475,nominal,exporter,0100100,True,accepted
20260510_232418,201476,nominal,exporter,0001000,True,accepted
20260510_232418,201477,nominal,exporter,1101110,True,accepted
20260510_232418,201478,nominal,exporter,0110100,True,accepted
20260510_232418,201479,nominal,exporter,0000000,True,accepted
20260510_232418,201480,nominal,exporter,0111100,True,accepted
20260510_232418,201481,nominal,exporter,0001100,True,accepted
20260510_232418,201482,nominal,exporter,0000110,True,accepted
20260510_232418,201483,nominal,exporter,0100110,True,accepted
20260510_232418,201484,nominal,exporter,0110110,True,accepted
20260510_232418,201485,nominal,exporter,0000010,True,accepted
20260510_232418,201486,nominal,exporter,0001100,True,accepted
20260510_232418,201487,nominal,exporter,1111110,True,accepted
20260510_232418,201488,nominal,exporter,0001110,True,accepted
20260510_232418,201489,nominal,exporter,0111110,True,accepted
20260510_232418,201490,nominal,exporter,0100110,True,accepted
20260510_232418,201491,nominal,exporter,0000100,True,accepted
20260510_232418,201492,nominal,exporter,0000100,True,accepted
20260510_232418,201493,nominal,exporter,0111100,True,accepted
20260510_232418,201494,nominal,exporter,1110110,True,accepted
20260510_232418,201495,nominal,exporter,0001010,True,accepted
20260510_232418,201496,nominal,exporter,0101110,True,accepted
20260510_232418,201497,nominal,exporter,0001000,True,accepted
20260510_232418,201498,nominal,exporter,0001110,True,accepted
20260510_232418,201499,nominal,exporter,1100100,True,accepted
20260510_232418,201500,nominal,exporter,1101110,True,accepted
20260510_232418,201501,nominal,exporter,0001010,True,accepted
20260510_232418,201502,nominal,exporter,0000000,True,accepted
20260510_232418,201503,nominal,exporter,0101110,True,accepted
20260510_232418,201504,nominal,exporter,1111100,True,accepted
20260510_232418,201505,nominal,exporter,0001100,True,accepted
20260510_232418,201506,nominal,exporter,0000100,True,accepted
20260510_232418,201507,nominal,exporter,0111100,True,accepted
20260510_232418,201508,nominal,exporter,0100110,True,accepted
20260510_232418,201509,nominal,exporter,0000100,True,accepted
20260510_232418,201510,nominal,exporter,0001110,True,accepted
20260510_232418,201511,nominal,exporter,1100100,True,accepted
20260510_232418,201512,nominal,exporter,0000000,True,accepted
20260510_232418,201513,nominal,exporter,0101110,True,accepted
20260510_232418,201514,nominal,exporter,1110100,True,accepted
20260510_232418,201515,nominal,exporter,0001010,True,accepted
20260510_232418,201516,nominal,exporter,0100100,True,accepted
20260510_232418,201517,nominal,exporter,1100110,True,accepted
20260510_232418,201518,nominal,exporter,0101110,True,accepted
20260510_232418,201519,nominal,exporter,0001000,True,accepted
20260510_232418,201520,nominal,exporter,0110100,True,accepted
20260510_232418,201521,nominal,exporter,0000010,True,accepted
20260510_232418,201522,nominal,exporter,0001010,True,accepted
20260510_232418,201523,nominal,exporter,1101110,True,accepted
20260510_232418,201524,nominal,exporter,1101100,True,accepted
20260510_232418,201525,nominal,exporter,0100100,True,accepted
20260510_232418,201526,nominal,exporter,0001000,True,accepted
20260510_232418,201527,nominal,exporter,0101100,True,accepted
20260510_232418,201528,nominal,exporter,0001100,True,accepted
20260510_232418,201529,nominal,exporter,1111110,True,accepted
20260510_232418,201530,nominal,exporter,0110110,True,accepted
20260510_232418,201531,nominal,exporter,0000010,True,accepted
20260510_232418,201532,nominal,exporter,0000110,True,accepted
20260510_232418,201533,nominal,exporter,0101100,True,accepted
20260510_232418,201534,nominal,exporter,0111110,True,accepted
20260510_232418,201535,nominal,exporter,0001110,True,accepted
20260510_232418,201536,nominal,exporter,0001000,True,accepted
20260510_232418,201537,nominal,exporter,0101100,True,accepted
20260510_232418,201538,nominal,exporter,1100100,True,accepted
20260510_232418,201539,nominal,exporter,0001110,True,accepted
20260510_232418,201540,nominal,exporter,0001010,True,accepted
20260510_232418,201541,nominal,exporter,1101110,True,accepted
20260510_232418,201542,nominal,exporter,0101110,True,accepted
20260510_232418,201543,nominal,exporter,0000000,True,accepted
20260510_232418,201544,nominal,exporter,0111110,True,accepted
20260510_232418,201545,nominal,exporter,0001110,True,accepted
20260510_232418,201546,nominal,exporter,0000100,True,accepted
20260510_232418,201547,nominal,exporter,0100110,True,accepted
20260510_232418,201548,nominal,exporter,0111100,True,accepted
20260510_232418,201549,nominal,exporter,0000100,True,accepted
20260510_232418,201550,nominal,exporter,0001010,True,accepted
20260510_232418,201551,nominal,exporter,1110110,True,accepted
20260510_232418,201552,nominal,exporter,0001100,True,accepted
20260510_232418,201553,nominal,exporter,0111100,True,accepted
20260510_232418,201554,nominal,exporter,0100110,True,accepted
20260510_232418,201555,nominal,exporter,0000110,True,accepted
20260510_232418,201556,nominal,exporter,0000010,True,accepted
20260510_232418,201557,nominal,exporter,0110110,True,accepted
20260510_232418,201558,nominal,exporter,1111110,True,accepted
20260510_232418,201559,nominal,exporter,0001100,True,accepted
20260510_232418,201560,nominal,exporter,0101100,True,accepted
20260510_232418,201561,nominal,exporter,0000110,True,accepted
20260510_232418,201562,nominal,exporter,0100100,True,accepted
20260510_232418,201563,nominal,exporter,1100110,True,accepted
20260510_232418,201564,nominal,exporter,1101110,True,accepted
20260510_232418,201565,nominal,exporter,0001000,True,accepted
20260510_232418,201566,nominal,exporter,0000000,True,accepted
20260510_232418,201567,nominal,exporter,0110100,True,accepted
20260510_232418,201568,nominal,exporter,1111110,True,accepted
20260510_232418,201569,nominal,exporter,0001100,True,accepted
20260510_232418,201570,nominal,exporter,0000010,True,accepted
20260510_232418,201571,nominal,exporter,0110110,True,accepted
20260510_232418,201572,nominal,exporter,0101100,True,accepted
20260510_232418,201573,nominal,exporter,0000110,True,accepted
20260510_232418,201574,nominal,exporter,0001110,True,accepted
20260510_232418,201575,nominal,exporter,0111110,True,accepted
20260510_232418,201576,nominal,exporter,0000010,True,accepted
20260510_232418,201577,nominal,exporter,0110100,True,accepted
20260510_232418,201578,nominal,exporter,1101110,True,accepted
20260510_232418,201579,nominal,exporter,0001010,True,accepted
20260510_232418,201580,nominal,exporter,0100100,True,accepted
20260510_232418,201581,nominal,exporter,1101100,True,accepted
20260510_232418,201582,nominal,exporter,0101100,True,accepted
20260510_232418,201583,nominal,exporter,0001000,True,accepted
20260510_232418,201584,nominal,exporter,0101110,True,accepted
20260510_232418,201585,nominal,exporter,0000000,True,accepted
20260510_232418,201586,nominal,exporter,0001010,True,accepted
20260510_232418,201587,nominal,exporter,1110100,True,accepted
20260510_232418,201588,nominal,exporter,1100110,True,accepted
20260510_232418,201589,nominal,exporter,0100100,True,accepted
20260510_232418,201590,nominal,exporter,0001000,True,accepted
20260510_232418,201591,nominal,exporter,0101110,True,accepted
20260510_232418,201592,nominal,exporter,0001100,True,accepted
20260510_232418,201593,nominal,exporter,1111100,True,accepted
20260510_232418,201594,nominal,exporter,0111100,True,accepted
20260510_232418,201595,nominal,exporter,0000100,True,accepted
20260510_232418,201596,nominal,exporter,0000100,True,accepted
20260510_232418,201597,nominal,exporter,0100110,True,accepted
20260510_232418,201598,nominal,exporter,1100100,True,accepted
20260510_232418,201599,nominal,exporter,0001110,True,accepted
20260510_232418,201600,nominal,exporter,1101100,True,accepted
20260510_232418,201601,nominal,exporter,0100100,True,accepted
20260510_232418,201602,nominal,exporter,0001000,True,accepted
20260510_232418,201603,nominal,exporter,0101100,True,accepted
20260510_232418,201604,nominal,exporter,0110100,True,accepted
20260510_232418,201605,nominal,exporter,0000010,True,accepted
20260510_232418,201606,nominal,exporter,0001010,True,accepted
20260510_232418,201607,nominal,exporter,1101110,True,accepted
20260510_232418,201608,nominal,exporter,0000110,True,accepted
20260510_232418,201609,nominal,exporter,0101100,True,accepted
20260510_232418,201610,nominal,exporter,0111110,True,accepted
20260510_232418,201611,nominal,exporter,0001110,True,accepted
20260510_232418,201612,nominal,exporter,0001100,True,accepted
20260510_232418,201613,nominal,exporter,1111110,True,accepted
20260510_232418,201614,nominal,exporter,0110110,True,accepted
20260510_232418,201615,nominal,exporter,0000010,True,accepted
20260510_232418,201616,nominal,exporter,0100110,True,accepted
20260510_232418,201617,nominal,exporter,0000110,True,accepted
20260510_232418,201618,nominal,exporter,0001110,True,accepted
20260510_232418,201619,nominal,exporter,0111110,True,accepted
20260510_232418,201620,nominal,exporter,1111100,True,accepted
20260510_232418,201621,nominal,exporter,0001100,True,accepted
20260510_232418,201622,nominal,exporter,0000100,True,accepted
20260510_232418,201623,nominal,exporter,0111100,True,accepted
20260510_232418,201624,nominal,exporter,0100100,True,accepted
20260510_232418,201625,nominal,exporter,1100100,True,accepted
20260510_232418,201626,nominal,exporter,0101110,True,accepted
20260510_232418,201627,nominal,exporter,0001000,True,accepted
20260510_232418,201628,nominal,exporter,0000000,True,accepted
20260510_232418,201629,nominal,exporter,0101110,True,accepted
20260510_232418,201630,nominal,exporter,1110100,True,accepted
20260510_232418,201631,nominal,exporter,0001010,True,accepted
20260510_232418,201632,nominal,exporter,0000100,True,accepted
20260510_232418,201633,nominal,exporter,0110110,True,accepted
20260510_232418,201634,nominal,exporter,1110110,True,accepted
20260510_232418,201635,nominal,exporter,0001100,True,accepted
20260510_232418,201636,nominal,exporter,0001110,True,accepted
20260510_232418,201637,nominal,exporter,0111110,True,accepted
20260510_232418,201638,nominal,exporter,0100110,True,accepted
20260510_232418,201639,nominal,exporter,0000100,True,accepted
20260510_232418,201640,nominal,exporter,1101110,True,accepted
20260510_232418,201641,nominal,exporter,0001010,True,accepted
20260510_232418,201642,nominal,exporter,0000000,True,accepted
20260510_232418,201643,nominal,exporter,0101110,True,accepted
20260510_232418,201644,nominal,exporter,0101100,True,accepted
20260510_232418,201645,nominal,exporter,0001000,True,accepted
20260510_232418,201646,nominal,exporter,0001110,True,accepted
20260510_232418,201647,nominal,exporter,1100100,True,accepted
20260510_232418,201648,nominal,exporter,0001000,True,accepted
20260510_232418,201649,nominal,exporter,1101100,True,accepted
20260510_232418,201650,nominal,exporter,0110100,True,accepted
20260510_232418,201651,nominal,exporter,0000000,True,accepted
20260510_232418,201652,nominal,exporter,0000110,True,accepted
20260510_232418,201653,nominal,exporter,0101100,True,accepted
20260510_232418,201654,nominal,exporter,1100110,True,accepted
20260510_232418,201655,nominal,exporter,0100100,True,accepted
20260510_232418,201656,nominal,exporter,0110100,True,accepted
20260510_232418,201657,nominal,exporter,0000010,True,accepted
20260510_232418,201658,nominal,exporter,0001100,True,accepted
20260510_232418,201659,nominal,exporter,1111100,True,accepted
20260510_232418,201660,nominal,exporter,0111100,True,accepted
20260510_232418,201661,nominal,exporter,0001110,True,accepted
20260510_232418,201662,nominal,exporter,0000110,True,accepted
20260510_232418,201663,nominal,exporter,0100110,True,accepted
20260510_232418,201664,nominal,exporter,0001000,True,accepted
20260510_232418,201665,nominal,exporter,0101110,True,accepted
20260510_232418,201666,nominal,exporter,1100110,True,accepted
20260510_232418,201667,nominal,exporter,0100100,True,accepted
20260510_232418,201668,nominal,exporter,0001010,True,accepted
20260510_232418,201669,nominal,exporter,1110100,True,accepted
20260510_232418,201670,nominal,exporter,0101110,True,accepted
20260510_232418,201671,nominal,exporter,0000000,True,accepted
20260510_232418,201672,nominal,exporter,0111110,True,accepted
20260510_232418,201673,nominal,exporter,0001110,True,accepted
20260510_232418,201674,nominal,exporter,0000110,True,accepted
20260510_232418,201675,nominal,exporter,0100110,True,accepted
20260510_232418,201676,nominal,exporter,0111100,True,accepted
20260510_232418,201677,nominal,exporter,0000100,True,accepted
20260510_232418,201678,nominal,exporter,0001100,True,accepted
20260510_232418,201679,nominal,exporter,1110110,True,accepted
20260510_232418,201680,nominal,exporter,0001110,True,accepted
20260510_232418,201681,nominal,exporter,0111110,True,accepted
20260510_232418,201682,nominal,exporter,0101100,True,accepted
20260510_232418,201683,nominal,exporter,0000110,True,accepted
20260510_232418,201684,nominal,exporter,0000010,True,accepted
20260510_232418,201685,nominal,exporter,0110110,True,accepted
20260510_232418,201686,nominal,exporter,1111110,True,accepted
20260510_232418,201687,nominal,exporter,0001100,True,accepted
20260510_232418,201688,nominal,exporter,0101100,True,accepted
20260510_232418,201689,nominal,exporter,0001000,True,accepted
20260510_232418,201690,nominal,exporter,0100100,True,accepted
20260510_232418,201691,nominal,exporter,1101100,True,accepted
20260510_232418,201692,nominal,exporter,1101110,True,accepted
20260510_232418,201693,nominal,exporter,0001010,True,accepted
20260510_232418,201694,nominal,exporter,0000010,True,accepted
20260510_232418,201695,nominal,exporter,0110100,True,accepted
20260510_232418,201696,nominal,exporter,1111100,True,accepted
20260510_232418,201697,nominal,exporter,0001100,True,accepted
20260510_232418,201698,nominal,exporter,0000010,True,accepted
20260510_232418,201699,nominal,exporter,0110100,True,accepted
20260510_232418,201700,nominal,exporter,0100110,True,accepted
20260510_232418,201701,nominal,exporter,0000110,True,accepted
20260510_232418,201702,nominal,exporter,0001100,True,accepted
20260510_232418,201703,nominal,exporter,0111100,True,accepted
20260510_232418,201704,nominal,exporter,0000000,True,accepted
20260510_232418,201705,nominal,exporter,0101110,True,accepted
20260510_232418,201706,nominal,exporter,1101100,True,accepted
20260510_232418,201707,nominal,exporter,0001010,True,accepted
20260510_232418,201708,nominal,exporter,0100100,True,accepted
20260510_232418,201709,nominal,exporter,1100110,True,accepted
20260510_232418,201710,nominal,exporter,0101100,True,accepted
20260510_232418,201711,nominal,exporter,0000110,True,accepted
20260510_232418,201712,nominal,exporter,0101110,True,accepted
20260510_232418,201713,nominal,exporter,0000000,True,accepted
20260510_232418,201714,nominal,exporter,0001010,True,accepted
20260510_232418,201715,nominal,exporter,1101110,True,accepted
20260510_232418,201716,nominal,exporter,1100100,True,accepted
20260510_232418,201717,nominal,exporter,0001110,True,accepted
20260510_232418,201718,nominal,exporter,0001000,True,accepted
20260510_232418,201719,nominal,exporter,0101100,True,accepted
20260510_232418,201720,nominal,exporter,0001100,True,accepted
20260510_232418,201721,nominal,exporter,1110110,True,accepted
20260510_232418,201722,nominal,exporter,0110110,True,accepted
20260510_232418,201723,nominal,exporter,0000100,True,accepted
20260510_232418,201724,nominal,exporter,0000100,True,accepted
20260510_232418,201725,nominal,exporter,0100110,True,accepted
20260510_232418,201726,nominal,exporter,0111110,True,accepted
20260510_232418,201727,nominal,exporter,0001110,True,accepted
20260510_232418,201728,nominal,exporter,1100110,True,accepted
20260510_232418,201729,nominal,exporter,0100100,True,accepted
20260510_232418,201730,nominal,exporter,0000110,True,accepted
20260510_232418,201731,nominal,exporter,0101100,True,accepted
20260510_232418,201732,nominal,exporter,0110100,True,accepted
20260510_232418,201733,nominal,exporter,0000000,True,accepted
20260510_232418,201734,nominal,exporter,0001000,True,accepted
20260510_232418,201735,nominal,exporter,1101100,True,accepted
20260510_232418,201736,nominal,exporter,0000110,True,accepted
20260510_232418,201737,nominal,exporter,0100110,True,accepted
20260510_232418,201738,nominal,exporter,0111100,True,accepted
20260510_232418,201739,nominal,exporter,0001100,True,accepted
20260510_232418,201740,nominal,exporter,0001100,True,accepted
20260510_232418,201741,nominal,exporter,1111110,True,accepted
20260510_232418,201742,nominal,exporter,0110110,True,accepted
20260510_232418,201743,nominal,exporter,0000010,True,accepted
20260510_232418,201744,nominal,exporter,0100110,True,accepted
20260510_232418,201745,nominal,exporter,0000100,True,accepted
20260510_232418,201746,nominal,exporter,0001110,True,accepted
20260510_232418,201747,nominal,exporter,0111110,True,accepted
20260510_232418,201748,nominal,exporter,1110110,True,accepted
20260510_232418,201749,nominal,exporter,0001010,True,accepted
20260510_232418,201750,nominal,exporter,0000010,True,accepted
20260510_232418,201751,nominal,exporter,0111100,True,accepted
20260510_232418,201752,nominal,exporter,0001110,True,accepted
20260510_232418,201753,nominal,exporter,1100100,True,accepted
20260510_232418,201754,nominal,exporter,0101110,True,accepted
20260510_232418,201755,nominal,exporter,0001000,True,accepted
20260510_232418,201756,nominal,exporter,0000000,True,accepted
20260510_232418,201757,nominal,exporter,0101110,True,accepted
20260510_232418,201758,nominal,exporter,1101110,True,accepted
20260510_232418,201759,nominal,exporter,0001010,True,accepted
20260510_232418,201760,nominal,exporter,0000100,True,accepted
20260510_232418,201761,nominal,exporter,0111100,True,accepted
20260510_232418,201762,nominal,exporter,1111100,True,accepted
20260510_232418,201763,nominal,exporter,0001100,True,accepted
20260510_232418,201764,nominal,exporter,0001110,True,accepted
20260510_232418,201765,nominal,exporter,1100100,True,accepted
20260510_232418,201766,nominal,exporter,0100110,True,accepted
20260510_232418,201767,nominal,exporter,0000100,True,accepted
20260510_232418,201768,nominal,exporter,1110100,True,accepted
20260510_232418,201769,nominal,exporter,0001010,True,accepted
20260510_232418,201770,nominal,exporter,0000000,True,accepted
20260510_232418,201771,nominal,exporter,0101110,True,accepted
20260510_232418,201772,nominal,exporter,0101110,True,accepted
20260510_232418,201773,nominal,exporter,0001000,True,accepted
20260510_232418,201774,nominal,exporter,0100100,True,accepted
20260510_232418,201775,nominal,exporter,1100110,True,accepted
20260510_232418,201776,nominal,exporter,0001010,True,accepted
20260510_232418,201777,nominal,exporter,1101110,True,accepted
20260510_232418,201778,nominal,exporter,0110100,True,accepted
20260510_232418,201779,nominal,exporter,0000010,True,accepted
20260510_232418,201780,nominal,exporter,0000110,True,accepted
20260510_232418,201781,nominal,exporter,0101100,True,accepted
20260510_232418,201782,nominal,exporter,1101100,True,accepted
20260510_232418,201783,nominal,exporter,0100100,True,accepted
20260510_232418,201784,nominal,exporter,0110110,True,accepted
20260510_232418,201785,nominal,exporter,0000010,True,accepted
20260510_232418,201786,nominal,exporter,0001100,True,accepted
20260510_232418,201787,nominal,exporter,1111110,True,accepted
20260510_232418,201788,nominal,exporter,0111110,True,accepted
20260510_232418,201789,nominal,exporter,0001110,True,accepted
20260510_232418,201790,nominal,exporter,0000110,True,accepted
20260510_232418,201791,nominal,exporter,0101100,True,accepted
20260510_232418,201792,nominal,exporter,0101100,True,accepted
20260510_232418,201793,nominal,exporter,0001000,True,accepted
20260510_232418,201794,nominal,exporter,0001110,True,accepted
20260510_232418,201795,nominal,exporter,1100100,True,accepted
20260510_232418,201796,nominal,exporter,1101110,True,accepted
20260510_232418,201797,nominal,exporter,0001010,True,accepted
20260510_232418,201798,nominal,exporter,0000000,True,accepted
20260510_232418,201799,nominal,exporter,0101110,True,accepted
20260510_232418,201800,nominal,exporter,0001110,True,accepted
20260510_232418,201801,nominal,exporter,0111110,True,accepted
20260510_232418,201802,nominal,exporter,0100110,True,accepted
20260510_232418,201803,nominal,exporter,0000100,True,accepted
20260510_232418,201804,nominal,exporter,0000100,True,accepted
20260510_232418,201805,nominal,exporter,0110110,True,accepted
20260510_232418,201806,nominal,exporter,1110110,True,accepted
20260510_232418,201807,nominal,exporter,0001010,True,accepted
20260510_232418,201808,nominal,exporter,0111100,True,accepted
20260510_232418,201809,nominal,exporter,0001110,True,accepted
20260510_232418,201810,nominal,exporter,0000110,True,accepted
20260510_232418,201811,nominal,exporter,0100110,True,accepted
20260510_232418,201812,nominal,exporter,0110100,True,accepted
20260510_232418,201813,nominal,exporter,0000010,True,accepted
20260510_232418,201814,nominal,exporter,0001100,True,accepted
20260510_232418,201815,nominal,exporter,1111100,True,accepted
20260510_232418,201816,nominal,exporter,0000110,True,accepted
20260510_232418,201817,nominal,exporter,0101100,True,accepted
20260510_232418,201818,nominal,exporter,1100110,True,accepted
20260510_232418,201819,nominal,exporter,0100100,True,accepted
20260510_232418,201820,nominal,exporter,0001010,True,accepted
20260510_232418,201821,nominal,exporter,1101100,True,accepted
20260510_232418,201822,nominal,exporter,0101110,True,accepted
20260510_232418,201823,nominal,exporter,0000000,True,accepted
20260510_232418,201824,nominal,exporter,0001100,True,accepted
20260510_232418,201825,nominal,exporter,1111110,True,accepted
20260510_232418,201826,nominal,exporter,0110110,True,accepted
20260510_232418,201827,nominal,exporter,0000010,True,accepted
20260510_232418,201828,nominal,exporter,0000110,True,accepted
20260510_232418,201829,nominal,exporter,0101100,True,accepted
20260510_232418,201830,nominal,exporter,0111110,True,accepted
20260510_232418,201831,nominal,exporter,0001110,True,accepted
20260510_232418,201832,nominal,exporter,0110100,True,accepted
20260510_232418,201833,nominal,exporter,0000010,True,accepted
20260510_232418,201834,nominal,exporter,0001010,True,accepted
20260510_232418,201835,nominal,exporter,1101110,True,accepted
20260510_232418,201836,nominal,exporter,1101100,True,accepted
20260510_232418,201837,nominal,exporter,0100100,True,accepted
20260510_232418,201838,nominal,exporter,0001000,True,accepted
20260510_232418,201839,nominal,exporter,0101100,True,accepted
20260510_232418,201840,nominal,exporter,0000000,True,accepted
20260510_232418,201841,nominal,exporter,0101110,True,accepted
20260510_232418,201842,nominal,exporter,1110100,True,accepted
20260510_232418,201843,nominal,exporter,0001010,True,accepted
20260510_232418,201844,nominal,exporter,0100100,True,accepted
20260510_232418,201845,nominal,exporter,1100110,True,accepted
20260510_232418,201846,nominal,exporter,0101110,True,accepted
20260510_232418,201847,nominal,exporter,0001000,True,accepted
20260510_232418,201848,nominal,exporter,1110110,True,accepted
20260510_232418,201849,nominal,exporter,0001100,True,accepted
20260510_232418,201850,nominal,exporter,0000100,True,accepted
20260510_232418,201851,nominal,exporter,0111100,True,accepted
20260510_232418,201852,nominal,exporter,0100110,True,accepted
20260510_232418,201853,nominal,exporter,0000110,True,accepted
20260510_232418,201854,nominal,exporter,0001110,True,accepted
20260510_232418,201855,nominal,exporter,0111110,True,accepted
20260510_232418,201856,nominal,exporter,0100100,True,accepted
20260510_232418,201857,nominal,exporter,1101100,True,accepted
20260510_232418,201858,nominal,exporter,0101100,True,accepted
20260510_232418,201859,nominal,exporter,0000110,True,accepted
20260510_232418,201860,nominal,exporter,0000010,True,accepted
20260510_232418,201861,nominal,exporter,0110100,True,accepted
20260510_232418,201862,nominal,exporter,1101110,True,accepted
20260510_232418,201863,nominal,exporter,0001010,True,accepted
20260510_232418,201864,nominal,exporter,0101100,True,accepted
20260510_232418,201865,nominal,exporter,0000110,True,accepted
20260510_232418,201866,nominal,exporter,0001110,True,accepted
20260510_232418,201867,nominal,exporter,0111110,True,accepted
20260510_232418,201868,nominal,exporter,1111110,True,accepted
20260510_232418,201869,nominal,exporter,0001100,True,accepted
20260510_232418,201870,nominal,exporter,0000010,True,accepted
20260510_232418,201871,nominal,exporter,0110110,True,accepted
20260510_232418,201872,nominal,exporter,0000100,True,accepted
20260510_232418,201873,nominal,exporter,0100110,True,accepted
20260510_232418,201874,nominal,exporter,0111110,True,accepted
20260510_232418,201875,nominal,exporter,0001110,True,accepted
20260510_232418,201876,nominal,exporter,0001100,True,accepted
20260510_232418,201877,nominal,exporter,1111100,True,accepted
20260510_232418,201878,nominal,exporter,0111100,True,accepted
20260510_232418,201879,nominal,exporter,0000100,True,accepted
20260510_232418,201880,nominal,exporter,1100110,True,accepted
20260510_232418,201881,nominal,exporter,0001110,True,accepted
20260510_232418,201882,nominal,exporter,0001000,True,accepted
20260510_232418,201883,nominal,exporter,0101110,True,accepted
20260510_232418,201884,nominal,exporter,0101110,True,accepted
20260510_232418,201885,nominal,exporter,0000000,True,accepted
20260510_232418,201886,nominal,exporter,0001010,True,accepted
20260510_232418,201887,nominal,exporter,1110100,True,accepted
20260510_232418,201888,nominal,exporter,0110110,True,accepted
20260510_232418,201889,nominal,exporter,0000010,True,accepted
20260510_232418,201890,nominal,exporter,0001010,True,accepted
20260510_232418,201891,nominal,exporter,1110110,True,accepted
20260510_232418,201892,nominal,exporter,0111110,True,accepted
20260510_232418,201893,nominal,exporter,0001110,True,accepted
20260510_232418,201894,nominal,exporter,0000100,True,accepted
20260510_232418,201895,nominal,exporter,0100110,True,accepted
20260510_232418,201896,nominal,exporter,0001010,True,accepted
20260510_232418,201897,nominal,exporter,1110100,True,accepted
20260510_232418,201898,nominal,exporter,0101110,True,accepted
20260510_232418,201899,nominal,exporter,0000000,True,accepted
20260510_232418,201900,nominal,exporter,0001000,True,accepted
20260510_232418,201901,nominal,exporter,0101110,True,accepted
20260510_232418,201902,nominal,exporter,1100100,True,accepted
20260510_232418,201903,nominal,exporter,0001110,True,accepted
20260510_232418,201904,nominal,exporter,1101100,True,accepted
20260510_232418,201905,nominal,exporter,0001000,True,accepted
20260510_232418,201906,nominal,exporter,0000000,True,accepted
20260510_232418,201907,nominal,exporter,0110100,True,accepted
20260510_232418,201908,nominal,exporter,0101100,True,accepted
20260510_232418,201909,nominal,exporter,0000110,True,accepted
20260510_232418,201910,nominal,exporter,0100100,True,accepted
20260510_232418,201911,nominal,exporter,1100110,True,accepted
20260510_232418,201912,nominal,exporter,0000010,True,accepted
20260510_232418,201913,nominal,exporter,0110110,True,accepted
20260510_232418,201914,nominal,exporter,1111110,True,accepted
20260510_232418,201915,nominal,exporter,0001100,True,accepted
20260510_232418,201916,nominal,exporter,0001100,True,accepted
20260510_232418,201917,nominal,exporter,0111100,True,accepted
20260510_232418,201918,nominal,exporter,0100110,True,accepted
20260510_232418,201919,nominal,exporter,0000110,True,accepted
20260510_232418,201920,nominal,exporter,0101110,True,accepted
20260510_232418,201921,nominal,exporter,0001000,True,accepted
20260510_232418,201922,nominal,exporter,0100100,True,accepted
20260510_232418,201923,nominal,exporter,1100110,True,accepted
20260510_232418,201924,nominal,exporter,1110100,True,accepted
20260510_232418,201925,nominal,exporter,0001010,True,accepted
20260510_232418,201926,nominal,exporter,0000000,True,accepted
20260510_232418,201927,nominal,exporter,0101110,True,accepted
20260510_232418,201928,nominal,exporter,0001110,True,accepted
20260510_232418,201929,nominal,exporter,1100100,True,accepted
20260510_232418,201930,nominal,exporter,0100110,True,accepted
20260510_232418,201931,nominal,exporter,0000100,True,accepted
20260510_232418,201932,nominal,exporter,0000100,True,accepted
20260510_232418,201933,nominal,exporter,0111100,True,accepted
20260510_232418,201934,nominal,exporter,1111100,True,accepted
20260510_232418,201935,nominal,exporter,0001100,True,accepted
20260510_232418,201936,nominal,exporter,0111110,True,accepted
20260510_232418,201937,nominal,exporter,0001110,True,accepted
20260510_232418,201938,nominal,exporter,0000110,True,accepted
20260510_232418,201939,nominal,exporter,0101100,True,accepted
20260510_232418,201940,nominal,exporter,0110110,True,accepted
20260510_232418,201941,nominal,exporter,0000010,True,accepted
20260510_232418,201942,nominal,exporter,0001100,True,accepted
20260510_232418,201943,nominal,exporter,1111110,True,accepted
20260510_232418,201944,nominal,exporter,0001000,True,accepted
20260510_232418,201945,nominal,exporter,0101100,True,accepted
20260510_232418,201946,nominal,exporter,1101100,True,accepted
20260510_232418,201947,nominal,exporter,0100100,True,accepted
20260510_232418,201948,nominal,exporter,0001010,True,accepted
20260510_232418,201949,nominal,exporter,1101110,True,accepted
20260510_232418,201950,nominal,exporter,0110100,True,accepted
20260510_232418,201951,nominal,exporter,0000010,True,accepted
20260510_232418,201952,nominal,exporter,0001100,True,accepted
20260510_232418,201953,nominal,exporter,1111110,True,accepted
20260510_232418,201954,nominal,exporter,0110110,True,accepted
20260510_232418,201955,nominal,exporter,0000010,True,accepted
20260510_232418,201956,nominal,exporter,0000110,True,accepted
20260510_232418,201957,nominal,exporter,0100110,True,accepted
20260510_232418,201958,nominal,exporter,0111100,True,accepted
20260510_232418,201959,nominal,exporter,0001100,True,accepted
20260510_232418,201960,nominal,exporter,0110100,True,accepted
20260510_232418,201961,nominal,exporter,0000000,True,accepted
20260510_232418,201962,nominal,exporter,0001000,True,accepted
20260510_232418,201963,nominal,exporter,1101110,True,accepted
20260510_232418,201964,nominal,exporter,1100110,True,accepted
20260510_232418,201965,nominal,exporter,0100100,True,accepted
20260510_232418,201966,nominal,exporter,0000110,True,accepted
20260510_232418,201967,nominal,exporter,0101100,True,accepted
20260510_232418,201968,nominal,exporter,0000000,True,accepted
20260510_232418,201969,nominal,exporter,0101110,True,accepted
20260510_232418,201970,nominal,exporter,1101110,True,accepted
20260510_232418,201971,nominal,exporter,0001010,True,accepted
20260510_232418,201972,nominal,exporter,0001110,True,accepted
20260510_232418,201973,nominal,exporter,1100100,True,accepted
20260510_232418,201974,nominal,exporter,0101110,True,accepted
20260510_232418,201975,nominal,exporter,0001000,True,accepted
20260510_232418,201976,nominal,exporter,1110110,True,accepted
20260510_232418,201977,nominal,exporter,0001010,True,accepted
20260510_232418,201978,nominal,exporter,0000100,True,accepted
20260510_232418,201979,nominal,exporter,0111100,True,accepted
20260510_232418,201980,nominal,exporter,0100110,True,accepted
20260510_232418,201981,nominal,exporter,0000100,True,accepted
20260510_232418,201982,nominal,exporter,0001110,True,accepted
20260510_232418,201983,nominal,exporter,0111110,True,accepted
20260510_232418,201984,nominal,exporter,0100100,True,accepted
20260510_232418,201985,nominal,exporter,1100110,True,accepted
20260510_232418,201986,nominal,exporter,0101100,True,accepted
20260510_232418,201987,nominal,exporter,0000110,True,accepted
20260510_232418,201988,nominal,exporter,0000010,True,accepted
20260510_232418,201989,nominal,exporter,0110100,True,accepted
20260510_232418,201990,nominal,exporter,1101100,True,accepted
20260510_232418,201991,nominal,exporter,0001000,True,accepted
20260510_232418,201992,nominal,exporter,0100110,True,accepted
20260510_232418,201993,nominal,exporter,0000110,True,accepted
20260510_232418,201994,nominal,exporter,0001110,True,accepted
20260510_232418,201995,nominal,exporter,0111100,True,accepted
20260510_232418,201996,nominal,exporter,1111100,True,accepted
20260510_232418,201997,nominal,exporter,0001100,True,accepted
20260510_232418,201998,nominal,exporter,0000010,True,accepted
20260510_232418,201999,nominal,exporter,0110110,True,accepted
20260510_232418,202000,nominal,exporter,0000100,True,accepted
20260510_232418,202001,nominal,exporter,0100110,True,accepted
20260510_232418,202002,nominal,exporter,0111110,True,accepted
20260510_232418,202003,nominal,exporter,0001110,True,accepted
20260510_232418,202004,nominal,exporter,0001100,True,accepted
20260510_232418,202005,nominal,exporter,1110110,True,accepted
20260510_232418,202006,nominal,exporter,0110110,True,accepted
20260510_232418,202007,nominal,exporter,0000100,True,accepted
20260510_232418,202008,nominal,exporter,1100100,True,accepted
20260510_232418,202009,nominal,exporter,0001110,True,accepted
20260510_232418,202010,nominal,exporter,0001000,True,accepted
20260510_232418,202011,nominal,exporter,0101100,True,accepted
20260510_232418,202012,nominal,exporter,0101110,True,accepted
20260510_232418,202013,nominal,exporter,0000000,True,accepted
20260510_232418,202014,nominal,exporter,0001010,True,accepted
20260510_232418,202015,nominal,exporter,1101110,True,accepted
20260510_232418,202016,nominal,exporter,0111100,True,accepted
20260510_232418,202017,nominal,exporter,0000100,True,accepted
20260510_232418,202018,nominal,exporter,0001100,True,accepted
20260510_232418,202019,nominal,exporter,1111100,True,accepted
20260510_232418,202020,nominal,exporter,0111110,True,accepted
20260510_232418,202021,nominal,exporter,0001110,True,accepted
20260510_232418,202022,nominal,exporter,0000110,True,accepted
20260510_232418,202023,nominal,exporter,0100110,True,accepted
20260510_232418,301024,nominal,processor,,False,conditional_h_C_interval_empty
20260510_232418,301025,nominal,processor,0001011,True,accepted
20260510_232418,301026,nominal,processor,0000011,True,accepted
20260510_232418,301027,nominal,processor,0111100,True,accepted
20260510_232418,301028,nominal,processor,0101101,True,accepted
20260510_232418,301029,nominal,processor,0000111,True,accepted
20260510_232418,301030,nominal,processor,0001110,True,accepted
20260510_232418,301031,nominal,processor,,False,conditional_h_C_interval_empty
20260510_232418,301032,nominal,processor,0000000,True,accepted
20260510_232418,301033,nominal,processor,0101111,True,accepted
20260510_232418,301034,nominal,processor,1110110,True,accepted
20260510_232418,301035,nominal,processor,0001100,True,accepted
20260510_232418,301036,nominal,processor,0100101,True,accepted
20260510_232418,301037,nominal,processor,1100111,True,accepted
20260510_232418,301038,nominal,processor,0101100,True,accepted
20260510_232418,301039,nominal,processor,,False,conditional_h_C_interval_empty
20260510_232418,301040,nominal,processor,,False,conditional_h_C_interval_empty
20260510_232418,301041,nominal,processor,0000010,True,accepted
20260510_232418,301042,nominal,processor,0001100,True,accepted
20260510_232418,301043,nominal,processor,1111111,True,accepted
20260510_232418,301044,nominal,processor,1100110,True,accepted
20260510_232418,301045,nominal,processor,0001111,True,accepted
20260510_232418,301046,nominal,processor,0000101,True,accepted
20260510_232418,301047,nominal,processor,,False,conditional_h_C_interval_empty
20260510_232418,301048,nominal,processor,0001001,True,accepted
20260510_232418,301049,nominal,processor,1101110,True,accepted
20260510_232418,301050,nominal,processor,0110110,True,accepted
20260510_232418,301051,nominal,processor,0000011,True,accepted
20260510_232418,301052,nominal,processor,0001001,True,accepted
20260510_232418,301053,nominal,processor,0101101,True,accepted
20260510_232418,301054,nominal,processor,0111111,True,accepted
20260510_232418,301055,nominal,processor,,False,conditional_h_C_interval_empty
20260510_232418,301056,nominal,processor,,False,conditional_h_C_interval_empty
20260510_232418,301057,nominal,processor,0100110,True,accepted
20260510_232418,301058,nominal,processor,1100100,True,accepted
20260510_232418,301059,nominal,processor,0100100,True,accepted
20260510_232418,301060,nominal,processor,0001101,True,accepted
20260510_232418,301061,nominal,processor,1111110,True,accepted
20260510_232418,301062,nominal,processor,0110101,True,accepted
20260510_232418,301063,nominal,processor,0000001,True,accepted
20260510_232418,301064,nominal,processor,,False,conditional_h_C_interval_empty
20260510_232418,301065,nominal,processor,0001111,True,accepted
20260510_232418,301066,nominal,processor,0001000,True,accepted
20260510_232418,301067,nominal,processor,0101110,True,accepted
20260510_232418,301068,nominal,processor,0110111,True,accepted
20260510_232418,301069,nominal,processor,0000010,True,accepted
20260510_232418,301070,nominal,processor,0001010,True,accepted
20260510_232418,301071,nominal,processor,,False,conditional_h_C_interval_empty
20260510_232418,301072,nominal,processor,,False,conditional_h_C_interval_empty
20260510_232418,301073,nominal,processor,0111110,True,accepted
20260510_232418,301074,nominal,processor,0101100,True,accepted
20260510_232418,301075,nominal,processor,0001000,True,accepted
20260510_232418,301076,nominal,processor,0000100,True,accepted
20260510_232418,301077,nominal,processor,0110111,True,accepted
20260510_232418,301078,nominal,processor,1110100,True,accepted
20260510_232418,301079,nominal,processor,0001010,True,accepted
20260510_232418,301080,nominal,processor,,False,conditional_h_C_interval_empty
20260510_232418,301081,nominal,processor,0000111,True,accepted
20260510_232418,301082,nominal,processor,0100101,True,accepted
20260510_232418,301083,nominal,processor,1101101,True,accepted
20260510_232418,301084,nominal,processor,1110111,True,accepted
20260510_232418,301085,nominal,processor,0001011,True,accepted
20260510_232418,301086,nominal,processor,0000000,True,accepted
20260510_232418,301087,nominal,processor,,False,conditional_h_C_interval_empty
20260510_232418,301088,nominal,processor,,False,conditional_h_C_interval_empty
20260510_232418,301089,nominal,processor,0110110,True,accepted
20260510_232418,301090,nominal,processor,1101101,True,accepted
20260510_232418,301091,nominal,processor,0001010,True,accepted
20260510_232418,301092,nominal,processor,0001111,True,accepted
20260510_232418,301093,nominal,processor,0111111,True,accepted
20260510_232418,301094,nominal,processor,0101110,True,accepted
20260510_232418,301095,nominal,processor,,False,conditional_h_C_interval_empty
20260510_232418,301096,nominal,processor,,False,conditional_h_C_interval_empty
20260510_232418,301097,nominal,processor,0001101,True,accepted
20260510_232418,301098,nominal,processor,0000001,True,accepted
20260510_232418,301099,nominal,processor,0110100,True,accepted
20260510_232418,301100,nominal,processor,0100111,True,accepted
20260510_232418,301101,nominal,processor,0000101,True,accepted
20260510_232418,301102,nominal,processor,0100100,True,accepted
20260510_232418,301103,nominal,processor,,False,conditional_h_C_interval_empty
20260510_232418,301104,nominal,processor,,False,conditional_h_C_interval_empty
20260510_232418,301105,nominal,processor,1111100,True,accepted
20260510_232418,301106,nominal,processor,0101111,True,accepted
20260510_232418,301107,nominal,processor,0000001,True,accepted
20260510_232418,301108,nominal,processor,0000110,True,accepted
20260510_232418,301109,nominal,processor,0100111,True,accepted
20260510_232418,301110,nominal,processor,1101100,True,accepted
20260510_232418,301111,nominal,processor,0100100,True,accepted
20260510_232418,301112,nominal,processor,,False,conditional_h_C_interval_empty
20260510_232418,301113,nominal,processor,0000101,True,accepted
20260510_232418,301114,nominal,processor,0001010,True,accepted
20260510_232418,301115,nominal,processor,1110101,True,accepted
20260510_232418,301116,nominal,processor,0111110,True,accepted
20260510_232418,301117,nominal,processor,0001101,True,accepted
20260510_232418,301118,nominal,processor,0000111,True,accepted
20260510_232418,301119,nominal,processor,,False,conditional_h_C_interval_empty
20260510_232418,301120,nominal,processor,,False,conditional_h_C_interval_empty
20260510_232418,301121,nominal,processor,0100101,True,accepted
20260510_232418,301122,nominal,processor,0000110,True,accepted
20260510_232418,301123,nominal,processor,0101100,True,accepted
20260510_232418,301124,nominal,processor,0101111,True,accepted
20260510_232418,301125,nominal,processor,0000000,True,accepted
20260510_232418,301126,nominal,processor,0001100,True,accepted
20260510_232418,301127,nominal,processor,,False,conditional_h_C_interval_empty
20260510_232418,301128,nominal,processor,0000111,True,accepted
20260510_232418,301129,nominal,processor,0101101,True,accepted
20260510_232418,301130,nominal,processor,0111101,True,accepted
20260510_232418,301131,nominal,processor,0001110,True,accepted
20260510_232418,301132,nominal,processor,0001011,True,accepted
20260510_232418,301133,nominal,processor,1101111,True,accepted
20260510_232418,301134,nominal,processor,0111100,True,accepted
20260510_232418,301135,nominal,processor,0000100,True,accepted
20260510_232418,301136,nominal,processor,,False,conditional_h_C_interval_empty
20260510_232418,301137,nominal,processor,0001001,True,accepted
20260510_232418,301138,nominal,processor,0001111,True,accepted
20260510_232418,301139,nominal,processor,1100100,True,accepted
20260510_232418,301140,nominal,processor,1101110,True,accepted
20260510_232418,301141,nominal,processor,0001001,True,accepted
20260510_232418,301142,nominal,processor,0000011,True,accepted
20260510_232418,301143,nominal,processor,,False,conditional_h_C_interval_empty
20260510_232418,301144,nominal,processor,0001111,True,accepted
20260510_232418,301145,nominal,processor,1100110,True,accepted
20260510_232418,301146,nominal,processor,0100110,True,accepted
20260510_232418,301147,nominal,processor,0000110,True,accepted
20260510_232418,301148,nominal,processor,0000010,True,accepted
20260510_232418,301149,nominal,processor,0110100,True,accepted
20260510_232418,301150,nominal,processor,1111110,True,accepted
20260510_232418,301151,nominal,processor,,False,conditional_h_C_interval_empty
20260510_232418,301152,nominal,processor,,False,conditional_h_C_interval_empty
20260510_232418,301153,nominal,processor,0001011,True,accepted
20260510_232418,301154,nominal,processor,0000100,True,accepted
20260510_232418,301155,nominal,processor,0111100,True,accepted
20260510_232418,301156,nominal,processor,0101100,True,accepted
20260510_232418,301157,nominal,processor,0001000,True,accepted
20260510_232418,301158,nominal,processor,0001101,True,accepted
20260510_232418,301159,nominal,processor,,False,conditional_h_C_interval_empty
20260510_232418,301160,nominal,processor,0000001,True,accepted
20260510_232418,301161,nominal,processor,0101111,True,accepted
20260510_232418,301162,nominal,processor,1111101,True,accepted
20260510_232418,301163,nominal,processor,0001100,True,accepted
20260510_232418,301164,nominal,processor,0100100,True,accepted
20260510_232418,301165,nominal,processor,1101100,True,accepted
20260510_232418,301166,nominal,processor,0100111,True,accepted
20260510_232418,301167,nominal,processor,,False,conditional_h_C_interval_empty
20260510_232418,301168,nominal,processor,,False,conditional_h_C_interval_empty
20260510_232418,301169,nominal,processor,0000001,True,accepted
20260510_232418,301170,nominal,processor,0001101,True,accepted
20260510_232418,301171,nominal,processor,1111101,True,accepted
20260510_232418,301172,nominal,processor,1100101,True,accepted
20260510_232418,301173,nominal,processor,0100100,True,accepted
20260510_232418,301174,nominal,processor,0000101,True,accepted
20260510_232418,301175,nominal,processor,,False,conditional_h_C_interval_empty
20260510_232418,301176,nominal,processor,0001010,True,accepted
20260510_232418,301177,nominal,processor,1101101,True,accepted
20260510_232418,301178,nominal,processor,0110110,True,accepted
20260510_232418,301179,nominal,processor,0000010,True,accepted
20260510_232418,301180,nominal,processor,0001000,True,accepted
20260510_232418,301181,nominal,processor,0101110,True,accepted
20260510_232418,301182,nominal,processor,0111111,True,accepted
20260510_232418,301183,nominal,processor,,False,conditional_h_C_interval_empty
20260510_232418,301184,nominal,processor,,False,conditional_h_C_interval_empty
20260510_232418,301185,nominal,processor,0100110,True,accepted
20260510_232418,301186,nominal,processor,1100110,True,accepted
20260510_232418,301187,nominal,processor,0001111,True,accepted
20260510_232418,301188,nominal,processor,0001100,True,accepted
20260510_232418,301189,nominal,processor,1111111,True,accepted
20260510_232418,301190,nominal,processor,0101111,True,accepted
20260510_232418,301191,nominal,processor,0000010,True,accepted
20260510_232418,301192,nominal,processor,1100100,True,accepted
20260510_232418,301193,nominal,processor,0001110,True,accepted
20260510_232418,301194,nominal,processor,0001001,True,accepted
20260510_232418,301195,nominal,processor,0101110,True,accepted
20260510_232418,301196,nominal,processor,0110101,True,accepted
20260510_232418,301197,nominal,processor,0000011,True,accepted
20260510_232418,301198,nominal,processor,0001001,True,accepted
20260510_232418,301199,nominal,processor,,False,conditional_h_C_interval_empty
20260510_232418,301200,nominal,processor,,False,conditional_h_C_interval_empty
20260510_232418,301201,nominal,processor,0111101,True,accepted
20260510_232418,301202,nominal,processor,0101101,True,accepted
20260510_232418,301203,nominal,processor,0000111,True,accepted
20260510_232418,301204,nominal,processor,0000100,True,accepted
20260510_232418,301205,nominal,processor,0111101,True,accepted
20260510_232418,301206,nominal,processor,1101111,True,accepted
20260510_232418,301207,nominal,processor,0001011,True,accepted
20260510_232418,301208,nominal,processor,,False,conditional_h_C_interval_empty
20260510_232418,301209,nominal,processor,0000110,True,accepted
20260510_232418,301210,nominal,processor,0100101,True,accepted
20260510_232418,301211,nominal,processor,1100111,True,accepted
20260510_232418,301212,nominal,processor,1110110,True,accepted
20260510_232418,301213,nominal,processor,0001100,True,accepted
20260510_232418,301214,nominal,processor,0000000,True,accepted
20260510_232418,301215,nominal,processor,,False,conditional_h_C_interval_empty
20260510_232418,301216,nominal,processor,,False,conditional_h_C_interval_empty
20260510_232418,301217,nominal,processor,0110110,True,accepted
20260510_232418,301218,nominal,processor,1101110,True,accepted
20260510_232418,301219,nominal,processor,0001010,True,accepted
20260510_232418,301220,nominal,processor,0001110,True,accepted
20260510_232418,301221,nominal,processor,0111111,True,accepted
20260510_232418,301222,nominal,processor,0101101,True,accepted
20260510_232418,301223,nominal,processor,0001001,True,accepted
20260510_232418,301224,nominal,processor,,False,conditional_h_C_interval_empty
20260510_232418,301225,nominal,processor,0001101,True,accepted
20260510_232418,301226,nominal,processor,0000010,True,accepted
20260510_232418,301227,nominal,processor,0110100,True,accepted
20260510_232418,301228,nominal,processor,0100110,True,accepted
20260510_232418,301229,nominal,processor,0000101,True,accepted
20260510_232418,301230,nominal,processor,0001111,True,accepted
20260510_232418,301231,nominal,processor,,False,conditional_h_C_interval_empty
20260510_232418,301232,nominal,processor,0001100,True,accepted
20260510_232418,301233,nominal,processor,1110110,True,accepted
20260510_232418,301234,nominal,processor,0101111,True,accepted
20260510_232418,301235,nominal,processor,0000000,True,accepted
20260510_232418,301236,nominal,processor,0000110,True,accepted
20260510_232418,301237,nominal,processor,0101100,True,accepted
20260510_232418,301238,nominal,processor,1100111,True,accepted
20260510_232418,301239,nominal,processor,0100101,True,accepted
20260510_232418,301240,nominal,processor,,False,conditional_h_C_interval_empty
20260510_232418,301241,nominal,processor,0000100,True,accepted
20260510_232418,301242,nominal,processor,0001011,True,accepted
20260510_232418,301243,nominal,processor,1101111,True,accepted
20260510_232418,301244,nominal,processor,0111101,True,accepted
20260510_232418,301245,nominal,processor,0001110,True,accepted
20260510_232418,301246,nominal,processor,0000111,True,accepted
20260510_232418,301247,nominal,processor,,False,conditional_h_C_interval_empty
20260510_232418,301248,nominal,processor,,False,conditional_h_C_interval_empty
20260510_232418,301249,nominal,processor,0100101,True,accepted
20260510_232418,301250,nominal,processor,0000111,True,accepted
20260510_232418,301251,nominal,processor,0100111,True,accepted
20260510_232418,301252,nominal,processor,0101110,True,accepted
20260510_232418,301253,nominal,processor,0000000,True,accepted
20260510_232418,301254,nominal,processor,0001011,True,accepted
20260510_232418,301255,nominal,processor,,False,conditional_h_C_interval_empty
20260510_232418,301256,nominal,processor,0001000,True,accepted
20260510_232418,301257,nominal,processor,0101100,True,accepted
20260510_232418,301258,nominal,processor,0111110,True,accepted
20260510_232418,301259,nominal,processor,0001101,True,accepted
20260510_232418,301260,nominal,processor,0001010,True,accepted
20260510_232418,301261,nominal,processor,1110100,True,accepted
20260510_232418,301262,nominal,processor,0110111,True,accepted
20260510_232418,301263,nominal,processor,,False,conditional_h_C_interval_empty
20260510_232418,301264,nominal,processor,,False,conditional_h_C_interval_empty
20260510_232418,301265,nominal,processor,0001000,True,accepted
20260510_232418,301266,nominal,processor,0001111,True,accepted
20260510_232418,301267,nominal,processor,0111111,True,accepted
20260510_232418,301268,nominal,processor,1101101,True,accepted
20260510_232418,301269,nominal,processor,0001010,True,accepted
20260510_232418,301270,nominal,processor,0000011,True,accepted
20260510_232418,301271,nominal,processor,0110111,True,accepted
20260510_232418,301272,nominal,processor,,False,conditional_h_C_interval_empty
20260510_232418,301273,nominal,processor,1100100,True,accepted
20260510_232418,301274,nominal,processor,0100110,True,accepted
20260510_232418,301275,nominal,processor,0000101,True,accepted
20260510_232418,301276,nominal,processor,0000001,True,accepted
20260510_232418,301277,nominal,processor,0110101,True,accepted
20260510_232418,301278,nominal,processor,1111110,True,accepted
20260510_232418,301279,nominal,processor,,False,conditional_h_C_interval_empty
20260510_232418,301280,nominal,processor,,False,conditional_h_C_interval_empty
20260510_232418,301281,nominal,processor,1101111,True,accepted
20260510_232418,301282,nominal,processor,0111101,True,accepted
20260510_232418,301283,nominal,processor,0000100,True,accepted
20260510_232418,301284,nominal,processor,0000111,True,accepted
20260510_232418,301285,nominal,processor,0101101,True,accepted
20260510_232418,301286,nominal,processor,0111101,True,accepted
20260510_232418,301287,nominal,processor,,False,conditional_h_C_interval_empty
20260510_232418,301288,nominal,processor,,False,conditional_h_C_interval_empty
20260510_232418,301289,nominal,processor,0000000,True,accepted
20260510_232418,301290,nominal,processor,0001100,True,accepted
20260510_232418,301291,nominal,processor,1110111,True,accepted
20260510_232418,301292,nominal,processor,1100111,True,accepted
20260510_232418,301293,nominal,processor,0100101,True,accepted
20260510_232418,301294,nominal,processor,0000110,True,accepted
20260510_232418,301295,nominal,processor,,False,conditional_h_C_interval_empty
20260510_232418,301296,nominal,processor,0000010,True,accepted
20260510_232418,301297,nominal,processor,0101111,True,accepted
20260510_232418,301298,nominal,processor,1111110,True,accepted
20260510_232418,301299,nominal,processor,0001100,True,accepted
20260510_232418,301300,nominal,processor,0001111,True,accepted
20260510_232418,301301,nominal,processor,1100110,True,accepted
20260510_232418,301302,nominal,processor,0100110,True,accepted
20260510_232418,301303,nominal,processor,0000110,True,accepted
20260510_232418,301304,nominal,processor,,False,conditional_h_C_interval_empty
20260510_232418,301305,nominal,processor,0001001,True,accepted
20260510_232418,301306,nominal,processor,0000011,True,accepted
20260510_232418,301307,nominal,processor,0110101,True,accepted
20260510_232418,301308,nominal,processor,0101110,True,accepted
20260510_232418,301309,nominal,processor,0001001,True,accepted
20260510_232418,301310,nominal,processor,0001110,True,accepted
20260510_232418,301311,nominal,processor,,False,conditional_h_C_interval_empty
20260510_232418,301312,nominal,processor,,False,conditional_h_C_interval_empty
20260510_232418,301313,nominal,processor,0000101,True,accepted
20260510_232418,301314,nominal,processor,0100100,True,accepted
20260510_232418,301315,nominal,processor,1100101,True,accepted
20260510_232418,301316,nominal,processor,1111101,True,accepted
20260510_232418,301317,nominal,processor,0001101,True,accepted
20260510_232418,301318,nominal,processor,0000001,True,accepted
20260510_232418,301319,nominal,processor,,False,conditional_h_C_interval_empty
20260510_232418,301320,nominal,processor,0001111,True,accepted
20260510_232418,301321,nominal,processor,0111111,True,accepted
20260510_232418,301322,nominal,processor,0101110,True,accepted
20260510_232418,301323,nominal,processor,0001000,True,accepted
20260510_232418,301324,nominal,processor,0000010,True,accepted
20260510_232418,301325,nominal,processor,0110110,True,accepted
20260510_232418,301326,nominal,processor,1101101,True,accepted
20260510_232418,301327,nominal,processor,,False,conditional_h_C_interval_empty
20260510_232418,301328,nominal,processor,,False,conditional_h_C_interval_empty
20260510_232418,301329,nominal,processor,0001101,True,accepted
20260510_232418,301330,nominal,processor,0001000,True,accepted
20260510_232418,301331,nominal,processor,0101100,True,accepted
20260510_232418,301332,nominal,processor,0111100,True,accepted
20260510_232418,301333,nominal,processor,0000100,True,accepted
20260510_232418,301334,nominal,processor,0001011,True,accepted
20260510_232418,301335,nominal,processor,1110101,True,accepted
20260510_232418,301336,nominal,processor,0000110,True,accepted
20260510_232418,301337,nominal,processor,0100111,True,accepted
20260510_232418,301338,nominal,processor,1101100,True,accepted
20260510_232418,301339,nominal,processor,0100100,True,accepted
20260510_232418,301340,nominal,processor,0001100,True,accepted
20260510_232418,301341,nominal,processor,1111100,True,accepted
20260510_232418,301342,nominal,processor,0101111,True,accepted
20260510_232418,301343,nominal,processor,0000001,True,accepted
20260510_232418,301344,nominal,processor,,False,conditional_h_C_interval_empty
20260510_232418,301345,nominal,processor,0000011,True,accepted
20260510_232418,301346,nominal,processor,0001010,True,accepted
20260510_232418,301347,nominal,processor,1101101,True,accepted
20260510_232418,301348,nominal,processor,0111111,True,accepted
20260510_232418,301349,nominal,processor,0001111,True,accepted
20260510_232418,301350,nominal,processor,0001000,True,accepted
20260510_232418,301351,nominal,processor,,False,conditional_h_C_interval_empty
20260510_232418,301352,nominal,processor,0001101,True,accepted
20260510_232418,301353,nominal,processor,1111110,True,accepted
20260510_232418,301354,nominal,processor,0110101,True,accepted
20260510_232418,301355,nominal,processor,0000010,True,accepted
20260510_232418,301356,nominal,processor,0000101,True,accepted
20260510_232418,301357,nominal,processor,0100110,True,accepted
20260510_232418,301358,nominal,processor,1100100,True,accepted
20260510_232418,301359,nominal,processor,,False,conditional_h_C_interval_empty
20260510_232418,301360,nominal,processor,,False,conditional_h_C_interval_empty
20260510_232418,301361,nominal,processor,0001011,True,accepted
20260510_232418,301362,nominal,processor,0000000,True,accepted
20260510_232418,301363,nominal,processor,0101110,True,accepted
20260510_232418,301364,nominal,processor,0100111,True,accepted
20260510_232418,301365,nominal,processor,0000111,True,accepted
20260510_232418,301366,nominal,processor,0100100,True,accepted
20260510_232418,301367,nominal,processor,,False,conditional_h_C_interval_empty
20260510_232418,301368,nominal,processor,0000100,True,accepted
20260510_232418,301369,nominal,processor,0110111,True,accepted
20260510_232418,301370,nominal,processor,1110101,True,accepted
20260510_232418,301371,nominal,processor,0001010,True,accepted
20260510_232418,301372,nominal,processor,0001110,True,accepted
20260510_232418,301373,nominal,processor,0111110,True,accepted
20260510_232418,301374,nominal,processor,0101101,True,accepted
20260510_232418,301375,nominal,processor,,False,conditional_h_C_interval_empty
20260510_232418,301376,nominal,processor,,False,conditional_h_C_interval_empty
20260510_232418,301377,nominal,processor,1100111,True,accepted
20260510_232418,301378,nominal,processor,0101100,True,accepted
20260510_232418,301379,nominal,processor,0000110,True,accepted
20260510_232418,301380,nominal,processor,0000000,True,accepted
20260510_232418,301381,nominal,processor,0101111,True,accepted
20260510_232418,301382,nominal,processor,1110110,True,accepted
20260510_232418,301383,nominal,processor,0001100,True,accepted
20260510_232418,301384,nominal,processor,,False,conditional_h_C_interval_empty
20260510_232418,301385,nominal,processor,0000111,True,accepted
20260510_232418,301386,nominal,processor,0001110,True,accepted
20260510_232418,301387,nominal,processor,0111101,True,accepted
20260510_232418,301388,nominal,processor,1101111,True,accepted
20260510_232418,301389,nominal,processor,0001011,True,accepted
20260510_232418,301390,nominal,processor,0000100,True,accepted
20260510_232418,301391,nominal,processor,,False,conditional_h_C_interval_empty
20260510_232418,301392,nominal,processor,,False,conditional_h_C_interval_empty
20260510_232418,301393,nominal,processor,0101101,True,accepted
20260510_232418,301394,nominal,processor,0111111,True,accepted
20260510_232418,301395,nominal,processor,0001110,True,accepted
20260510_232418,301396,nominal,processor,0001010,True,accepted
20260510_232418,301397,nominal,processor,1101111,True,accepted
20260510_232418,301398,nominal,processor,0110110,True,accepted
20260510_232418,301399,nominal,processor,0000011,True,accepted
20260510_232418,301400,nominal,processor,,False,conditional_h_C_interval_empty
20260510_232418,301401,nominal,processor,0001111,True,accepted
20260510_232418,301402,nominal,processor,0000101,True,accepted
20260510_232418,301403,nominal,processor,0100110,True,accepted
20260510_232418,301404,nominal,processor,0110100,True,accepted
20260510_232418,301405,nominal,processor,0000010,True,accepted
20260510_232418,301406,nominal,processor,0001101,True,accepted
20260510_232418,301407,nominal,processor,,False,conditional_h_C_interval_empty
20260510_232418,301408,nominal,processor,,False,conditional_h_C_interval_empty
20260510_232418,301409,nominal,processor,1110100,True,accepted
20260510_232418,301410,nominal,processor,0110111,True,accepted
20260510_232418,301411,nominal,processor,0000100,True,accepted
20260510_232418,301412,nominal,processor,0001000,True,accepted
20260510_232418,301413,nominal,processor,0101100,True,accepted
20260510_232418,301414,nominal,processor,0111110,True,accepted
20260510_232418,301415,nominal,processor,,False,conditional_h_C_interval_empty
20260510_232418,301416,nominal,processor,,False,conditional_h_C_interval_empty
20260510_232418,301417,nominal,processor,0000000,True,accepted
20260510_232418,301418,nominal,processor,0001011,True,accepted
20260510_232418,301419,nominal,processor,1111100,True,accepted
20260510_232418,301420,nominal,processor,1101100,True,accepted
20260510_232418,301421,nominal,processor,0100101,True,accepted
20260510_232418,301422,nominal,processor,0000111,True,accepted
20260510_232418,301423,nominal,processor,,False,conditional_h_C_interval_empty
20260510_232418,301424,nominal,processor,,False,conditional_h_C_interval_empty
20260510_232418,301425,nominal,processor,0110101,True,accepted
20260510_232418,301426,nominal,processor,1111110,True,accepted
20260510_232418,301427,nominal,processor,0001101,True,accepted
20260510_232418,301428,nominal,processor,0001111,True,accepted
20260510_232418,301429,nominal,processor,1100100,True,accepted
20260510_232418,301430,nominal,processor,0100110,True,accepted
20260510_232418,301431,nominal,processor,0000101,True,accepted
20260510_232418,301432,nominal,processor,,False,conditional_h_C_interval_empty
20260510_232418,301433,nominal,processor,0001010,True,accepted
20260510_232418,301434,nominal,processor,0000011,True,accepted
20260510_232418,301435,nominal,processor,0110111,True,accepted
20260510_232418,301436,nominal,processor,0101110,True,accepted
20260510_232418,301437,nominal,processor,0001000,True,accepted
20260510_232418,301438,nominal,processor,0001111,True,accepted
20260510_232418,301439,nominal,processor,,False,conditional_h_C_interval_empty
20260510_232418,301440,nominal,processor,,False,conditional_h_C_interval_empty
20260510_232418,301441,nominal,processor,0000101,True,accepted
20260510_232418,301442,nominal,processor,0001111,True,accepted
20260510_232418,301443,nominal,processor,1100110,True,accepted
20260510_232418,301444,nominal,processor,1111111,True,accepted
20260510_232418,301445,nominal,processor,0001100,True,accepted
20260510_232418,301446,nominal,processor,0000010,True,accepted
20260510_232418,301447,nominal,processor,,False,conditional_h_C_interval_empty
20260510_232418,301448,nominal,processor,0001110,True,accepted
20260510_232418,301449,nominal,processor,0111111,True,accepted
20260510_232418,301450,nominal,processor,0101101,True,accepted
20260510_232418,301451,nominal,processor,0001001,True,accepted
20260510_232418,301452,nominal,processor,0000011,True,accepted
20260510_232418,301453,nominal,processor,0110110,True,accepted
20260510_232418,301454,nominal,processor,1101110,True,accepted
20260510_232418,301455,nominal,processor,,False,conditional_h_C_interval_empty
20260510_232418,301456,nominal,processor,,False,conditional_h_C_interval_empty
20260510_232418,301457,nominal,processor,0001110,True,accepted
20260510_232418,301458,nominal,processor,0000111,True,accepted
20260510_232418,301459,nominal,processor,0101101,True,accepted
20260510_232418,301460,nominal,processor,0111100,True,accepted
20260510_232418,301461,nominal,processor,0000100,True,accepted
20260510_232418,301462,nominal,processor,0001011,True,accepted
20260510_232418,301463,nominal,processor,,False,conditional_h_C_interval_empty
20260510_232418,301464,nominal,processor,0000110,True,accepted
20260510_232418,301465,nominal,processor,0101100,True,accepted
20260510_232418,301466,nominal,processor,1100111,True,accepted
20260510_232418,301467,nominal,processor,0100101,True,accepted
20260510_232418,301468,nominal,processor,0001100,True,accepted
20260510_232418,301469,nominal,processor,1110110,True,accepted
20260510_232418,301470,nominal,processor,0101111,True,accepted
20260510_232418,301471,nominal,processor,,False,conditional_h_C_interval_empty
20260510_232418,301472,nominal,processor,,False,conditional_h_C_interval_empty
20260510_232418,301473,nominal,processor,0000011,True,accepted
20260510_232418,301474,nominal,processor,0001001,True,accepted
20260510_232418,301475,nominal,processor,1101110,True,accepted
20260510_232418,301476,nominal,processor,1100100,True,accepted
20260510_232418,301477,nominal,processor,0001110,True,accepted
20260510_232418,301478,nominal,processor,0001001,True,accepted
20260510_232418,301479,nominal,processor,,False,conditional_h_C_interval_empty
20260510_232418,301480,nominal,processor,0001100,True,accepted
20260510_232418,301481,nominal,processor,1111110,True,accepted
20260510_232418,301482,nominal,processor,0101111,True,accepted
20260510_232418,301483,nominal,processor,0000010,True,accepted
20260510_232418,301484,nominal,processor,0000110,True,accepted
20260510_232418,301485,nominal,processor,0100110,True,accepted
20260510_232418,301486,nominal,processor,1100110,True,accepted
20260510_232418,301487,nominal,processor,,False,conditional_h_C_interval_empty
20260510_232418,301488,nominal,processor,,False,conditional_h_C_interval_empty
20260510_232418,301489,nominal,processor,0001100,True,accepted
20260510_232418,301490,nominal,processor,0000000,True,accepted
20260510_232418,301491,nominal,processor,0101111,True,accepted
20260510_232418,301492,nominal,processor,0101100,True,accepted
20260510_232418,301493,nominal,processor,0000110,True,accepted
20260510_232418,301494,nominal,processor,0100101,True,accepted
20260510_232418,301495,nominal,processor,1100111,True,accepted
20260510_232418,301496,nominal,processor,0000100,True,accepted
20260510_232418,301497,nominal,processor,0111100,True,accepted
20260510_232418,301498,nominal,processor,1101111,True,accepted
20260510_232418,301499,nominal,processor,0001011,True,accepted
20260510_232418,301500,nominal,processor,0001110,True,accepted
20260510_232418,301501,nominal,processor,0111101,True,accepted
20260510_232418,301502,nominal,processor,0101101,True,accepted
20260510_232418,301503,nominal,processor,,False,conditional_h_C_interval_empty
20260510_232418,301504,nominal,processor,,False,conditional_h_C_interval_empty
20260510_232418,301505,nominal,processor,1101100,True,accepted
20260510_232418,301506,nominal,processor,0100111,True,accepted
20260510_232418,301507,nominal,processor,0000110,True,accepted
20260510_232418,301508,nominal,processor,0000001,True,accepted
20260510_232418,301509,nominal,processor,0101111,True,accepted
20260510_232418,301510,nominal,processor,1111100,True,accepted
20260510_232418,301511,nominal,processor,0001011,True,accepted
20260510_232418,301512,nominal,processor,,False,conditional_h_C_interval_empty
20260510_232418,301513,nominal,processor,0000111,True,accepted
20260510_232418,301514,nominal,processor,0001101,True,accepted
20260510_232418,301515,nominal,processor,0111110,True,accepted
20260510_232418,301516,nominal,processor,1110101,True,accepted
20260510_232418,301517,nominal,processor,0001010,True,accepted
20260510_232418,301518,nominal,processor,0000100,True,accepted
20260510_232418,301519,nominal,processor,,False,conditional_h_C_interval_empty
20260510_232418,301520,nominal,processor,,False,conditional_h_C_interval_empty
20260510_232418,301521,nominal,processor,0101110,True,accepted
20260510_232418,301522,nominal,processor,0111111,True,accepted
20260510_232418,301523,nominal,processor,0001111,True,accepted
20260510_232418,301524,nominal,processor,0001010,True,accepted
20260510_232418,301525,nominal,processor,1101101,True,accepted
20260510_232418,301526,nominal,processor,0110110,True,accepted
20260510_232418,301527,nominal,processor,0000010,True,accepted
20260510_232418,301528,nominal,processor,,False,conditional_h_C_interval_empty
20260510_232418,301529,nominal,processor,0100100,True,accepted
20260510_232418,301530,nominal,processor,0000101,True,accepted
20260510_232418,301531,nominal,processor,0100111,True,accepted
20260510_232418,301532,nominal,processor,0110100,True,accepted
20260510_232418,301533,nominal,processor,0000001,True,accepted
20260510_232418,301534,nominal,processor,0001101,True,accepted
20260510_232418,301535,nominal,processor,,False,conditional_h_C_interval_empty
20260510_232418,301536,nominal,processor,,False,conditional_h_C_interval_empty
20260510_232418,301537,nominal,processor,0000100,True,accepted
20260510_232418,301538,nominal,processor,0001011,True,accepted
20260510_232418,301539,nominal,processor,1101111,True,accepted
20260510_232418,301540,nominal,processor,0111101,True,accepted
20260510_232418,301541,nominal,processor,0001110,True,accepted
20260510_232418,301542,nominal,processor,0000111,True,accepted
20260510_232418,301543,nominal,processor,,False,conditional_h_C_interval_empty
20260510_232418,301544,nominal,processor,0001100,True,accepted
20260510_232418,301545,nominal,processor,1110111,True,accepted
20260510_232418,301546,nominal,processor,0101111,True,accepted
20260510_232418,301547,nominal,processor,0000000,True,accepted
20260510_232418,301548,nominal,processor,0000110,True,accepted
20260510_232418,301549,nominal,processor,0101100,True,accepted
20260510_232418,301550,nominal,processor,1100110,True,accepted
20260510_232418,301551,nominal,processor,,False,conditional_h_C_interval_empty
20260510_232418,301552,nominal,processor,,False,conditional_h_C_interval_empty
20260510_232418,301553,nominal,processor,0001100,True,accepted
20260510_232418,301554,nominal,processor,0000010,True,accepted
20260510_232418,301555,nominal,processor,0110100,True,accepted
20260510_232418,301556,nominal,processor,0100110,True,accepted
20260510_232418,301557,nominal,processor,0000110,True,accepted
20260510_232418,301558,nominal,processor,0001111,True,accepted
20260510_232418,301559,nominal,processor,1100110,True,accepted
20260510_232418,301560,nominal,processor,,False,conditional_h_C_interval_empty
20260510_232418,301561,nominal,processor,0110101,False,no_active_currency
20260510_232418,301562,nominal,processor,1101110,True,accepted
20260510_232418,301563,nominal,processor,0001001,True,accepted
20260510_232418,301564,nominal,processor,0001110,True,accepted
20260510_232418,301565,nominal,processor,1100100,True,accepted
20260510_232418,301566,nominal,processor,0101110,True,accepted
20260510_232418,301567,nominal,processor,,False,conditional_h_C_interval_empty
20260510_232418,301568,nominal,processor,,False,conditional_h_C_interval_empty
20260510_232418,301569,nominal,processor,1100101,True,accepted
20260510_232418,301570,nominal,processor,0100111,True,accepted
20260510_232418,301571,nominal,processor,0000101,True,accepted
20260510_232418,301572,nominal,processor,0000001,True,accepted
20260510_232418,301573,nominal,processor,0110100,True,accepted
20260510_232418,301574,nominal,processor,1111101,True,accepted
20260510_232418,301575,nominal,processor,,False,conditional_h_C_interval_empty
20260510_232418,301576,nominal,processor,0101110,True,accepted
20260510_232418,301577,nominal,processor,0001000,True,accepted
20260510_232418,301578,nominal,processor,0001111,True,accepted
20260510_232418,301579,nominal,processor,0111111,True,accepted
20260510_232418,301580,nominal,processor,1101101,True,accepted
20260510_232418,301581,nominal,processor,0001010,True,accepted
20260510_232418,301582,nominal,processor,0000010,True,accepted
20260510_232418,301583,nominal,processor,,False,conditional_h_C_interval_empty
20260510_232418,301584,nominal,processor,,False,conditional_h_C_interval_empty
20260510_232418,301585,nominal,processor,0101100,True,accepted
20260510_232418,301586,nominal,processor,0111110,True,accepted
20260510_232418,301587,nominal,processor,0001101,True,accepted
20260510_232418,301588,nominal,processor,0001010,True,accepted
20260510_232418,301589,nominal,processor,1110101,True,accepted
20260510_232418,301590,nominal,processor,0111100,True,accepted
20260510_232418,301591,nominal,processor,,False,conditional_h_C_interval_empty
20260510_232418,301592,nominal,processor,1101100,True,accepted
20260510_232418,301593,nominal,processor,0100100,True,accepted
20260510_232418,301594,nominal,processor,0000110,True,accepted
20260510_232418,301595,nominal,processor,0100111,True,accepted
20260510_232418,301596,nominal,processor,,False,conditional_h_C_interval_empty
20260510_232418,301597,nominal,processor,0000001,True,accepted
20260510_232418,301598,nominal,processor,0001100,True,accepted
20260510_232418,301599,nominal,processor,,False,conditional_h_C_interval_empty
20260510_232418,301600,nominal,processor,,False,conditional_h_C_interval_empty
20260510_232418,301601,nominal,processor,1101101,True,accepted
20260510_232418,301602,nominal,processor,0110111,True,accepted
20260510_232418,301603,nominal,processor,0000011,True,accepted
20260510_232418,301604,nominal,processor,0001000,True,accepted
20260510_232418,301605,nominal,processor,0101110,True,accepted
20260510_232418,301606,nominal,processor,0111110,True,accepted
20260510_232418,301607,nominal,processor,,False,conditional_h_C_interval_empty
20260510_232418,301608,nominal,processor,0110101,True,accepted
20260510_232418,301609,nominal,processor,0000001,True,accepted
20260510_232418,301610,nominal,processor,0001101,True,accepted
20260510_232418,301611,nominal,processor,1111110,True,accepted
20260510_232418,301612,nominal,processor,1100100,True,accepted
20260510_232418,301613,nominal,processor,0100100,True,accepted
20260510_232418,301614,nominal,processor,0000101,True,accepted
20260510_232418,301615,nominal,processor,,False,conditional_h_C_interval_empty
20260510_232418,301616,nominal,processor,,False,conditional_h_C_interval_empty
20260510_232418,301617,nominal,processor,0101110,True,accepted
20260510_232418,301618,nominal,processor,1110111,True,accepted
20260510_232418,301619,nominal,processor,0001011,True,accepted
20260510_232418,301620,nominal,processor,0100101,True,accepted
20260510_232418,301621,nominal,processor,1101100,True,accepted
20260510_232418,301622,nominal,processor,0100111,True,accepted
20260510_232418,301623,nominal,processor,0000111,True,accepted
20260510_232418,301624,nominal,processor,1110100,True,accepted
20260510_232418,301625,nominal,processor,0001010,True,accepted
20260510_232418,301626,nominal,processor,0000100,True,accepted
20260510_232418,301627,nominal,processor,0110111,True,accepted
20260510_232418,301628,nominal,processor,,False,conditional_h_C_interval_empty
20260510_232418,301629,nominal,processor,0001000,True,accepted
20260510_232418,301630,nominal,processor,0001110,True,accepted
20260510_232418,301631,nominal,processor,,False,conditional_h_C_interval_empty
20260510_232418,301632,nominal,processor,,False,conditional_h_C_interval_empty
20260510_232418,301633,nominal,processor,0000110,True,accepted
20260510_232418,301634,nominal,processor,0100101,True,accepted
20260510_232418,301635,nominal,processor,1100111,True,accepted
20260510_232418,301636,nominal,processor,1110110,True,accepted
20260510_232418,301637,nominal,processor,0001100,True,accepted
20260510_232418,301638,nominal,processor,0000000,True,accepted
20260510_232418,301639,nominal,processor,0101111,True,accepted
20260510_232418,301640,nominal,processor,,False,conditional_h_C_interval_empty
20260510_232418,301641,nominal,processor,0111101,True,accepted
20260510_232418,301642,nominal,processor,0101101,True,accepted
20260510_232418,301643,nominal,processor,0000111,True,accepted
20260510_232418,301644,nominal,processor,0000011,True,accepted
20260510_232418,301645,nominal,processor,0111100,True,accepted
20260510_232418,301646,nominal,processor,1101111,True,accepted
20260510_232418,301647,nominal,processor,,False,conditional_h_C_interval_empty
20260510_232418,301648,nominal,processor,,False,conditional_h_C_interval_empty
20260510_232418,301649,nominal,processor,0001110,True,accepted
20260510_232418,301650,nominal,processor,0001000,True,accepted
20260510_232418,301651,nominal,processor,0101101,True,accepted
20260510_232418,301652,nominal,processor,0110110,True,accepted
20260510_232418,301653,nominal,processor,0000011,True,accepted
20260510_232418,301654,nominal,processor,0001001,True,accepted
20260510_232418,301655,nominal,processor,1101110,True,accepted
20260510_232418,301656,nominal,processor,,False,conditional_h_C_interval_empty
20260510_232418,301657,nominal,processor,0100110,True,accepted
20260510_232418,301658,nominal,processor,1100110,True,accepted
20260510_232418,301659,nominal,processor,0001111,True,accepted
20260510_232418,301660,nominal,processor,0001100,True,accepted
20260510_232418,301661,nominal,processor,1111111,True,accepted
20260510_232418,301662,nominal,processor,0110100,True,accepted
20260510_232418,301663,nominal,processor,,False,conditional_h_C_interval_empty
20260510_232418,301664,nominal,processor,,False,conditional_h_C_interval_empty
20260510_232418,301665,nominal,processor,0000100,True,accepted
20260510_232418,301666,nominal,processor,0001010,True,accepted
20260510_232418,301667,nominal,processor,1110100,True,accepted
20260510_232418,301668,nominal,processor,0111110,True,accepted
20260510_232418,301669,nominal,processor,0001101,True,accepted
20260510_232418,301670,nominal,processor,0001000,True,accepted
20260510_232418,301671,nominal,processor,,False,conditional_h_C_interval_empty
20260510_232418,301672,nominal,processor,,False,conditional_h_C_interval_empty
20260510_232418,301673,nominal,processor,1111100,True,accepted
20260510_232418,301674,nominal,processor,0101110,True,accepted
20260510_232418,301675,nominal,processor,0000000,True,accepted
20260510_232418,301676,nominal,processor,0000111,True,accepted
20260510_232418,301677,nominal,processor,0100111,True,accepted
20260510_232418,301678,nominal,processor,1101100,True,accepted
20260510_232418,301679,nominal,processor,,False,conditional_h_C_interval_empty
20260510_232418,301680,nominal,processor,,False,conditional_h_C_interval_empty
20260510_232418,301681,nominal,processor,0001101,True,accepted
20260510_232418,301682,nominal,processor,0000001,True,accepted
20260510_232418,301683,nominal,processor,0110101,True,accepted
20260510_232418,301684,nominal,processor,0100110,True,accepted
20260510_232418,301685,nominal,processor,0000101,True,accepted
20260510_232418,301686,nominal,processor,0100100,True,accepted
20260510_232418,301687,nominal,processor,1100101,True,accepted
20260510_232418,301688,nominal,processor,0000011,True,accepted
20260510_232418,301689,nominal,processor,0110111,True,accepted
20260510_232418,301690,nominal,processor,1101101,True,accepted
20260510_232418,301691,nominal,processor,0001010,True,accepted
20260510_232418,301692,nominal,processor,0001111,True,accepted
20260510_232418,301693,nominal,processor,0111110,True,accepted
20260510_232418,301694,nominal,processor,0101110,True,accepted
20260510_232418,301695,nominal,processor,,False,conditional_h_C_interval_empty
20260510_232418,301696,nominal,processor,,False,conditional_h_C_interval_empty
20260510_232418,301697,nominal,processor,1100101,True,accepted
20260510_232418,301698,nominal,processor,0100110,True,accepted
20260510_232418,301699,nominal,processor,0000101,True,accepted
20260510_232418,301700,nominal,processor,0000010,True,accepted
20260510_232418,301701,nominal,processor,0110100,True,accepted
20260510_232418,301702,nominal,processor,1111111,True,accepted
20260510_232418,301703,nominal,processor,,False,conditional_h_C_interval_empty
20260510_232418,301704,nominal,processor,0101101,True,accepted
20260510_232418,301705,nominal,processor,0001001,True,accepted
20260510_232418,301706,nominal,processor,0001110,True,accepted
20260510_232418,301707,nominal,processor,0111111,True,accepted
20260510_232418,301708,nominal,processor,1101110,True,accepted
20260510_232418,301709,nominal,processor,0001010,True,accepted
20260510_232418,301710,nominal,processor,0000011,True,accepted
20260510_232418,301711,nominal,processor,,False,conditional_h_C_interval_empty
20260510_232418,301712,nominal,processor,,False,conditional_h_C_interval_empty
20260510_232418,301713,nominal,processor,0101101,True,accepted
20260510_232418,301714,nominal,processor,0111101,True,accepted
20260510_232418,301715,nominal,processor,0001110,True,accepted
20260510_232418,301716,nominal,processor,0001011,True,accepted
20260510_232418,301717,nominal,processor,1101111,True,accepted
20260510_232418,301718,nominal,processor,0111100,True,accepted
20260510_232418,301719,nominal,processor,0000100,True,accepted
20260510_232418,301720,nominal,processor,,False,conditional_h_C_interval_empty
20260510_232418,301721,nominal,processor,0100101,True,accepted
20260510_232418,301722,nominal,processor,0000110,True,accepted
20260510_232418,301723,nominal,processor,0101100,True,accepted
20260510_232418,301724,nominal,processor,0101111,True,accepted
20260510_232418,301725,nominal,processor,0000000,True,accepted
20260510_232418,301726,nominal,processor,0001100,True,accepted
20260510_232418,301727,nominal,processor,,False,conditional_h_C_interval_empty
20260510_232418,301728,nominal,processor,,False,conditional_h_C_interval_empty
20260510_232418,301729,nominal,processor,1101110,True,accepted
20260510_232418,301730,nominal,processor,0110101,True,accepted
20260510_232418,301731,nominal,processor,0000011,True,accepted
20260510_232418,301732,nominal,processor,0001001,True,accepted
20260510_232418,301733,nominal,processor,0101110,True,accepted
20260510_232418,301734,nominal,processor,1100100,True,accepted
20260510_232418,301735,nominal,processor,,False,conditional_h_C_interval_empty
20260510_232418,301736,nominal,processor,,False,conditional_h_C_interval_empty
20260510_232418,301737,nominal,processor,0000010,True,accepted
20260510_232418,301738,nominal,processor,0001100,True,accepted
20260510_232418,301739,nominal,processor,1111111,True,accepted
20260510_232418,301740,nominal,processor,1100110,True,accepted
20260510_232418,301741,nominal,processor,0001111,True,accepted
20260510_232418,301742,nominal,processor,0000110,True,accepted
20260510_232418,301743,nominal,processor,,False,conditional_h_C_interval_empty
20260510_232418,301744,nominal,processor,,False,conditional_h_C_interval_empty
20260510_232418,301745,nominal,processor,0101111,True,accepted
20260510_232418,301746,nominal,processor,1110110,True,accepted
20260510_232418,301747,nominal,processor,0001100,True,accepted
20260510_232418,301748,nominal,processor,0100101,True,accepted
20260510_232418,301749,nominal,processor,1100111,True,accepted
20260510_232418,301750,nominal,processor,0100111,True,accepted
20260510_232418,301751,nominal,processor,,False,conditional_h_C_interval_empty
20260510_232418,301752,nominal,processor,1101111,True,accepted
20260510_232418,301753,nominal,processor,0001011,True,accepted
20260510_232418,301754,nominal,processor,0000100,True,accepted
20260510_232418,301755,nominal,processor,0111101,True,accepted
20260510_232418,301756,nominal,processor,,False,conditional_h_C_interval_empty
20260510_232418,301757,nominal,processor,0000111,True,accepted
20260510_232418,301758,nominal,processor,0001110,True,accepted
20260510_232418,301759,nominal,processor,,False,conditional_h_C_interval_empty
20260510_232418,301760,nominal,processor,,False,conditional_h_C_interval_empty
20260510_232418,301761,nominal,processor,0000110,True,accepted
20260510_232418,301762,nominal,processor,0100100,True,accepted
20260510_232418,301763,nominal,processor,1101100,True,accepted
20260510_232418,301764,nominal,processor,1111100,True,accepted
20260510_232418,301765,nominal,processor,0001100,True,accepted
20260510_232418,301766,nominal,processor,0000001,True,accepted
20260510_232418,301767,nominal,processor,,False,conditional_h_C_interval_empty
20260510_232418,301768,nominal,processor,,False,conditional_h_C_interval_empty
20260510_232418,301769,nominal,processor,0111110,True,accepted
20260510_232418,301770,nominal,processor,0101100,True,accepted
20260510_232418,301771,nominal,processor,0001000,True,accepted
20260510_232418,301772,nominal,processor,0000100,True,accepted
20260510_232418,301773,nominal,processor,0111100,True,accepted
20260510_232418,301774,nominal,processor,1110101,True,accepted
20260510_232418,301775,nominal,processor,,False,conditional_h_C_interval_empty
20260510_232418,301776,nominal,processor,,False,conditional_h_C_interval_empty
20260510_232418,301777,nominal,processor,0001111,True,accepted
20260510_232418,301778,nominal,processor,0001000,True,accepted
20260510_232418,301779,nominal,processor,0101110,True,accepted
20260510_232418,301780,nominal,processor,0110110,True,accepted
20260510_232418,301781,nominal,processor,0000010,True,accepted
20260510_232418,301782,nominal,processor,0001010,True,accepted
20260510_232418,301783,nominal,processor,1101101,True,accepted
20260510_232418,301784,nominal,processor,,False,conditional_h_C_interval_empty
20260510_232418,301785,nominal,processor,0100110,True,accepted
20260510_232418,301786,nominal,processor,1100101,True,accepted
20260510_232418,301787,nominal,processor,0100100,True,accepted
20260510_232418,301788,nominal,processor,0001101,True,accepted
20260510_232418,301789,nominal,processor,1111101,True,accepted
20260510_232418,301790,nominal,processor,0110101,True,accepted
20260510_232418,301791,nominal,processor,,False,conditional_h_C_interval_empty
20260510_232418,301792,nominal,processor,,False,conditional_h_C_interval_empty
20260510_232418,301793,nominal,processor,0111100,True,accepted
20260510_232418,301794,nominal,processor,1101111,True,accepted
20260510_232418,301795,nominal,processor,0001011,True,accepted
20260510_232418,301796,nominal,processor,0001110,True,accepted
20260510_232418,301797,nominal,processor,0111110,True,accepted
20260510_232418,301798,nominal,processor,0101101,True,accepted
20260510_232418,301799,nominal,processor,,False,conditional_h_C_interval_empty
20260510_232418,301800,nominal,processor,1110110,True,accepted
20260510_232418,301801,nominal,processor,0001100,True,accepted
20260510_232418,301802,nominal,processor,0000000,True,accepted
20260510_232418,301803,nominal,processor,0101111,True,accepted
20260510_232418,301804,nominal,processor,0101100,True,accepted
20260510_232418,301805,nominal,processor,0000110,True,accepted
20260510_232418,301806,nominal,processor,0100101,True,accepted
20260510_232418,301807,nominal,processor,,False,conditional_h_C_interval_empty
20260510_232418,301808,nominal,processor,,False,conditional_h_C_interval_empty
20260510_232418,301809,nominal,processor,1111111,True,accepted
20260510_232418,301810,nominal,processor,0110100,True,accepted
20260510_232418,301811,nominal,processor,0000010,True,accepted
20260510_232418,301812,nominal,processor,0000101,True,accepted
20260510_232418,301813,nominal,processor,0100110,True,accepted
20260510_232418,301814,nominal,processor,1100101,True,accepted
20260510_232418,301815,nominal,processor,,False,conditional_h_C_interval_empty
20260510_232418,301816,nominal,processor,0110110,True,accepted
20260510_232418,301817,nominal,processor,0000011,True,accepted
20260510_232418,301818,nominal,processor,0001010,True,accepted
20260510_232418,301819,nominal,processor,1101111,True,accepted
20260510_232418,301820,nominal,processor,,False,conditional_h_C_interval_empty
20260510_232418,301821,nominal,processor,0001110,True,accepted
20260510_232418,301822,nominal,processor,0001001,True,accepted
20260510_232418,301823,nominal,processor,,False,conditional_h_C_interval_empty
20260510_232418,301824,nominal,processor,,False,conditional_h_C_interval_empty
20260510_232418,301825,nominal,processor,0100100,True,accepted
20260510_232418,301826,nominal,processor,0000101,True,accepted
20260510_232418,301827,nominal,processor,0100110,True,accepted
20260510_232418,301828,nominal,processor,0110101,True,accepted
20260510_232418,301829,nominal,processor,0000001,True,accepted
20260510_232418,301830,nominal,processor,0001101,True,accepted
20260510_232418,301831,nominal,processor,,False,conditional_h_C_interval_empty
20260510_232418,301832,nominal,processor,,False,conditional_h_C_interval_empty
20260510_232418,301833,nominal,processor,0101110,True,accepted
20260510_232418,301834,nominal,processor,0111111,True,accepted
20260510_232418,301835,nominal,processor,0001111,True,accepted
20260510_232418,301836,nominal,processor,0001010,True,accepted
20260510_232418,301837,nominal,processor,1101101,True,accepted
20260510_232418,301838,nominal,processor,0110111,True,accepted
20260510_232418,301839,nominal,processor,,False,conditional_h_C_interval_empty
20260510_232418,301840,nominal,processor,,False,conditional_h_C_interval_empty
20260510_232418,301841,nominal,processor,0001000,True,accepted
20260510_232418,301842,nominal,processor,0001110,True,accepted
20260510_232418,301843,nominal,processor,,False,conditional_h_C_interval_empty
20260510_232418,301844,nominal,processor,1110100,True,accepted
20260510_232418,301845,nominal,processor,0001010,True,accepted
20260510_232418,301846,nominal,processor,0000100,True,accepted
20260510_232418,301847,nominal,processor,0110111,True,accepted
20260510_232418,301848,nominal,processor,,False,conditional_h_C_interval_empty
20260510_232418,301849,nominal,processor,1101100,True,accepted
20260510_232418,301850,nominal,processor,0100111,True,accepted
20260510_232418,301851,nominal,processor,0000111,True,accepted
20260510_232418,301852,nominal,processor,0000000,True,accepted
20260510_232418,301853,nominal,processor,0101110,True,accepted
20260510_232418,301854,nominal,processor,1111100,True,accepted
20260510_232418,301855,nominal,processor,,False,conditional_h_C_interval_empty
20260510_232418,301856,nominal,processor,,False,conditional_h_C_interval_empty
20260510_232418,301857,nominal,processor,0001010,True,accepted
20260510_232418,301858,nominal,processor,0000010,True,accepted
20260510_232418,301859,nominal,processor,,False,conditional_h_C_interval_empty
20260510_232418,301860,nominal,processor,0101110,True,accepted
20260510_232418,301861,nominal,processor,0001000,True,accepted
20260510_232418,301862,nominal,processor,0001111,True,accepted
20260510_232418,301863,nominal,processor,,False,conditional_h_C_interval_empty
20260510_232418,301864,nominal,processor,0000001,True,accepted
20260510_232418,301865,nominal,processor,0110100,True,accepted
20260510_232418,301866,nominal,processor,1111101,True,accepted
20260510_232418,301867,nominal,processor,0001101,True,accepted
20260510_232418,301868,nominal,processor,0100100,True,accepted
20260510_232418,301869,nominal,processor,1100101,True,accepted
20260510_232418,301870,nominal,processor,0100111,True,accepted
20260510_232418,301871,nominal,processor,,False,conditional_h_C_interval_empty
20260510_232418,301872,nominal,processor,,False,conditional_h_C_interval_empty
20260510_232418,301873,nominal,processor,0000001,True,accepted
20260510_232418,301874,nominal,processor,0001100,True,accepted
20260510_232418,301875,nominal,processor,1111100,True,accepted
20260510_232418,301876,nominal,processor,1101100,True,accepted
20260510_232418,301877,nominal,processor,0100100,True,accepted
20260510_232418,301878,nominal,processor,0000111,True,accepted
20260510_232418,301879,nominal,processor,0100111,True,accepted
20260510_232418,301880,nominal,processor,,False,conditional_h_C_interval_empty
20260510_232418,301881,nominal,processor,1110101,True,accepted
20260510_232418,301882,nominal,processor,0110111,True,accepted
20260510_232418,301883,nominal,processor,0000100,True,accepted
20260510_232418,301884,nominal,processor,0001000,True,accepted
20260510_232418,301885,nominal,processor,0101100,True,accepted
20260510_232418,301886,nominal,processor,0111110,True,accepted
20260510_232418,301887,nominal,processor,,False,conditional_h_C_interval_empty
20260510_232418,301888,nominal,processor,,False,conditional_h_C_interval_empty
20260510_232418,301889,nominal,processor,0101100,True,accepted
20260510_232418,301890,nominal,processor,1100111,True,accepted
20260510_232418,301891,nominal,processor,0100101,True,accepted
20260510_232418,301892,nominal,processor,0001100,True,accepted
20260510_232418,301893,nominal,processor,1110111,True,accepted
20260510_232418,301894,nominal,processor,0101111,True,accepted
20260510_232418,301895,nominal,processor,,False,conditional_h_C_interval_empty
20260510_232418,301896,nominal,processor,,False,conditional_h_C_interval_empty
20260510_232418,301897,nominal,processor,0001110,True,accepted
20260510_232418,301898,nominal,processor,0000111,True,accepted
20260510_232418,301899,nominal,processor,0101101,True,accepted
20260510_232418,301900,nominal,processor,0111101,True,accepted
20260510_232418,301901,nominal,processor,0000100,True,accepted
20260510_232418,301902,nominal,processor,0001011,True,accepted
20260510_232418,301903,nominal,processor,,False,conditional_h_C_interval_empty
20260510_232418,301904,nominal,processor,,False,conditional_h_C_interval_empty
20260510_232418,301905,nominal,processor,0111111,True,accepted
20260510_232418,301906,nominal,processor,0101110,True,accepted
20260510_232418,301907,nominal,processor,0001001,True,accepted
20260510_232418,301908,nominal,processor,0000011,True,accepted
20260510_232418,301909,nominal,processor,0110101,True,accepted
20260510_232418,301910,nominal,processor,1101110,True,accepted
20260510_232418,301911,nominal,processor,0001001,True,accepted
20260510_232418,301912,nominal,processor,,False,conditional_h_C_interval_empty
20260510_232418,301913,nominal,processor,0000110,True,accepted
20260510_232418,301914,nominal,processor,0001111,True,accepted
20260510_232418,301915,nominal,processor,1100110,True,accepted
20260510_232418,301916,nominal,processor,1111111,True,accepted
20260510_232418,301917,nominal,processor,0001100,True,accepted
20260510_232418,301918,nominal,processor,0000010,True,accepted
20260510_232418,301919,nominal,processor,,False,conditional_h_C_interval_empty
20260510_232418,301920,nominal,processor,,False,conditional_h_C_interval_empty
20260510_232418,301921,nominal,processor,0111100,True,accepted
20260510_232418,301922,nominal,processor,1110101,True,accepted
20260510_232418,301923,nominal,processor,0001010,True,accepted
20260510_232418,301924,nominal,processor,0001101,True,accepted
20260510_232418,301925,nominal,processor,0111110,True,accepted
20260510_232418,301926,nominal,processor,0101100,True,accepted
20260510_232418,301927,nominal,processor,,False,conditional_h_C_interval_empty
20260510_232418,301928,nominal,processor,1111100,True,accepted
20260510_232418,301929,nominal,processor,0001011,True,accepted
20260510_232418,301930,nominal,processor,0000001,True,accepted
20260510_232418,301931,nominal,processor,0101111,True,accepted
20260510_232418,301932,nominal,processor,0100111,True,accepted
20260510_232418,301933,nominal,processor,0000110,True,accepted
20260510_232418,301934,nominal,processor,0100100,True,accepted
20260510_232418,301935,nominal,processor,,False,conditional_h_C_interval_empty
20260510_232418,301936,nominal,processor,,False,conditional_h_C_interval_empty
20260510_232418,301937,nominal,processor,1111101,True,accepted
20260510_232418,301938,nominal,processor,0110100,True,accepted
20260510_232418,301939,nominal,processor,0000001,True,accepted
20260510_232418,301940,nominal,processor,0000101,True,accepted
20260510_232418,301941,nominal,processor,0100111,True,accepted
20260510_232418,301942,nominal,processor,1100101,True,accepted
20260510_232418,301943,nominal,processor,,False,conditional_h_C_interval_empty
20260510_232418,301944,nominal,processor,,False,conditional_h_C_interval_empty
20260510_232418,301945,nominal,processor,0000010,True,accepted
20260510_232418,301946,nominal,processor,0001010,True,accepted
20260510_232418,301947,nominal,processor,1101101,True,accepted
20260510_232418,301948,nominal,processor,,False,conditional_h_C_interval_empty
20260510_232418,301949,nominal,processor,0001111,True,accepted
20260510_232418,301950,nominal,processor,0001000,True,accepted
20260510_232418,301951,nominal,processor,,False,conditional_h_C_interval_empty
20260510_232418,301952,nominal,processor,,False,conditional_h_C_interval_empty
20260510_232418,301953,nominal,processor,0001111,True,accepted
20260510_232418,301954,nominal,processor,0000101,True,accepted
20260510_232418,301955,nominal,processor,0100110,True,accepted
20260510_232418,301956,nominal,processor,0101111,True,accepted
20260510_232418,301957,nominal,processor,0000010,True,accepted
20260510_232418,301958,nominal,processor,0001100,True,accepted
20260510_232418,301959,nominal,processor,1111110,True,accepted
20260510_232418,301960,nominal,processor,,False,conditional_h_C_interval_empty
20260510_232418,301961,nominal,processor,0101101,True,accepted
20260510_232418,301962,nominal,processor,1100100,True,accepted
20260510_232418,301963,nominal,processor,0001110,True,accepted
20260510_232418,301964,nominal,processor,0001001,True,accepted
20260510_232418,301965,nominal,processor,1101110,True,accepted
20260510_232418,301966,nominal,processor,0110110,True,accepted
20260510_232418,301967,nominal,processor,,False,conditional_h_C_interval_empty
20260510_232418,301968,nominal,processor,,False,conditional_h_C_interval_empty
20260510_232418,301969,nominal,processor,0000111,True,accepted
20260510_232418,301970,nominal,processor,0001110,True,accepted
20260510_232418,301971,nominal,processor,0111101,True,accepted
20260510_232418,301972,nominal,processor,1110100,True,accepted
20260510_232418,301973,nominal,processor,0001011,True,accepted
20260510_232418,301974,nominal,processor,0000100,True,accepted
20260510_232418,301975,nominal,processor,,False,conditional_h_C_interval_empty
20260510_232418,301976,nominal,processor,,False,conditional_h_C_interval_empty
20260510_232418,301977,nominal,processor,1100111,True,accepted
20260510_232418,301978,nominal,processor,0101100,True,accepted
20260510_232418,301979,nominal,processor,0000110,True,accepted
20260510_232418,301980,nominal,processor,0000000,True,accepted
20260510_232418,301981,nominal,processor,0101111,True,accepted
20260510_232418,301982,nominal,processor,1110111,True,accepted
20260510_232418,301983,nominal,processor,,False,conditional_h_C_interval_empty
20260510_232418,301984,nominal,processor,,False,conditional_h_C_interval_empty
20260510_232418,301985,nominal,processor,0001001,True,accepted
20260510_232418,301986,nominal,processor,0000011,True,accepted
20260510_232418,301987,nominal,processor,0110110,True,accepted
20260510_232418,301988,nominal,processor,0101101,True,accepted
20260510_232418,301989,nominal,processor,0001001,True,accepted
20260510_232418,301990,nominal,processor,0001110,True,accepted
20260510_232418,301991,nominal,processor,,False,conditional_h_C_interval_empty
20260510_232418,301992,nominal,processor,0000010,True,accepted
20260510_232418,301993,nominal,processor,0110100,True,accepted
20260510_232418,301994,nominal,processor,1111111,True,accepted
20260510_232418,301995,nominal,processor,0001100,True,accepted
20260510_232418,301996,nominal,processor,0001111,True,accepted
20260510_232418,301997,nominal,processor,1100110,True,accepted
20260510_232418,301998,nominal,processor,0100110,True,accepted
20260510_232418,301999,nominal,processor,,False,conditional_h_C_interval_empty
20260510_232418,302000,nominal,processor,,False,conditional_h_C_interval_empty
20260510_232418,302001,nominal,processor,0000000,True,accepted
20260510_232418,302002,nominal,processor,0001100,True,accepted
20260510_232418,302003,nominal,processor,1110110,True,accepted
20260510_232418,302004,nominal,processor,1100111,True,accepted
20260510_232418,302005,nominal,processor,0100101,True,accepted
20260510_232418,302006,nominal,processor,0000110,True,accepted
20260510_232418,302007,nominal,processor,0101100,True,accepted
20260510_232418,302008,nominal,processor,,False,conditional_h_C_interval_empty
20260510_232418,302009,nominal,processor,1101111,True,accepted
20260510_232418,302010,nominal,processor,0111100,True,accepted
20260510_232418,302011,nominal,processor,0000011,True,accepted
20260510_232418,302012,nominal,processor,0000111,True,accepted
20260510_232418,302013,nominal,processor,0101101,True,accepted
20260510_232418,302014,nominal,processor,0111101,True,accepted
20260510_232418,302015,nominal,processor,,False,conditional_h_C_interval_empty
20260510_232418,302016,nominal,processor,,False,conditional_h_C_interval_empty
20260510_232418,302017,nominal,processor,0100111,True,accepted
20260510_232418,302018,nominal,processor,1101100,True,accepted
20260510_232418,302019,nominal,processor,0100101,True,accepted
20260510_232418,302020,nominal,processor,0001011,True,accepted
20260510_232418,302021,nominal,processor,1110111,True,accepted
20260510_232418,302022,nominal,processor,0101110,True,accepted
20260510_232418,302023,nominal,processor,0000000,True,accepted
20260510_232418,302024,nominal,processor,,False,conditional_h_C_interval_empty
20260510_232418,302025,nominal,processor,0001110,True,accepted
20260510_232418,302026,nominal,processor,0001000,True,accepted
20260510_232418,302027,nominal,processor,0101100,True,accepted
20260510_232418,302028,nominal,processor,0110111,True,accepted
20260510_232418,302029,nominal,processor,0000100,True,accepted
20260510_232418,302030,nominal,processor,0001010,True,accepted
20260510_232418,302031,nominal,processor,1110100,True,accepted
20260510_232418,302032,nominal,processor,,False,conditional_h_C_interval_empty
20260510_232418,302033,nominal,processor,0111110,True,accepted
20260510_232418,302034,nominal,processor,0101110,True,accepted
20260510_232418,302035,nominal,processor,0001000,True,accepted
20260510_232418,302036,nominal,processor,0000011,True,accepted
20260510_232418,302037,nominal,processor,0110111,True,accepted
20260510_232418,302038,nominal,processor,1101110,True,accepted
20260510_232418,302039,nominal,processor,,False,conditional_h_C_interval_empty
20260510_232418,302040,nominal,processor,0100110,True,accepted
20260510_232418,302041,nominal,processor,0000101,True,accepted
20260510_232418,302042,nominal,processor,0001111,True,accepted
20260510_232418,302043,nominal,processor,1100100,True,accepted
20260510_232418,302044,nominal,processor,1111110,True,accepted
20260510_232418,302045,nominal,processor,0001101,True,accepted
20260510_232418,302046,nominal,processor,0000001,True,accepted
20260510_232418,302047,nominal,processor,,False,conditional_h_C_interval_empty
20260510_232418,302048,nominal,processor,,False,conditional_h_C_interval_empty
20260510_232418,302049,nominal,processor,0101111,True,accepted
20260510_232418,302050,nominal,processor,1110110,True,accepted
20260510_232418,302051,nominal,processor,0001100,True,accepted
20260510_232418,302052,nominal,processor,0100101,True,accepted
20260510_232418,302053,nominal,processor,1100111,True,accepted
20260510_232418,302054,nominal,processor,0101100,True,accepted
20260510_232418,302055,nominal,processor,0000110,True,accepted
20260510_232418,302056,nominal,processor,1101111,True,accepted
20260510_232418,302057,nominal,processor,0001011,True,accepted
20260510_232418,302058,nominal,processor,0000100,True,accepted
20260510_232418,302059,nominal,processor,0111100,True,accepted
20260510_232418,302060,nominal,processor,0101101,True,accepted
20260510_232418,302061,nominal,processor,0000111,True,accepted
20260510_232418,302062,nominal,processor,0001110,True,accepted
20260510_232418,302063,nominal,processor,,False,conditional_h_C_interval_empty
20260510_232418,302064,nominal,processor,,False,conditional_h_C_interval_empty
20260510_232418,302065,nominal,processor,1101110,True,accepted
20260510_232418,302066,nominal,processor,0110110,True,accepted
20260510_232418,302067,nominal,processor,0000011,True,accepted
20260510_232418,302068,nominal,processor,0001001,True,accepted
20260510_232418,302069,nominal,processor,0101101,True,accepted
20260510_232418,302070,nominal,processor,0111111,True,accepted
20260510_232418,302071,nominal,processor,0001110,True,accepted
20260510_232418,302072,nominal,processor,,False,conditional_h_C_interval_empty
20260510_232418,302073,nominal,processor,0000010,True,accepted
20260510_232418,302074,nominal,processor,0001101,True,accepted
20260510_232418,302075,nominal,processor,1111111,True,accepted
20260510_232418,302076,nominal,processor,1100101,True,accepted
20260510_232418,302077,nominal,processor,0001111,True,accepted
20260510_232418,302078,nominal,processor,0000101,True,accepted
20260510_232418,302079,nominal,processor,,False,conditional_h_C_interval_empty
20260510_232418,302080,nominal,processor,,False,conditional_h_C_interval_empty
20260510_232418,302081,nominal,processor,0001111,True,accepted
20260510_232418,302082,nominal,processor,0001000,True,accepted
20260510_232418,302083,nominal,processor,0101110,True,accepted
20260510_232418,302084,nominal,processor,0110111,True,accepted
20260510_232418,302085,nominal,processor,0000011,True,accepted
20260510_232418,302086,nominal,processor,0001010,True,accepted
20260510_232418,302087,nominal,processor,,False,conditional_h_C_interval_empty
20260510_232418,302088,nominal,processor,0000101,True,accepted
20260510_232418,302089,nominal,processor,0100110,True,accepted
20260510_232418,302090,nominal,processor,1100100,True,accepted
20260510_232418,302091,nominal,processor,0100100,True,accepted
20260510_232418,302092,nominal,processor,0001101,True,accepted
20260510_232418,302093,nominal,processor,1111110,True,accepted
20260510_232418,302094,nominal,processor,0110101,True,accepted
20260510_232418,302095,nominal,processor,0000001,True,accepted
20260510_232418,302096,nominal,processor,,False,conditional_h_C_interval_empty
20260510_232418,302097,nominal,processor,0000111,True,accepted
20260510_232418,302098,nominal,processor,0100100,True,accepted
20260510_232418,302099,nominal,processor,1101100,True,accepted
20260510_232418,302100,nominal,processor,1111100,True,accepted
20260510_232418,302101,nominal,processor,0001011,True,accepted
20260510_232418,302102,nominal,processor,0000000,True,accepted
20260510_232418,302103,nominal,processor,,False,conditional_h_C_interval_empty
20260510_232418,302104,nominal,processor,0001101,True,accepted
20260510_232418,302105,nominal,processor,0111110,True,accepted
20260510_232418,302106,nominal,processor,0101101,True,accepted
20260510_232418,302107,nominal,processor,0001000,True,accepted
20260510_232418,302108,nominal,processor,0000100,True,accepted
20260510_232418,302109,nominal,processor,0110111,True,accepted
20260510_232418,302110,nominal,processor,1110100,True,accepted
20260510_232418,302111,nominal,processor,,False,conditional_h_C_interval_empty
20260510_232418,302112,nominal,processor,,False,conditional_h_C_interval_empty
20260510_232418,302113,nominal,processor,0001101,True,accepted
20260510_232418,302114,nominal,processor,0000001,True,accepted
20260510_232418,302115,nominal,processor,0110100,True,accepted
20260510_232418,302116,nominal,processor,0100111,True,accepted
20260510_232418,302117,nominal,processor,0000101,True,accepted
20260510_232418,302118,nominal,processor,0100100,True,accepted
20260510_232418,302119,nominal,processor,,False,conditional_h_C_interval_empty
20260510_232418,302120,nominal,processor,0000010,True,accepted
20260510_232418,302121,nominal,processor,0110110,True,accepted
20260510_232418,302122,nominal,processor,1101101,True,accepted
20260510_232418,302123,nominal,processor,0001010,True,accepted
20260510_232418,302124,nominal,processor,0001111,True,accepted
20260510_232418,302125,nominal,processor,0111111,True,accepted
20260510_232418,302126,nominal,processor,0101110,True,accepted
20260510_232418,302127,nominal,processor,,False,conditional_h_C_interval_empty
20260510_232418,302128,nominal,processor,,False,conditional_h_C_interval_empty
20260510_232418,302129,nominal,processor,0000100,True,accepted
20260510_232418,302130,nominal,processor,0001011,True,accepted
20260510_232418,302131,nominal,processor,1110101,True,accepted
20260510_232418,302132,nominal,processor,0111110,True,accepted
20260510_232418,302133,nominal,processor,0001101,True,accepted
20260510_232418,302134,nominal,processor,0001000,True,accepted
20260510_232418,302135,nominal,processor,,False,conditional_h_C_interval_empty
20260510_232418,302136,nominal,processor,,False,conditional_h_C_interval_empty
20260510_232418,302137,nominal,processor,1111100,True,accepted
20260510_232418,302138,nominal,processor,0101111,True,accepted
20260510_232418,302139,nominal,processor,0000001,True,accepted
20260510_232418,302140,nominal,processor,0000111,True,accepted
20260510_232418,302141,nominal,processor,0100111,True,accepted
20260510_232418,302142,nominal,processor,1101100,True,accepted
20260510_232418,302143,nominal,processor,,False,conditional_h_C_interval_empty
20260510_232418,302144,nominal,processor,,False,conditional_h_C_interval_empty
20260510_232418,302145,nominal,processor,0101101,True,accepted
20260510_232418,302146,nominal,processor,0111101,True,accepted
20260510_232418,302147,nominal,processor,0001110,True,accepted
20260510_232418,302148,nominal,processor,0001011,True,accepted
20260510_232418,302149,nominal,processor,1101111,True,accepted
20260510_232418,302150,nominal,processor,0111101,True,accepted
20260510_232418,302151,nominal,processor,0000100,True,accepted
20260510_232418,302152,nominal,processor,,False,conditional_h_C_interval_empty
20260510_232418,302153,nominal,processor,0100101,True,accepted
20260510_232418,302154,nominal,processor,0000110,True,accepted
20260510_232418,302155,nominal,processor,0101100,True,accepted
20260510_232418,302156,nominal,processor,0101111,True,accepted
20260510_232418,302157,nominal,processor,0000000,True,accepted
20260510_232418,302158,nominal,processor,0001100,True,accepted
20260510_232418,302159,nominal,processor,,False,conditional_h_C_interval_empty
20260510_232418,302160,nominal,processor,,False,conditional_h_C_interval_empty
20260510_232418,302161,nominal,processor,1100110,True,accepted
20260510_232418,302162,nominal,processor,0100110,True,accepted
20260510_232418,302163,nominal,processor,0000110,True,accepted
20260510_232418,302164,nominal,processor,0000010,True,accepted
20260510_232418,302165,nominal,processor,0101111,True,accepted
20260510_232418,302166,nominal,processor,1111111,True,accepted
20260510_232418,302167,nominal,processor,0001100,True,accepted
20260510_232418,302168,nominal,processor,,False,conditional_h_C_interval_empty
20260510_232418,302169,nominal,processor,0001001,True,accepted
20260510_232418,302170,nominal,processor,0001110,True,accepted
20260510_232418,302171,nominal,processor,0111111,True,accepted
20260510_232418,302172,nominal,processor,1101110,True,accepted
20260510_232418,302173,nominal,processor,0001001,True,accepted
20260510_232418,302174,nominal,processor,0000011,True,accepted
20260510_232418,302175,nominal,processor,,False,conditional_h_C_interval_empty
20260510_232418,302176,nominal,processor,,False,conditional_h_C_interval_empty
20260510_232418,302177,nominal,processor,0101111,True,accepted
20260510_232418,302178,nominal,processor,1111100,True,accepted
20260510_232418,302179,nominal,processor,0001011,True,accepted
20260510_232418,302180,nominal,processor,0100100,True,accepted
20260510_232418,302181,nominal,processor,1101100,True,accepted
20260510_232418,302182,nominal,processor,0100111,True,accepted
20260510_232418,302183,nominal,processor,0000110,True,accepted
20260510_232418,302184,nominal,processor,1110101,True,accepted
20260510_232418,302185,nominal,processor,0001010,True,accepted
20260510_232418,302186,nominal,processor,0000100,True,accepted
20260510_232418,302187,nominal,processor,0111100,True,accepted
20260510_232418,302188,nominal,processor,0101100,True,accepted
20260510_232418,302189,nominal,processor,0000111,True,accepted
20260510_232418,302190,nominal,processor,0001101,True,accepted
20260510_232418,302191,nominal,processor,,False,conditional_h_C_interval_empty
20260510_232418,302192,nominal,processor,,False,conditional_h_C_interval_empty
20260510_232418,302193,nominal,processor,1101101,True,accepted
20260510_232418,302194,nominal,processor,0110110,True,accepted
20260510_232418,302195,nominal,processor,0000010,True,accepted
20260510_232418,302196,nominal,processor,0001000,True,accepted
20260510_232418,302197,nominal,processor,0101110,True,accepted
20260510_232418,302198,nominal,processor,0111111,True,accepted
20260510_232418,302199,nominal,processor,0001111,True,accepted
20260510_232418,302200,nominal,processor,,False,conditional_h_C_interval_empty
20260510_232418,302201,nominal,processor,0000001,True,accepted
20260510_232418,302202,nominal,processor,0001101,True,accepted
20260510_232418,302203,nominal,processor,1111101,True,accepted
20260510_232418,302204,nominal,processor,1100101,True,accepted
20260510_232418,302205,nominal,processor,0100100,True,accepted
20260510_232418,302206,nominal,processor,0000101,True,accepted
20260510_232418,302207,nominal,processor,,False,conditional_h_C_interval_empty
20260510_232418,302208,nominal,processor,,False,conditional_h_C_interval_empty
20260510_232418,302209,nominal,processor,0001110,True,accepted
20260510_232418,302210,nominal,processor,0001001,True,accepted
20260510_232418,302211,nominal,processor,0101101,True,accepted
20260510_232418,302212,nominal,processor,0110110,True,accepted
20260510_232418,302213,nominal,processor,0000011,True,accepted
20260510_232418,302214,nominal,processor,0001001,True,accepted
20260510_232418,302215,nominal,processor,,False,conditional_h_C_interval_empty
20260510_232418,302216,nominal,processor,0000101,True,accepted
20260510_232418,302217,nominal,processor,0100110,True,accepted
20260510_232418,302218,nominal,processor,1100110,True,accepted
20260510_232418,302219,nominal,processor,0001111,True,accepted
20260510_232418,302220,nominal,processor,0001100,True,accepted
20260510_232418,302221,nominal,processor,1111110,True,accepted
20260510_232418,302222,nominal,processor,0101111,True,accepted
20260510_232418,302223,nominal,processor,0000010,True,accepted
20260510_232418,302224,nominal,processor,,False,conditional_h_C_interval_empty
20260510_232418,302225,nominal,processor,0000110,True,accepted
20260510_232418,302226,nominal,processor,0100101,True,accepted
20260510_232418,302227,nominal,processor,1100111,True,accepted
20260510_232418,302228,nominal,processor,1110111,True,accepted
20260510_232418,302229,nominal,processor,0001100,True,accepted
20260510_232418,302230,nominal,processor,0000000,True,accepted
20260510_232418,302231,nominal,processor,,False,conditional_h_C_interval_empty
20260510_232418,302232,nominal,processor,,False,conditional_h_C_interval_empty
20260510_232418,302233,nominal,processor,0111101,True,accepted
20260510_232418,302234,nominal,processor,0101101,True,accepted
20260510_232418,302235,nominal,processor,0000111,True,accepted
20260510_232418,302236,nominal,processor,0000100,True,accepted
20260510_232418,302237,nominal,processor,0111100,True,accepted
20260510_232418,302238,nominal,processor,1110100,True,accepted
20260510_232418,302239,nominal,processor,,False,conditional_h_C_interval_empty
20260510_232418,302240,nominal,processor,,False,conditional_h_C_interval_empty
20260510_232418,302241,nominal,processor,0001100,True,accepted
20260510_232418,302242,nominal,processor,0000010,True,accepted
20260510_232418,302243,nominal,processor,0110100,True,accepted
20260510_232418,302244,nominal,processor,0100110,True,accepted
20260510_232418,302245,nominal,processor,0000101,True,accepted
20260510_232418,302246,nominal,processor,0001111,True,accepted
20260510_232418,302247,nominal,processor,,False,conditional_h_C_interval_empty
20260510_232418,302248,nominal,processor,0000011,True,accepted
20260510_232418,302249,nominal,processor,0110110,True,accepted
20260510_232418,302250,nominal,processor,1101110,True,accepted
20260510_232418,302251,nominal,processor,0001001,True,accepted
20260510_232418,302252,nominal,processor,0001110,True,accepted
20260510_232418,302253,nominal,processor,0111111,True,accepted
20260510_232418,302254,nominal,processor,0101101,True,accepted
20260510_232418,302255,nominal,processor,,False,conditional_h_C_interval_empty
20260510_232418,302256,nominal,processor,,False,conditional_h_C_interval_empty
20260510_232418,302257,nominal,processor,0000011,True,accepted
20260510_232418,302258,nominal,processor,0001011,True,accepted
20260510_232418,302259,nominal,processor,1101111,True,accepted
20260510_232418,302260,nominal,processor,0111101,True,accepted
20260510_232418,302261,nominal,processor,0001110,True,accepted
20260510_232418,302262,nominal,processor,0000111,True,accepted
20260510_232418,302263,nominal,processor,,False,conditional_h_C_interval_empty
20260510_232418,302264,nominal,processor,0001100,True,accepted
20260510_232418,302265,nominal,processor,1110110,True,accepted
20260510_232418,302266,nominal,processor,0101111,True,accepted
20260510_232418,302267,nominal,processor,0000000,True,accepted
20260510_232418,302268,nominal,processor,0000110,True,accepted
20260510_232418,302269,nominal,processor,0101100,True,accepted
20260510_232418,302270,nominal,processor,1100111,True,accepted
20260510_232418,302271,nominal,processor,,False,conditional_h_C_interval_empty
20260510_232418,302272,nominal,processor,,False,conditional_h_C_interval_empty
20260510_232418,302273,nominal,processor,0101100,True,accepted
20260510_232418,302274,nominal,processor,0111110,True,accepted
20260510_232418,302275,nominal,processor,0001110,True,accepted
20260510_232418,302276,nominal,processor,0001010,True,accepted
20260510_232418,302277,nominal,processor,1110100,True,accepted
20260510_232418,302278,nominal,processor,0110111,True,accepted
20260510_232418,302279,nominal,processor,0000100,True,accepted
20260510_232418,302280,nominal,processor,,False,conditional_h_C_interval_empty
20260510_232418,302281,nominal,processor,0100101,True,accepted
20260510_232418,302282,nominal,processor,0000111,True,accepted
20260510_232418,302283,nominal,processor,0100111,True,accepted
20260510_232418,302284,nominal,processor,0101110,True,accepted
20260510_232418,302285,nominal,processor,0000000,True,accepted
20260510_232418,302286,nominal,processor,0001011,True,accepted
20260510_232418,302287,nominal,processor,,False,conditional_h_C_interval_empty
20260510_232418,302288,nominal,processor,,False,conditional_h_C_interval_empty
20260510_232418,302289,nominal,processor,1100100,True,accepted
20260510_232418,302290,nominal,processor,0100110,True,accepted
20260510_232418,302291,nominal,processor,0000101,True,accepted
20260510_232418,302292,nominal,processor,0000001,True,accepted
20260510_232418,302293,nominal,processor,0110101,True,accepted
20260510_232418,302294,nominal,processor,1111110,True,accepted
20260510_232418,302295,nominal,processor,0001101,True,accepted
20260510_232418,302296,nominal,processor,,False,conditional_h_C_interval_empty
20260510_232418,302297,nominal,processor,0001000,True,accepted
20260510_232418,302298,nominal,processor,0001111,True,accepted
20260510_232418,302299,nominal,processor,0111110,True,accepted
20260510_232418,302300,nominal,processor,1101110,True,accepted
20260510_232418,302301,nominal,processor,0001010,True,accepted
20260510_232418,302302,nominal,processor,0000011,True,accepted
20260510_232418,302303,nominal,processor,,False,conditional_h_C_interval_empty
20260510_232418,302304,nominal,processor,,False,conditional_h_C_interval_empty
20260510_232418,302305,nominal,processor,0000000,True,accepted
20260510_232418,302306,nominal,processor,0001100,True,accepted
20260510_232418,302307,nominal,processor,1110111,True,accepted
20260510_232418,302308,nominal,processor,1100110,True,accepted
20260510_232418,302309,nominal,processor,0100101,True,accepted
20260510_232418,302310,nominal,processor,0000110,True,accepted
20260510_232418,302311,nominal,processor,,False,conditional_h_C_interval_empty
20260510_232418,302312,nominal,processor,0001011,True,accepted
20260510_232418,302313,nominal,processor,1101111,True,accepted
20260510_232418,302314,nominal,processor,0111100,True,accepted
20260510_232418,302315,nominal,processor,0000100,True,accepted
20260510_232418,302316,nominal,processor,0000111,True,accepted
20260510_232418,302317,nominal,processor,0101101,True,accepted
20260510_232418,302318,nominal,processor,0111101,True,accepted
20260510_232418,302319,nominal,processor,,False,conditional_h_C_interval_empty
20260510_232418,302320,nominal,processor,,False,conditional_h_C_interval_empty
20260510_232418,302321,nominal,processor,0001001,True,accepted
20260510_232418,302322,nominal,processor,0000011,True,accepted
20260510_232418,302323,nominal,processor,0110101,True,accepted
20260510_232418,302324,nominal,processor,0101110,True,accepted
20260510_232418,302325,nominal,processor,0001001,True,accepted
20260510_232418,302326,nominal,processor,0001110,True,accepted
20260510_232418,302327,nominal,processor,,False,conditional_h_C_interval_empty
20260510_232418,302328,nominal,processor,0000010,True,accepted
20260510_232418,302329,nominal,processor,0110100,True,accepted
20260510_232418,302330,nominal,processor,1111110,True,accepted
20260510_232418,302331,nominal,processor,0001100,True,accepted
20260510_232418,302332,nominal,processor,,False,conditional_h_C_interval_empty
20260510_232418,302333,nominal,processor,1100110,True,accepted
20260510_232418,302334,nominal,processor,0100110,True,accepted
20260510_232418,302335,nominal,processor,,False,conditional_h_C_interval_empty
20260510_232418,302336,nominal,processor,,False,conditional_h_C_interval_empty
20260510_232418,302337,nominal,processor,0111111,True,accepted
20260510_232418,302338,nominal,processor,0101110,True,accepted
20260510_232418,302339,nominal,processor,0001000,True,accepted
20260510_232418,302340,nominal,processor,0000010,True,accepted
20260510_232418,302341,nominal,processor,0110110,True,accepted
20260510_232418,302342,nominal,processor,1101101,True,accepted
20260510_232418,302343,nominal,processor,0001010,True,accepted
20260510_232418,302344,nominal,processor,,False,conditional_h_C_interval_empty
20260510_232418,302345,nominal,processor,0000101,True,accepted
20260510_232418,302346,nominal,processor,0100100,True,accepted
20260510_232418,302347,nominal,processor,1100101,True,accepted
20260510_232418,302348,nominal,processor,1111101,True,accepted
20260510_232418,302349,nominal,processor,0001101,True,accepted
20260510_232418,302350,nominal,processor,0000001,True,accepted
20260510_232418,302351,nominal,processor,,False,conditional_h_C_interval_empty
20260510_232418,302352,nominal,processor,,False,conditional_h_C_interval_empty
20260510_232418,302353,nominal,processor,0100111,True,accepted
20260510_232418,302354,nominal,processor,1101100,True,accepted
20260510_232418,302355,nominal,processor,0100100,True,accepted
20260510_232418,302356,nominal,processor,0001100,True,accepted
20260510_232418,302357,nominal,processor,1111100,True,accepted
20260510_232418,302358,nominal,processor,0101111,True,accepted
20260510_232418,302359,nominal,processor,0000001,True,accepted
20260510_232418,302360,nominal,processor,,False,conditional_h_C_interval_empty
20260510_232418,302361,nominal,processor,0001101,True,accepted
20260510_232418,302362,nominal,processor,0000111,True,accepted
20260510_232418,302363,nominal,processor,0101100,True,accepted
20260510_232418,302364,nominal,processor,0111100,True,accepted
20260510_232418,302365,nominal,processor,0000101,True,accepted
20260510_232418,302366,nominal,processor,0001010,True,accepted
20260510_232418,302367,nominal,processor,,False,conditional_h_C_interval_empty
20260510_232418,302368,nominal,processor,,False,conditional_h_C_interval_empty
20260510_232418,302369,nominal,processor,1111110,True,accepted
20260510_232418,302370,nominal,processor,0110101,True,accepted
20260510_232418,302371,nominal,processor,0000001,True,accepted
20260510_232418,302372,nominal,processor,0000101,True,accepted
20260510_232418,302373,nominal,processor,0100110,True,accepted
20260510_232418,302374,nominal,processor,1100100,True,accepted
20260510_232418,302375,nominal,processor,0100100,True,accepted
20260510_232418,302376,nominal,processor,,False,conditional_h_C_interval_empty
20260510_232418,302377,nominal,processor,0000011,True,accepted
20260510_232418,302378,nominal,processor,0001010,True,accepted
20260510_232418,302379,nominal,processor,1101101,True,accepted
20260510_232418,302380,nominal,processor,0111110,True,accepted
20260510_232418,302381,nominal,processor,0001111,True,accepted
20260510_232418,302382,nominal,processor,0001000,True,accepted
20260510_232418,302383,nominal,processor,,False,conditional_h_C_interval_empty
20260510_232418,302384,nominal,processor,0000100,True,accepted
20260510_232418,302385,nominal,processor,0110111,True,accepted
20260510_232418,302386,nominal,processor,1110100,True,accepted
20260510_232418,302387,nominal,processor,0001010,True,accepted
20260510_232418,302388,nominal,processor,0001110,True,accepted
20260510_232418,302389,nominal,processor,0111110,True,accepted
20260510_232418,302390,nominal,processor,0101100,True,accepted
20260510_232418,302391,nominal,processor,0001000,True,accepted
20260510_232418,302392,nominal,processor,,False,conditional_h_C_interval_empty
20260510_232418,302393,nominal,processor,0001011,True,accepted
20260510_232418,302394,nominal,processor,0000000,True,accepted
20260510_232418,302395,nominal,processor,0101110,True,accepted
20260510_232418,302396,nominal,processor,0100111,True,accepted
20260510_232418,302397,nominal,processor,0000111,True,accepted
20260510_232418,302398,nominal,processor,0100101,True,accepted
20260510_232418,302399,nominal,processor,,False,conditional_h_C_interval_empty
20260510_232418,302400,nominal,processor,,False,conditional_h_C_interval_empty
20260510_232418,302401,nominal,processor,0000111,True,accepted
20260510_232418,302402,nominal,processor,0001110,True,accepted
20260510_232418,302403,nominal,processor,0111101,True,accepted
20260510_232418,302404,nominal,processor,1101111,True,accepted
20260510_232418,302405,nominal,processor,0001011,True,accepted
20260510_232418,302406,nominal,processor,0000011,True,accepted
20260510_232418,302407,nominal,processor,,False,conditional_h_C_interval_empty
20260510_232418,302408,nominal,processor,0100101,True,accepted
20260510_232418,302409,nominal,processor,1100111,True,accepted
20260510_232418,302410,nominal,processor,0101100,True,accepted
20260510_232418,302411,nominal,processor,0000110,True,accepted
20260510_232418,302412,nominal,processor,0000000,True,accepted
20260510_232418,302413,nominal,processor,0101111,True,accepted
20260510_232418,302414,nominal,processor,1110110,True,accepted
20260510_232418,302415,nominal,processor,,False,conditional_h_C_interval_empty
20260510_232418,302416,nominal,processor,,False,conditional_h_C_interval_empty
20260510_232418,302417,nominal,processor,0001111,True,accepted
20260510_232418,302418,nominal,processor,0000101,True,accepted
20260510_232418,302419,nominal,processor,0100110,True,accepted
20260510_232418,302420,nominal,processor,0110100,True,accepted
20260510_232418,302421,nominal,processor,0000010,True,accepted
20260510_232418,302422,nominal,processor,0001100,True,accepted
20260510_232418,302423,nominal,processor,,False,conditional_h_C_interval_empty
20260510_232418,302424,nominal,processor,,False,conditional_h_C_interval_empty
20260510_232418,302425,nominal,processor,0101101,True,accepted
20260510_232418,302426,nominal,processor,0111111,True,accepted
20260510_232418,302427,nominal,processor,0001110,True,accepted
20260510_232418,302428,nominal,processor,0001001,True,accepted
20260510_232418,302429,nominal,processor,1101110,True,accepted
20260510_232418,302430,nominal,processor,0110110,True,accepted
20260510_232418,302431,nominal,processor,,False,conditional_h_C_interval_empty
20260510_232418,302432,nominal,processor,,False,conditional_h_C_interval_empty
20260510_232418,302433,nominal,processor,0000000,True,accepted
20260510_232418,302434,nominal,processor,0001011,True,accepted
20260510_232418,302435,nominal,processor,1111100,True,accepted
20260510_232418,302436,nominal,processor,1101100,True,accepted
20260510_232418,302437,nominal,processor,0100101,True,accepted
20260510_232418,302438,nominal,processor,0000111,True,accepted
20260510_232418,302439,nominal,processor,,False,conditional_h_C_interval_empty
20260510_232418,302440,nominal,processor,0001010,True,accepted
20260510_232418,302441,nominal,processor,1110100,True,accepted
20260510_232418,302442,nominal,processor,0110111,True,accepted
20260510_232418,302443,nominal,processor,0000100,True,accepted
20260510_232418,302444,nominal,processor,0001000,True,accepted
20260510_232418,302445,nominal,processor,0101100,True,accepted
20260510_232418,302446,nominal,processor,0111110,True,accepted
20260510_232418,302447,nominal,processor,,False,conditional_h_C_interval_empty
20260510_232418,302448,nominal,processor,,False,conditional_h_C_interval_empty
20260510_232418,302449,nominal,processor,0001010,True,accepted
20260510_232418,302450,nominal,processor,0000011,True,accepted
20260510_232418,302451,nominal,processor,0110111,True,accepted
20260510_232418,302452,nominal,processor,0101110,True,accepted
20260510_232418,302453,nominal,processor,0001000,True,accepted
20260510_232418,302454,nominal,processor,0001111,True,accepted
20260510_232418,302455,nominal,processor,,False,conditional_h_C_interval_empty
20260510_232418,302456,nominal,processor,0000001,True,accepted
20260510_232418,302457,nominal,processor,0110101,True,accepted
20260510_232418,302458,nominal,processor,1111101,True,accepted
20260510_232418,302459,nominal,processor,0001101,True,accepted
20260510_232418,302460,nominal,processor,0100100,True,accepted
20260510_232418,302461,nominal,processor,1100101,True,accepted
20260510_232418,302462,nominal,processor,0100110,True,accepted
20260510_232418,302463,nominal,processor,,False,conditional_h_C_interval_empty
20260510_232418,302464,nominal,processor,,False,conditional_h_C_interval_empty
20260510_232418,302465,nominal,processor,0111111,True,accepted
20260510_232418,302466,nominal,processor,0101101,True,accepted
20260510_232418,302467,nominal,processor,0001001,True,accepted
20260510_232418,302468,nominal,processor,0000011,True,accepted
20260510_232418,302469,nominal,processor,0110110,True,accepted
20260510_232418,302470,nominal,processor,1101110,True,accepted
20260510_232418,302471,nominal,processor,0001010,True,accepted
20260510_232418,302472,nominal,processor,,False,conditional_h_C_interval_empty
20260510_232418,302473,nominal,processor,0000101,True,accepted
20260510_232418,302474,nominal,processor,0001111,True,accepted
20260510_232418,302475,nominal,processor,1100101,True,accepted
20260510_232418,302476,nominal,processor,1111111,True,accepted
20260510_232418,302477,nominal,processor,0001101,True,accepted
20260510_232418,302478,nominal,processor,0000010,True,accepted
20260510_232418,302479,nominal,processor,,False,conditional_h_C_interval_empty
20260510_232418,302480,nominal,processor,,False,conditional_h_C_interval_empty
20260510_232418,302481,nominal,processor,0101100,True,accepted
20260510_232418,302482,nominal,processor,1101100,True,accepted
20260510_232418,302483,nominal,processor,0100101,True,accepted
20260510_232418,302484,nominal,processor,0001100,True,accepted
20260510_232418,302485,nominal,processor,1110110,True,accepted
20260510_232418,302486,nominal,processor,0101111,True,accepted
20260510_232418,302487,nominal,processor,0000000,True,accepted
20260510_232418,302488,nominal,processor,,False,conditional_h_C_interval_empty
20260510_232418,302489,nominal,processor,0001110,True,accepted
20260510_232418,302490,nominal,processor,0000111,True,accepted
20260510_232418,302491,nominal,processor,0101101,True,accepted
20260510_232418,302492,nominal,processor,0111100,True,accepted
20260510_232418,302493,nominal,processor,0000100,True,accepted
20260510_232418,302494,nominal,processor,0001011,True,accepted
20260510_232418,302495,nominal,processor,,False,conditional_h_C_interval_empty
20260510_232418,302496,nominal,processor,,False,conditional_h_C_interval_empty
20260510_232418,302497,nominal,processor,1111111,True,accepted
20260510_232418,302498,nominal,processor,0101111,True,accepted
20260510_232418,302499,nominal,processor,0000010,True,accepted
20260510_232418,302500,nominal,processor,0000110,True,accepted
20260510_232418,302501,nominal,processor,0100110,True,accepted
20260510_232418,302502,nominal,processor,1100110,True,accepted
20260510_232418,302503,nominal,processor,,False,conditional_h_C_interval_empty
20260510_232418,302504,nominal,processor,,False,conditional_h_C_interval_empty
20260510_232418,302505,nominal,processor,0000011,True,accepted
20260510_232418,302506,nominal,processor,0001001,True,accepted
20260510_232418,302507,nominal,processor,1101110,True,accepted
20260510_232418,302508,nominal,processor,1100100,True,accepted
20260510_232418,302509,nominal,processor,0001110,True,accepted
20260510_232418,302510,nominal,processor,0001001,True,accepted
20260510_232418,302511,nominal,processor,,False,conditional_h_C_interval_empty
20260510_232418,302512,nominal,processor,,False,conditional_h_C_interval_empty
20260510_232418,302513,nominal,processor,0111101,True,accepted
20260510_232418,302514,nominal,processor,1101111,True,accepted
20260510_232418,302515,nominal,processor,0001011,True,accepted
20260510_232418,302516,nominal,processor,0001110,True,accepted
20260510_232418,302517,nominal,processor,0111101,True,accepted
20260510_232418,302518,nominal,processor,0101101,True,accepted
20260510_232418,302519,nominal,processor,0000111,True,accepted
20260510_232418,302520,nominal,processor,,False,conditional_h_C_interval_empty
20260510_232418,302521,nominal,processor,0001100,True,accepted
20260510_232418,302522,nominal,processor,0000000,True,accepted
20260510_232418,302523,nominal,processor,0101111,True,accepted
20260510_232418,302524,nominal,processor,0100111,True,accepted
20260510_232418,302525,nominal,processor,0000110,True,accepted
20260510_232418,302526,nominal,processor,0100101,True,accepted
20260510_232418,302527,nominal,processor,,False,conditional_h_C_interval_empty
20260510_232418,302528,nominal,processor,,False,conditional_h_C_interval_empty
20260510_232418,302529,nominal,processor,0001000,True,accepted
20260510_232418,302530,nominal,processor,0001101,True,accepted
20260510_232418,302531,nominal,processor,0111110,True,accepted
20260510_232418,302532,nominal,processor,1110101,True,accepted
20260510_232418,302533,nominal,processor,0001011,True,accepted
20260510_232418,302534,nominal,processor,0000100,True,accepted
20260510_232418,302535,nominal,processor,,False,conditional_h_C_interval_empty
20260510_232418,302536,nominal,processor,0100100,True,accepted
20260510_232418,302537,nominal,processor,1101100,True,accepted
20260510_232418,302538,nominal,processor,0100111,True,accepted
20260510_232418,302539,nominal,processor,0000110,True,accepted
20260510_232418,302540,nominal,processor,0000001,True,accepted
20260510_232418,302541,nominal,processor,0101111,True,accepted
20260510_232418,302542,nominal,processor,1111100,True,accepted
20260510_232418,302543,nominal,processor,,False,conditional_h_C_interval_empty
20260510_232418,302544,nominal,processor,,False,conditional_h_C_interval_empty
20260510_232418,302545,nominal,processor,0100100,True,accepted
20260510_232418,302546,nominal,processor,0000101,True,accepted
20260510_232418,302547,nominal,processor,0100110,True,accepted
20260510_232418,302548,nominal,processor,0110101,True,accepted
20260510_232418,302549,nominal,processor,0000001,True,accepted
20260510_232418,302550,nominal,processor,0001101,True,accepted
20260510_232418,302551,nominal,processor,,False,conditional_h_C_interval_empty
20260510_232418,302552,nominal,processor,,False,conditional_h_C_interval_empty
20260510_232418,302553,nominal,processor,0101110,True,accepted
20260510_232418,302554,nominal,processor,0111111,True,accepted
20260510_232418,302555,nominal,processor,0001111,True,accepted
20260510_232418,302556,nominal,processor,0001010,True,accepted
20260510_232418,302557,nominal,processor,1101101,True,accepted
20260510_232418,302558,nominal,processor,0110110,True,accepted
20260510_232418,302559,nominal,processor,,False,conditional_h_C_interval_empty
20260510_232418,302560,nominal,processor,,False,conditional_h_C_interval_empty
20260510_232418,302561,nominal,processor,1110111,True,accepted
20260510_232418,302562,nominal,processor,0101111,True,accepted
20260510_232418,302563,nominal,processor,0000000,True,accepted
20260510_232418,302564,nominal,processor,0000110,True,accepted
20260510_232418,302565,nominal,processor,0101100,True,accepted
20260510_232418,302566,nominal,processor,1100111,True,accepted
20260510_232418,302567,nominal,processor,,False,conditional_h_C_interval_empty
20260510_232418,302568,nominal,processor,0111101,True,accepted
20260510_232418,302569,nominal,processor,0000100,True,accepted
20260510_232418,302570,nominal,processor,0001011,True,accepted
20260510_232418,302571,nominal,processor,1101111,True,accepted
20260510_232418,302572,nominal,processor,,False,conditional_h_C_interval_empty
20260510_232418,302573,nominal,processor,0001110,True,accepted
20260510_232418,302574,nominal,processor,0000111,True,accepted
20260510_232418,302575,nominal,processor,,False,conditional_h_C_interval_empty
20260510_232418,302576,nominal,processor,,False,conditional_h_C_interval_empty
20260510_232418,302577,nominal,processor,0110101,True,accepted
20260510_232418,302578,nominal,processor,1101110,True,accepted
20260510_232418,302579,nominal,processor,0001001,True,accepted
20260510_232418,302580,nominal,processor,0001110,True,accepted
20260510_232418,302581,nominal,processor,0111111,True,accepted
20260510_232418,302582,nominal,processor,0101110,True,accepted
20260510_232418,302583,nominal,processor,,False,conditional_h_C_interval_empty
20260510_232418,302584,nominal,processor,,False,conditional_h_C_interval_empty
20260510_232418,302585,nominal,processor,0001100,True,accepted
20260510_232418,302586,nominal,processor,0000010,True,accepted
20260510_232418,302587,nominal,processor,0101111,True,accepted
20260510_232418,302588,nominal,processor,0100110,True,accepted
20260510_232418,302589,nominal,processor,0000110,True,accepted
20260510_232418,302590,nominal,processor,0001111,True,accepted
20260510_232418,302591,nominal,processor,,False,conditional_h_C_interval_empty
20260510_232418,302592,nominal,processor,,False,conditional_h_C_interval_empty
20260510_232418,302593,nominal,processor,0001000,True,accepted
20260510_232418,302594,nominal,processor,0001111,True,accepted
20260510_232418,302595,nominal,processor,,False,conditional_h_C_interval_empty
20260510_232418,302596,nominal,processor,1101101,True,accepted
20260510_232418,302597,nominal,processor,0001010,True,accepted
20260510_232418,302598,nominal,processor,0000010,True,accepted
20260510_232418,302599,nominal,processor,0110110,True,accepted
20260510_232418,302600,nominal,processor,,False,conditional_h_C_interval_empty
20260510_232418,302601,nominal,processor,1100101,True,accepted
20260510_232418,302602,nominal,processor,0100111,True,accepted
20260510_232418,302603,nominal,processor,0000101,True,accepted
20260510_232418,302604,nominal,processor,0000001,True,accepted
20260510_232418,302605,nominal,processor,0110100,True,accepted
20260510_232418,302606,nominal,processor,1111101,True,accepted
20260510_232418,302607,nominal,processor,,False,conditional_h_C_interval_empty
20260510_232418,302608,nominal,processor,,False,conditional_h_C_interval_empty
20260510_232418,302609,nominal,processor,0100100,True,accepted
20260510_232418,302610,nominal,processor,0000110,True,accepted
20260510_232418,302611,nominal,processor,0100111,True,accepted
20260510_232418,302612,nominal,processor,0101111,True,accepted
20260510_232418,302613,nominal,processor,0000001,True,accepted
20260510_232418,302614,nominal,processor,0001100,True,accepted
20260510_232418,302615,nominal,processor,1111100,True,accepted
20260510_232418,302616,nominal,processor,,False,conditional_h_C_interval_empty
20260510_232418,302617,nominal,processor,0101100,True,accepted
20260510_232418,302618,nominal,processor,0111110,True,accepted
20260510_232418,302619,nominal,processor,0001101,True,accepted
20260510_232418,302620,nominal,processor,0001011,True,accepted
20260510_232418,302621,nominal,processor,1110101,True,accepted
20260510_232418,302622,nominal,processor,0110111,True,accepted
20260510_232418,302623,nominal,processor,,False,conditional_h_C_interval_empty
20260510_232418,302624,nominal,processor,,False,conditional_h_C_interval_empty
20260510_232418,302625,nominal,processor,0000010,True,accepted
20260510_232418,302626,nominal,processor,0001101,True,accepted
20260510_232418,302627,nominal,processor,1111110,True,accepted
20260510_232418,302628,nominal,processor,1100100,True,accepted
20260510_232418,302629,nominal,processor,0100100,True,accepted
20260510_232418,302630,nominal,processor,0000101,True,accepted
20260510_232418,302631,nominal,processor,,False,conditional_h_C_interval_empty
20260510_232418,302632,nominal,processor,0001010,True,accepted
20260510_232418,302633,nominal,processor,1101101,True,accepted
20260510_232418,302634,nominal,processor,0110111,True,accepted
20260510_232418,302635,nominal,processor,0000011,True,accepted
20260510_232418,302636,nominal,processor,0001000,True,accepted
20260510_232418,302637,nominal,processor,0101110,True,accepted
20260510_232418,302638,nominal,processor,0111111,True,accepted
20260510_232418,302639,nominal,processor,,False,conditional_h_C_interval_empty
20260510_232418,302640,nominal,processor,,False,conditional_h_C_interval_empty
20260510_232418,302641,nominal,processor,0001010,True,accepted
20260510_232418,302642,nominal,processor,0000100,True,accepted
20260510_232418,302643,nominal,processor,0110111,True,accepted
20260510_232418,302644,nominal,processor,0101101,True,accepted
20260510_232418,302645,nominal,processor,0001000,True,accepted
20260510_232418,302646,nominal,processor,0001110,True,accepted
20260510_232418,302647,nominal,processor,0111110,True,accepted
20260510_232418,302648,nominal,processor,,False,conditional_h_C_interval_empty
20260510_232418,302649,nominal,processor,0101110,True,accepted
20260510_232418,302650,nominal,processor,1111100,True,accepted
20260510_232418,302651,nominal,processor,0001011,True,accepted
20260510_232418,302652,nominal,processor,0100100,True,accepted
20260510_232418,302653,nominal,processor,1101100,True,accepted
20260510_232418,302654,nominal,processor,0100111,True,accepted
20260510_232418,302655,nominal,processor,,False,conditional_h_C_interval_empty
20260510_232418,302656,nominal,processor,,False,conditional_h_C_interval_empty
20260510_232418,302657,nominal,processor,0111101,True,accepted
20260510_232418,302658,nominal,processor,0101101,True,accepted
20260510_232418,302659,nominal,processor,0000111,True,accepted
20260510_232418,302660,nominal,processor,0000100,True,accepted
20260510_232418,302661,nominal,processor,0111100,True,accepted
20260510_232418,302662,nominal,processor,1101111,True,accepted
20260510_232418,302663,nominal,processor,,False,conditional_h_C_interval_empty
20260510_232418,302664,nominal,processor,0101100,True,accepted
20260510_232418,302665,nominal,processor,0000110,True,accepted
20260510_232418,302666,nominal,processor,0100101,True,accepted
20260510_232418,302667,nominal,processor,1100111,True,accepted
20260510_232418,302668,nominal,processor,1110110,True,accepted
20260510_232418,302669,nominal,processor,0001100,True,accepted
20260510_232418,302670,nominal,processor,0000000,True,accepted
20260510_232418,302671,nominal,processor,,False,conditional_h_C_interval_empty
20260510_232418,302672,nominal,processor,,False,conditional_h_C_interval_empty
20260510_232418,302673,nominal,processor,0100110,True,accepted
20260510_232418,302674,nominal,processor,1100110,True,accepted
20260510_232418,302675,nominal,processor,0001111,True,accepted
20260510_232418,302676,nominal,processor,0001101,True,accepted
20260510_232418,302677,nominal,processor,1111111,True,accepted
20260510_232418,302678,nominal,processor,0110100,True,accepted
20260510_232418,302679,nominal,processor,0000010,True,accepted
20260510_232418,302680,nominal,processor,,False,conditional_h_C_interval_empty
20260510_232418,302681,nominal,processor,0001110,True,accepted
20260510_232418,302682,nominal,processor,0001001,True,accepted
20260510_232418,302683,nominal,processor,0101101,True,accepted
20260510_232418,302684,nominal,processor,0110110,True,accepted
20260510_232418,302685,nominal,processor,0000011,True,accepted
20260510_232418,302686,nominal,processor,0001010,True,accepted
20260510_232418,302687,nominal,processor,,False,conditional_h_C_interval_empty
20260510_232418,302688,nominal,processor,,False,conditional_h_C_interval_empty
20260510_232418,302689,nominal,processor,1111100,True,accepted
20260510_232418,302690,nominal,processor,0101110,True,accepted
20260510_232418,302691,nominal,processor,0000000,True,accepted
20260510_232418,302692,nominal,processor,0000111,True,accepted
20260510_232418,302693,nominal,processor,0100111,True,accepted
20260510_232418,302694,nominal,processor,1101100,True,accepted
20260510_232418,302695,nominal,processor,,False,conditional_h_C_interval_empty
20260510_232418,302696,nominal,processor,0110111,True,accepted
20260510_232418,302697,nominal,processor,0000100,True,accepted
20260510_232418,302698,nominal,processor,0001010,True,accepted
20260510_232418,302699,nominal,processor,1110100,True,accepted
20260510_232418,302700,nominal,processor,0111110,True,accepted
20260510_232418,302701,nominal,processor,0001110,True,accepted
20260510_232418,302702,nominal,processor,0001000,True,accepted
20260510_232418,302703,nominal,processor,,False,conditional_h_C_interval_empty
20260510_232418,302704,nominal,processor,,False,conditional_h_C_interval_empty
20260510_232418,302705,nominal,processor,0110111,True,accepted
20260510_232418,302706,nominal,processor,1101110,True,accepted
20260510_232418,302707,nominal,processor,0001010,True,accepted
20260510_232418,302708,nominal,processor,0001111,True,accepted
20260510_232418,302709,nominal,processor,0111110,True,accepted
20260510_232418,302710,nominal,processor,0101110,True,accepted
20260510_232418,302711,nominal,processor,,False,conditional_h_C_interval_empty
20260510_232418,302712,nominal,processor,1111110,True,accepted
20260510_232418,302713,nominal,processor,0001101,True,accepted
20260510_232418,302714,nominal,processor,0000001,True,accepted
20260510_232418,302715,nominal,processor,0110101,True,accepted
20260510_232418,302716,nominal,processor,,False,conditional_h_C_interval_empty
20260510_232418,302717,nominal,processor,0000101,True,accepted
20260510_232418,302718,nominal,processor,0001111,True,accepted
20260510_232418,302719,nominal,processor,,False,conditional_h_C_interval_empty
20260510_232418,302720,nominal,processor,,False,conditional_h_C_interval_empty
20260510_232418,302721,nominal,processor,0001001,True,accepted
20260510_232418,302722,nominal,processor,0001110,True,accepted
20260510_232418,302723,nominal,processor,,False,conditional_h_C_interval_empty
20260510_232418,302724,nominal,processor,1101110,True,accepted
20260510_232418,302725,nominal,processor,0001001,True,accepted
20260510_232418,302726,nominal,processor,0000011,True,accepted
20260510_232418,302727,nominal,processor,,False,conditional_h_C_interval_empty
20260510_232418,302728,nominal,processor,0001111,True,accepted
20260510_232418,302729,nominal,processor,1100110,True,accepted
20260510_232418,302730,nominal,processor,0100110,True,accepted
20260510_232418,302731,nominal,processor,0000101,True,accepted
20260510_232418,302732,nominal,processor,0000010,True,accepted
20260510_232418,302733,nominal,processor,0110100,True,accepted
20260510_232418,302734,nominal,processor,1111111,True,accepted
20260510_232418,302735,nominal,processor,,False,conditional_h_C_interval_empty
20260510_232418,302736,nominal,processor,,False,conditional_h_C_interval_empty
20260510_232418,302737,nominal,processor,0100101,True,accepted
20260510_232418,302738,nominal,processor,0000110,True,accepted
20260510_232418,302739,nominal,processor,0101100,True,accepted
20260510_232418,302740,nominal,processor,0101111,True,accepted
20260510_232418,302741,nominal,processor,0000000,True,accepted
20260510_232418,302742,nominal,processor,0001100,True,accepted
20260510_232418,302743,nominal,processor,1110110,True,accepted
20260510_232418,302744,nominal,processor,,False,conditional_h_C_interval_empty
20260510_232418,302745,nominal,processor,0101101,True,accepted
20260510_232418,302746,nominal,processor,0111101,True,accepted
20260510_232418,302747,nominal,processor,0001110,True,accepted
20260510_232418,302748,nominal,processor,0001011,True,accepted
20260510_232418,302749,nominal,processor,1101111,True,accepted
20260510_232418,302750,nominal,processor,0111100,True,accepted
20260510_232418,302751,nominal,processor,,False,conditional_h_C_interval_empty
20260510_232418,302752,nominal,processor,,False,conditional_h_C_interval_empty
20260510_232418,302753,nominal,processor,0000010,True,accepted
20260510_232418,302754,nominal,processor,0001100,True,accepted
20260510_232418,302755,nominal,processor,1111110,True,accepted
20260510_232418,302756,nominal,processor,1100110,True,accepted
20260510_232418,302757,nominal,processor,0001111,True,accepted
20260510_232418,302758,nominal,processor,0000110,True,accepted
20260510_232418,302759,nominal,processor,0100110,True,accepted
20260510_232418,302760,nominal,processor,,False,conditional_h_C_interval_empty
20260510_232418,302761,nominal,processor,1101110,True,accepted
20260510_232418,302762,nominal,processor,0110110,True,accepted
20260510_232418,302763,nominal,processor,0000011,True,accepted
20260510_232418,302764,nominal,processor,0001001,True,accepted
20260510_232418,302765,nominal,processor,0101110,True,accepted
20260510_232418,302766,nominal,processor,1100100,True,accepted
20260510_232418,302767,nominal,processor,,False,conditional_h_C_interval_empty
20260510_232418,302768,nominal,processor,,False,conditional_h_C_interval_empty
20260510_232418,302769,nominal,processor,0001011,True,accepted
20260510_232418,302770,nominal,processor,0000100,True,accepted
20260510_232418,302771,nominal,processor,0111100,True,accepted
20260510_232418,302772,nominal,processor,0101101,True,accepted
20260510_232418,302773,nominal,processor,0000111,True,accepted
20260510_232418,302774,nominal,processor,0001110,True,accepted
20260510_232418,302775,nominal,processor,,False,conditional_h_C_interval_empty
20260510_232418,302776,nominal,processor,,False,conditional_h_C_interval_empty
20260510_232418,302777,nominal,processor,0101111,True,accepted
20260510_232418,302778,nominal,processor,1110111,True,accepted
20260510_232418,302779,nominal,processor,0001100,True,accepted
20260510_232418,302780,nominal,processor,0100101,True,accepted
20260510_232418,302781,nominal,processor,1100111,True,accepted
20260510_232418,302782,nominal,processor,0101100,True,accepted
20260510_232418,302783,nominal,processor,,False,conditional_h_C_interval_empty
20260510_232418,302784,nominal,processor,,False,conditional_h_C_interval_empty
20260510_232418,302785,nominal,processor,0111110,True,accepted
20260510_232418,302786,nominal,processor,0101100,True,accepted
20260510_232418,302787,nominal,processor,0000111,True,accepted
20260510_232418,302788,nominal,processor,0000100,True,accepted
20260510_232418,302789,nominal,processor,0111100,True,accepted
20260510_232418,302790,nominal,processor,1110101,True,accepted
20260510_232418,302791,nominal,processor,,False,conditional_h_C_interval_empty
20260510_232418,302792,nominal,processor,0100111,True,accepted
20260510_232418,302793,nominal,processor,0000110,True,accepted
20260510_232418,302794,nominal,processor,0100100,True,accepted
20260510_232418,302795,nominal,processor,1101100,True,accepted
20260510_232418,302796,nominal,processor,1111100,True,accepted
20260510_232418,302797,nominal,processor,0001011,True,accepted
20260510_232418,302798,nominal,processor,0000001,True,accepted
20260510_232418,302799,nominal,processor,,False,conditional_h_C_interval_empty
20260510_232418,302800,nominal,processor,,False,conditional_h_C_interval_empty
20260510_232418,302801,nominal,processor,0100111,True,accepted
20260510_232418,302802,nominal,processor,1100101,True,accepted
20260510_232418,302803,nominal,processor,0100100,True,accepted
20260510_232418,302804,nominal,processor,0001101,True,accepted
20260510_232418,302805,nominal,processor,1111101,True,accepted
20260510_232418,302806,nominal,processor,0110100,True,accepted
20260510_232418,302807,nominal,processor,0000001,True,accepted
20260510_232418,302808,nominal,processor,,False,conditional_h_C_interval_empty
20260510_232418,302809,nominal,processor,0001111,True,accepted
20260510_232418,302810,nominal,processor,0001000,True,accepted
20260510_232418,302811,nominal,processor,0101110,True,accepted
20260510_232418,302812,nominal,processor,0110110,True,accepted
20260510_232418,302813,nominal,processor,0000010,True,accepted
20260510_232418,302814,nominal,processor,0001010,True,accepted
20260510_232418,302815,nominal,processor,,False,conditional_h_C_interval_empty
20260510_232418,302816,nominal,processor,,False,conditional_h_C_interval_empty
20260510_232418,302817,nominal,processor,0001100,True,accepted
20260510_232418,302818,nominal,processor,0000000,True,accepted
20260510_232418,302819,nominal,processor,,False,conditional_h_C_interval_empty
20260510_232418,302820,nominal,processor,0101100,True,accepted
20260510_232418,302821,nominal,processor,0000110,True,accepted
20260510_232418,302822,nominal,processor,0100101,True,accepted
20260510_232418,302823,nominal,processor,1100111,True,accepted
20260510_232418,302824,nominal,processor,0000011,True,accepted
20260510_232418,302825,nominal,processor,0111100,True,accepted
20260510_232418,302826,nominal,processor,1101111,True,accepted
20260510_232418,302827,nominal,processor,0001011,True,accepted
20260510_232418,302828,nominal,processor,0001110,True,accepted
20260510_232418,302829,nominal,processor,0111101,True,accepted
20260510_232418,302830,nominal,processor,0101101,True,accepted
20260510_232418,302831,nominal,processor,,False,conditional_h_C_interval_empty
20260510_232418,302832,nominal,processor,,False,conditional_h_C_interval_empty
20260510_232418,302833,nominal,processor,0000011,True,accepted
20260510_232418,302834,nominal,processor,0001001,True,accepted
20260510_232418,302835,nominal,processor,1101110,True,accepted
20260510_232418,302836,nominal,processor,0111111,True,accepted
20260510_232418,302837,nominal,processor,0001110,True,accepted
20260510_232418,302838,nominal,processor,0001001,True,accepted
20260510_232418,302839,nominal,processor,,False,conditional_h_C_interval_empty
20260510_232418,302840,nominal,processor,,False,conditional_h_C_interval_empty
20260510_232418,302841,nominal,processor,1111111,True,accepted
20260510_232418,302842,nominal,processor,0110100,True,accepted
20260510_232418,302843,nominal,processor,0000010,True,accepted
20260510_232418,302844,nominal,processor,0000101,True,accepted
20260510_232418,302845,nominal,processor,0100110,True,accepted
20260510_232418,302846,nominal,processor,1100110,True,accepted
20260510_232418,302847,nominal,processor,,False,conditional_h_C_interval_empty
20260510_232418,302848,nominal,processor,,False,conditional_h_C_interval_empty
20260510_232418,302849,nominal,processor,0101110,True,accepted
20260510_232418,302850,nominal,processor,0111110,True,accepted
20260510_232418,302851,nominal,processor,0001111,True,accepted
20260510_232418,302852,nominal,processor,0001010,True,accepted
20260510_232418,302853,nominal,processor,1101110,True,accepted
20260510_232418,302854,nominal,processor,0110111,True,accepted
20260510_232418,302855,nominal,processor,,False,conditional_h_C_interval_empty
20260510_232418,302856,nominal,processor,1100100,True,accepted
20260510_232418,302857,nominal,processor,0100100,True,accepted
20260510_232418,302858,nominal,processor,0000101,True,accepted
20260510_232418,302859,nominal,processor,0100110,True,accepted
20260510_232418,302860,nominal,processor,0110101,True,accepted
20260510_232418,302861,nominal,processor,0000001,True,accepted
20260510_232418,302862,nominal,processor,0001101,True,accepted
20260510_232418,302863,nominal,processor,,False,conditional_h_C_interval_empty
20260510_232418,302864,nominal,processor,,False,conditional_h_C_interval_empty
20260510_232418,302865,nominal,processor,1101101,True,accepted
20260510_232418,302866,nominal,processor,0100111,True,accepted
20260510_232418,302867,nominal,processor,0000111,True,accepted
20260510_232418,302868,nominal,processor,0000000,True,accepted
20260510_232418,302869,nominal,processor,0101110,True,accepted
20260510_232418,302870,nominal,processor,1110111,True,accepted
20260510_232418,302871,nominal,processor,0001011,True,accepted
20260510_232418,302872,nominal,processor,,False,conditional_h_C_interval_empty
20260510_232418,302873,nominal,processor,0001000,True,accepted
20260510_232418,302874,nominal,processor,0001110,True,accepted
20260510_232418,302875,nominal,processor,0111110,True,accepted
20260510_232418,302876,nominal,processor,1110100,True,accepted
20260510_232418,302877,nominal,processor,0001010,True,accepted
20260510_232418,302878,nominal,processor,0000100,True,accepted
20260510_232418,302879,nominal,processor,,False,conditional_h_C_interval_empty
20260510_232418,302880,nominal,processor,,False,conditional_h_C_interval_empty
20260510_232418,302881,nominal,processor,0110100,True,accepted
20260510_232418,302882,nominal,processor,1111101,True,accepted
20260510_232418,302883,nominal,processor,0001101,True,accepted
20260510_232418,302884,nominal,processor,0100100,True,accepted
20260510_232418,302885,nominal,processor,1100101,True,accepted
20260510_232418,302886,nominal,processor,0100111,True,accepted
20260510_232418,302887,nominal,processor,,False,conditional_h_C_interval_empty
20260510_232418,302888,nominal,processor,1101101,True,accepted
20260510_232418,302889,nominal,processor,0001010,True,accepted
20260510_232418,401024,nominal,trader,0000101,True,accepted
20260510_232418,401025,nominal,trader,1101110,True,accepted
20260510_232418,401026,nominal,trader,0101101,True,accepted
20260510_232418,401027,nominal,trader,0001011,True,accepted
20260510_232418,401028,nominal,trader,0001101,True,accepted
20260510_232418,401029,nominal,trader,0101111,True,accepted
20260510_232418,401030,nominal,trader,1100110,True,accepted
20260510_232418,401031,nominal,trader,0000010,True,accepted
20260510_232418,401032,nominal,trader,0100110,True,accepted
20260510_232418,401033,nominal,trader,0001010,True,accepted
20260510_232418,401034,nominal,trader,0001000,True,accepted
20260510_232418,401035,nominal,trader,1110110,True,accepted
20260510_232418,401036,nominal,trader,0111101,True,accepted
20260510_232418,401037,nominal,trader,0000001,True,accepted
20260510_232418,401038,nominal,trader,0100100,True,accepted
20260510_232418,401039,nominal,trader,0110101,True,accepted
20260510_232418,401040,nominal,trader,0001010,True,accepted
20260510_232418,401041,nominal,trader,0101100,True,accepted
20260510_232418,401042,nominal,trader,1111111,True,accepted
20260510_232418,401043,nominal,trader,0001000,True,accepted
20260510_232418,401044,nominal,trader,0000001,True,accepted
20260510_232418,401045,nominal,trader,1100100,True,accepted
20260510_232418,401046,nominal,trader,0111101,True,accepted
20260510_232418,401047,nominal,trader,0100100,True,accepted
20260510_232418,401048,nominal,trader,1101111,True,accepted
20260510_232418,401049,nominal,trader,0000111,True,accepted
20260510_232418,401050,nominal,trader,0001101,True,accepted
20260510_232418,401051,nominal,trader,0101101,True,accepted
20260510_232418,401052,nominal,trader,0101111,True,accepted
20260510_232418,401053,nominal,trader,0001111,True,accepted
20260510_232418,401054,nominal,trader,0000100,True,accepted
20260510_232418,401055,nominal,trader,1100111,True,accepted
20260510_232418,401056,nominal,trader,0110111,True,accepted
20260510_232418,401057,nominal,trader,0100101,True,accepted
20260510_232418,401058,nominal,trader,0000010,True,accepted
20260510_232418,401059,nominal,trader,0111110,True,accepted
20260510_232418,401060,nominal,trader,1111101,True,accepted
20260510_232418,401061,nominal,trader,0001001,True,accepted
20260510_232418,401062,nominal,trader,0001011,True,accepted
20260510_232418,401063,nominal,trader,0100111,True,accepted
20260510_232418,401064,nominal,trader,0000100,True,accepted
20260510_232418,401065,nominal,trader,1101100,True,accepted
20260510_232418,401066,nominal,trader,0110101,True,accepted
20260510_232418,401067,nominal,trader,0001110,True,accepted
20260510_232418,401068,nominal,trader,0001100,True,accepted
20260510_232418,401069,nominal,trader,0101110,True,accepted
20260510_232418,401070,nominal,trader,1110101,True,accepted
20260510_232418,401071,nominal,trader,0000110,True,accepted
20260510_232418,401072,nominal,trader,1100100,True,accepted
20260510_232418,401073,nominal,trader,0000011,True,accepted
20260510_232418,401074,nominal,trader,0001110,True,accepted
20260510_232418,401075,nominal,trader,0101110,True,accepted
20260510_232418,401076,nominal,trader,0101100,True,accepted
20260510_232418,401077,nominal,trader,0001100,True,accepted
20260510_232418,401078,nominal,trader,0000110,True,accepted
20260510_232418,401079,nominal,trader,1101101,True,accepted
20260510_232418,401080,nominal,trader,0001111,True,accepted
20260510_232418,401081,nominal,trader,0110111,True,accepted
20260510_232418,401082,nominal,trader,0111110,True,accepted
20260510_232418,401083,nominal,trader,0000000,True,accepted
20260510_232418,401084,nominal,trader,0000111,True,accepted
20260510_232418,401085,nominal,trader,1111100,True,accepted
20260510_232418,401086,nominal,trader,0100110,True,accepted
20260510_232418,401087,nominal,trader,0001001,True,accepted
20260510_232418,401088,nominal,trader,0101110,True,accepted
20260510_232418,401089,nominal,trader,0001101,True,accepted
20260510_232418,401090,nominal,trader,0000110,True,accepted
20260510_232418,401091,nominal,trader,1110100,True,accepted
20260510_232418,401092,nominal,trader,1101100,True,accepted
20260510_232418,401093,nominal,trader,0000100,True,accepted
20260510_232418,401094,nominal,trader,0001110,True,accepted
20260510_232418,401095,nominal,trader,0110100,True,accepted
20260510_232418,401096,nominal,trader,0001001,True,accepted
20260510_232418,401097,nominal,trader,1111110,True,accepted
20260510_232418,401098,nominal,trader,0100111,True,accepted
20260510_232418,401099,nominal,trader,0001011,True,accepted
20260510_232418,401100,nominal,trader,0100101,True,accepted
20260510_232418,401101,nominal,trader,0111100,True,accepted
20260510_232418,401102,nominal,trader,0111111,True,accepted
20260510_232418,401103,nominal,trader,0000010,True,accepted
20260510_232418,401104,nominal,trader,1110111,True,accepted
20260510_232418,401105,nominal,trader,0000111,True,accepted
20260510_232418,401106,nominal,trader,0001010,True,accepted
20260510_232418,401107,nominal,trader,0100110,True,accepted
20260510_232418,401108,nominal,trader,0110110,True,accepted
20260510_232418,401109,nominal,trader,0001111,True,accepted
20260510_232418,401110,nominal,trader,0000000,True,accepted
20260510_232418,401111,nominal,trader,0111110,True,accepted
20260510_232418,401112,nominal,trader,0001100,True,accepted
20260510_232418,401113,nominal,trader,0101101,True,accepted
20260510_232418,401114,nominal,trader,1101101,True,accepted
20260510_232418,401115,nominal,trader,0000101,True,accepted
20260510_232418,401116,nominal,trader,0000011,True,accepted
20260510_232418,401117,nominal,trader,1100101,True,accepted
20260510_232418,401118,nominal,trader,0101110,True,accepted
20260510_232418,401119,nominal,trader,0001110,True,accepted
20260510_232418,401120,nominal,trader,0000000,True,accepted
20260510_232418,401121,nominal,trader,0111101,True,accepted
20260510_232418,401122,nominal,trader,0110110,True,accepted
20260510_232418,401123,nominal,trader,0100100,True,accepted
20260510_232418,401124,nominal,trader,0001010,True,accepted
20260510_232418,401125,nominal,trader,0100110,True,accepted
20260510_232418,401126,nominal,trader,1110111,True,accepted
20260510_232418,401127,nominal,trader,0000111,True,accepted
20260510_232418,401128,nominal,trader,0101111,True,accepted
20260510_232418,401129,nominal,trader,0001101,True,accepted
20260510_232418,401130,nominal,trader,0000010,True,accepted
20260510_232418,401131,nominal,trader,1100110,True,accepted
20260510_232418,401132,nominal,trader,1101110,True,accepted
20260510_232418,401133,nominal,trader,0000101,True,accepted
20260510_232418,401134,nominal,trader,0001100,True,accepted
20260510_232418,401135,nominal,trader,0101101,True,accepted
20260510_232418,401136,nominal,trader,0001111,True,accepted
20260510_232418,401137,nominal,trader,0110100,True,accepted
20260510_232418,401138,nominal,trader,1100111,True,accepted
20260510_232418,401139,nominal,trader,0000100,True,accepted
20260510_232418,401140,nominal,trader,0000110,True,accepted
20260510_232418,401141,nominal,trader,1110100,True,accepted
20260510_232418,401142,nominal,trader,0101110,True,accepted
20260510_232418,401143,nominal,trader,0001101,True,accepted
20260510_232418,401144,nominal,trader,0111111,True,accepted
20260510_232418,401145,nominal,trader,0000001,True,accepted
20260510_232418,401146,nominal,trader,0100100,True,accepted
20260510_232418,401147,nominal,trader,0111100,True,accepted
20260510_232418,401148,nominal,trader,0101100,True,accepted
20260510_232418,401149,nominal,trader,0001011,True,accepted
20260510_232418,401150,nominal,trader,0001000,True,accepted
20260510_232418,401151,nominal,trader,1111110,True,accepted
20260510_232418,401152,nominal,trader,0000101,True,accepted
20260510_232418,401153,nominal,trader,1101101,True,accepted
20260510_232418,401154,nominal,trader,0101100,True,accepted
20260510_232418,401155,nominal,trader,0001100,True,accepted
20260510_232418,401156,nominal,trader,0001110,True,accepted
20260510_232418,401157,nominal,trader,0101111,True,accepted
20260510_232418,401158,nominal,trader,1100101,True,accepted
20260510_232418,401159,nominal,trader,0000011,True,accepted
20260510_232418,401160,nominal,trader,0100110,True,accepted
20260510_232418,401161,nominal,trader,0001001,True,accepted
20260510_232418,401162,nominal,trader,0000111,True,accepted
20260510_232418,401163,nominal,trader,1111100,True,accepted
20260510_232418,401164,nominal,trader,0111110,True,accepted
20260510_232418,401165,nominal,trader,0000000,True,accepted
20260510_232418,401166,nominal,trader,0001111,True,accepted
20260510_232418,401167,nominal,trader,0110110,True,accepted
20260510_232418,401168,nominal,trader,0001011,True,accepted
20260510_232418,401169,nominal,trader,0100111,True,accepted
20260510_232418,401170,nominal,trader,1111110,True,accepted
20260510_232418,401171,nominal,trader,0001001,True,accepted
20260510_232418,401172,nominal,trader,0000010,True,accepted
20260510_232418,401173,nominal,trader,0111111,True,accepted
20260510_232418,401174,nominal,trader,0111100,True,accepted
20260510_232418,401175,nominal,trader,0100101,True,accepted
20260510_232418,401176,nominal,trader,1110101,True,accepted
20260510_232418,401177,nominal,trader,0000110,True,accepted
20260510_232418,401178,nominal,trader,0001100,True,accepted
20260510_232418,401179,nominal,trader,0101110,True,accepted
20260510_232418,401180,nominal,trader,0110100,True,accepted
20260510_232418,401181,nominal,trader,0001110,True,accepted
20260510_232418,401182,nominal,trader,0000100,True,accepted
20260510_232418,401183,nominal,trader,1101100,True,accepted
20260510_232418,401184,nominal,trader,0111100,True,accepted
20260510_232418,401185,nominal,trader,0100101,True,accepted
20260510_232418,401186,nominal,trader,0000001,True,accepted
20260510_232418,401187,nominal,trader,0111111,True,accepted
20260510_232418,401188,nominal,trader,1111111,True,accepted
20260510_232418,401189,nominal,trader,0001000,True,accepted
20260510_232418,401190,nominal,trader,0001010,True,accepted
20260510_232418,401191,nominal,trader,0101100,True,accepted
20260510_232418,401192,nominal,trader,0000100,True,accepted
20260510_232418,401193,nominal,trader,1100111,True,accepted
20260510_232418,401194,nominal,trader,0110100,True,accepted
20260510_232418,401195,nominal,trader,0001111,True,accepted
20260510_232418,401196,nominal,trader,0001101,True,accepted
20260510_232418,401197,nominal,trader,0101110,True,accepted
20260510_232418,401198,nominal,trader,1101111,True,accepted
20260510_232418,401199,nominal,trader,0000110,True,accepted
20260510_232418,401200,nominal,trader,1100101,True,accepted
20260510_232418,401201,nominal,trader,0000011,True,accepted
20260510_232418,401202,nominal,trader,0001110,True,accepted
20260510_232418,401203,nominal,trader,0101111,True,accepted
20260510_232418,401204,nominal,trader,0101101,True,accepted
20260510_232418,401205,nominal,trader,0001100,True,accepted
20260510_232418,401206,nominal,trader,0000101,True,accepted
20260510_232418,401207,nominal,trader,1101110,True,accepted
20260510_232418,401208,nominal,trader,0100100,True,accepted
20260510_232418,401209,nominal,trader,0110110,True,accepted
20260510_232418,401210,nominal,trader,0111101,True,accepted
20260510_232418,401211,nominal,trader,0000000,True,accepted
20260510_232418,401212,nominal,trader,0001000,True,accepted
20260510_232418,401213,nominal,trader,1110111,True,accepted
20260510_232418,401214,nominal,trader,0100110,True,accepted
20260510_232418,401215,nominal,trader,0001010,True,accepted
20260510_232418,401216,nominal,trader,0101101,True,accepted
20260510_232418,401217,nominal,trader,0001101,True,accepted
20260510_232418,401218,nominal,trader,0000111,True,accepted
20260510_232418,401219,nominal,trader,1101111,True,accepted
20260510_232418,401220,nominal,trader,1100111,True,accepted
20260510_232418,401221,nominal,trader,0000100,True,accepted
20260510_232418,401222,nominal,trader,0001111,True,accepted
20260510_232418,401223,nominal,trader,0101111,True,accepted
20260510_232418,401224,nominal,trader,0001000,True,accepted
20260510_232418,401225,nominal,trader,1111111,True,accepted
20260510_232418,401226,nominal,trader,0101100,True,accepted
20260510_232418,401227,nominal,trader,0001010,True,accepted
20260510_232418,401228,nominal,trader,0100100,True,accepted
20260510_232418,401229,nominal,trader,0111100,True,accepted
20260510_232418,401230,nominal,trader,0111111,True,accepted
20260510_232418,401231,nominal,trader,0000001,True,accepted
20260510_232418,401232,nominal,trader,1110110,True,accepted
20260510_232418,401233,nominal,trader,0001000,True,accepted
20260510_232418,401234,nominal,trader,0001010,True,accepted
20260510_232418,401235,nominal,trader,0100110,True,accepted
20260510_232418,401236,nominal,trader,0110110,True,accepted
20260510_232418,401237,nominal,trader,0100100,True,accepted
20260510_232418,401238,nominal,trader,0000001,True,accepted
20260510_232418,401239,nominal,trader,0111101,True,accepted
20260510_232418,401240,nominal,trader,0001011,True,accepted
20260510_232418,401241,nominal,trader,0101101,True,accepted
20260510_232418,401242,nominal,trader,1101110,True,accepted
20260510_232418,401243,nominal,trader,0000101,True,accepted
20260510_232418,401244,nominal,trader,0000010,True,accepted
20260510_232418,401245,nominal,trader,1100110,True,accepted
20260510_232418,401246,nominal,trader,0101111,True,accepted
20260510_232418,401247,nominal,trader,0001101,True,accepted
20260510_232418,401248,nominal,trader,0000000,True,accepted
20260510_232418,401249,nominal,trader,0111110,True,accepted
20260510_232418,401250,nominal,trader,0110111,True,accepted
20260510_232418,401251,nominal,trader,0001111,True,accepted
20260510_232418,401252,nominal,trader,0001001,True,accepted
20260510_232418,401253,nominal,trader,0100111,True,accepted
20260510_232418,401254,nominal,trader,1111100,True,accepted
20260510_232418,401255,nominal,trader,0000111,True,accepted
20260510_232418,401256,nominal,trader,0101110,True,accepted
20260510_232418,401257,nominal,trader,0001110,True,accepted
20260510_232418,401258,nominal,trader,0000011,True,accepted
20260510_232418,401259,nominal,trader,1100100,True,accepted
20260510_232418,401260,nominal,trader,1101101,True,accepted
20260510_232418,401261,nominal,trader,0000110,True,accepted
20260510_232418,401262,nominal,trader,0001100,True,accepted
20260510_232418,401263,nominal,trader,0101100,True,accepted
20260510_232418,401264,nominal,trader,0001110,True,accepted
20260510_232418,401265,nominal,trader,0110101,True,accepted
20260510_232418,401266,nominal,trader,1101100,True,accepted
20260510_232418,401267,nominal,trader,0000100,True,accepted
20260510_232418,401268,nominal,trader,0000110,True,accepted
20260510_232418,401269,nominal,trader,1110101,True,accepted
20260510_232418,401270,nominal,trader,0101110,True,accepted
20260510_232418,401271,nominal,trader,0001100,True,accepted
20260510_232418,401272,nominal,trader,0111111,True,accepted
20260510_232418,401273,nominal,trader,0000010,True,accepted
20260510_232418,401274,nominal,trader,0100101,True,accepted
20260510_232418,401275,nominal,trader,0110111,True,accepted
20260510_232418,401276,nominal,trader,0100111,True,accepted
20260510_232418,401277,nominal,trader,0001011,True,accepted
20260510_232418,401278,nominal,trader,0001001,True,accepted
20260510_232418,401279,nominal,trader,1111101,True,accepted
20260510_232418,401280,nominal,trader,1101110,True,accepted
20260510_232418,401281,nominal,trader,0000101,True,accepted
20260510_232418,401282,nominal,trader,0001011,True,accepted
20260510_232418,401283,nominal,trader,0101101,True,accepted
20260510_232418,401284,nominal,trader,0101111,True,accepted
20260510_232418,401285,nominal,trader,0001110,True,accepted
20260510_232418,401286,nominal,trader,0000011,True,accepted
20260510_232418,401287,nominal,trader,1100101,True,accepted
20260510_232418,401288,nominal,trader,0001010,True,accepted
20260510_232418,401289,nominal,trader,0100110,True,accepted
20260510_232418,401290,nominal,trader,1110110,True,accepted
20260510_232418,401291,nominal,trader,0001000,True,accepted
20260510_232418,401292,nominal,trader,0000000,True,accepted
20260510_232418,401293,nominal,trader,0111110,True,accepted
20260510_232418,401294,nominal,trader,0110110,True,accepted
20260510_232418,401295,nominal,trader,0001111,True,accepted
20260510_232418,401296,nominal,trader,0101100,True,accepted
20260510_232418,401297,nominal,trader,0001010,True,accepted
20260510_232418,401298,nominal,trader,0001000,True,accepted
20260510_232418,401299,nominal,trader,1111111,True,accepted
20260510_232418,401300,nominal,trader,0111111,True,accepted
20260510_232418,401301,nominal,trader,0000001,True,accepted
20260510_232418,401302,nominal,trader,0100101,True,accepted
20260510_232418,401303,nominal,trader,0111100,True,accepted
20260510_232418,401304,nominal,trader,0000110,True,accepted
20260510_232418,401305,nominal,trader,1101111,True,accepted
20260510_232418,401306,nominal,trader,0101110,True,accepted
20260510_232418,401307,nominal,trader,0001101,True,accepted
20260510_232418,401308,nominal,trader,0001111,True,accepted
20260510_232418,401309,nominal,trader,0110100,True,accepted
20260510_232418,401310,nominal,trader,1100111,True,accepted
20260510_232418,401311,nominal,trader,0000100,True,accepted
20260510_232418,401312,nominal,trader,0100101,True,accepted
20260510_232418,401313,nominal,trader,0111100,True,accepted
20260510_232418,401314,nominal,trader,0111111,True,accepted
20260510_232418,401315,nominal,trader,0000010,True,accepted
20260510_232418,401316,nominal,trader,0001001,True,accepted
20260510_232418,401317,nominal,trader,1111110,True,accepted
20260510_232418,401318,nominal,trader,0100111,True,accepted
20260510_232418,401319,nominal,trader,0001011,True,accepted
20260510_232418,401320,nominal,trader,1101100,True,accepted
20260510_232418,401321,nominal,trader,0000100,True,accepted
20260510_232418,401322,nominal,trader,0001110,True,accepted
20260510_232418,401323,nominal,trader,0110100,True,accepted
20260510_232418,401324,nominal,trader,0101110,True,accepted
20260510_232418,401325,nominal,trader,0001101,True,accepted
20260510_232418,401326,nominal,trader,0000110,True,accepted
20260510_232418,401327,nominal,trader,1110100,True,accepted
20260510_232418,401328,nominal,trader,0000011,True,accepted
20260510_232418,401329,nominal,trader,1100101,True,accepted
20260510_232418,401330,nominal,trader,0101111,True,accepted
20260510_232418,401331,nominal,trader,0001110,True,accepted
20260510_232418,401332,nominal,trader,0001100,True,accepted
20260510_232418,401333,nominal,trader,0101100,True,accepted
20260510_232418,401334,nominal,trader,1101101,True,accepted
20260510_232418,401335,nominal,trader,0000101,True,accepted
20260510_232418,401336,nominal,trader,0110110,True,accepted
20260510_232418,401337,nominal,trader,0001111,True,accepted
20260510_232418,401338,nominal,trader,0000000,True,accepted
20260510_232418,401339,nominal,trader,0111110,True,accepted
20260510_232418,401340,nominal,trader,1111100,True,accepted
20260510_232418,401341,nominal,trader,0000111,True,accepted
20260510_232418,401342,nominal,trader,0001001,True,accepted
20260510_232418,401343,nominal,trader,0100110,True,accepted
20260510_232418,401344,nominal,trader,0001100,True,accepted
20260510_232418,401345,nominal,trader,0101110,True,accepted
20260510_232418,401346,nominal,trader,1110101,True,accepted
20260510_232418,401347,nominal,trader,0000110,True,accepted
20260510_232418,401348,nominal,trader,0000100,True,accepted
20260510_232418,401349,nominal,trader,1101100,True,accepted
20260510_232418,401350,nominal,trader,0110101,True,accepted
20260510_232418,401351,nominal,trader,0001110,True,accepted
20260510_232418,401352,nominal,trader,1111101,True,accepted
20260510_232418,401353,nominal,trader,0001001,True,accepted
20260510_232418,401354,nominal,trader,0001011,True,accepted
20260510_232418,401355,nominal,trader,0100111,True,accepted
20260510_232418,401356,nominal,trader,0110111,True,accepted
20260510_232418,401357,nominal,trader,0100101,True,accepted
20260510_232418,401358,nominal,trader,0000010,True,accepted
20260510_232418,401359,nominal,trader,0111110,True,accepted
20260510_232418,401360,nominal,trader,0000111,True,accepted
20260510_232418,401361,nominal,trader,1111100,True,accepted
20260510_232418,401362,nominal,trader,0100111,True,accepted
20260510_232418,401363,nominal,trader,0001001,True,accepted
20260510_232418,401364,nominal,trader,0001111,True,accepted
20260510_232418,401365,nominal,trader,0110111,True,accepted
20260510_232418,401366,nominal,trader,0111110,True,accepted
20260510_232418,401367,nominal,trader,0000000,True,accepted
20260510_232418,401368,nominal,trader,0101100,True,accepted
20260510_232418,401369,nominal,trader,0001100,True,accepted
20260510_232418,401370,nominal,trader,0000110,True,accepted
20260510_232418,401371,nominal,trader,1101101,True,accepted
20260510_232418,401372,nominal,trader,1100100,True,accepted
20260510_232418,401373,nominal,trader,0000011,True,accepted
20260510_232418,401374,nominal,trader,0001110,True,accepted
20260510_232418,401375,nominal,trader,0101110,True,accepted
20260510_232418,401376,nominal,trader,0111101,True,accepted
20260510_232418,401377,nominal,trader,0000001,True,accepted
20260510_232418,401378,nominal,trader,0100100,True,accepted
20260510_232418,401379,nominal,trader,0110101,True,accepted
20260510_232418,401380,nominal,trader,0100110,True,accepted
20260510_232418,401381,nominal,trader,0001010,True,accepted
20260510_232418,401382,nominal,trader,0001000,True,accepted
20260510_232418,401383,nominal,trader,1110110,True,accepted
20260510_232418,401384,nominal,trader,0001101,True,accepted
20260510_232418,401385,nominal,trader,0101111,True,accepted
20260510_232418,401386,nominal,trader,1100110,True,accepted
20260510_232418,401387,nominal,trader,0000010,True,accepted
20260510_232418,401388,nominal,trader,0000101,True,accepted
20260510_232418,401389,nominal,trader,1101111,True,accepted
20260510_232418,401390,nominal,trader,0101101,True,accepted
20260510_232418,401391,nominal,trader,0001011,True,accepted
20260510_232418,401392,nominal,trader,0110100,True,accepted
20260510_232418,401393,nominal,trader,0001111,True,accepted
20260510_232418,401394,nominal,trader,0000100,True,accepted
20260510_232418,401395,nominal,trader,1100111,True,accepted
20260510_232418,401396,nominal,trader,1101111,True,accepted
20260510_232418,401397,nominal,trader,0000111,True,accepted
20260510_232418,401398,nominal,trader,0001101,True,accepted
20260510_232418,401399,nominal,trader,0101101,True,accepted
20260510_232418,401400,nominal,trader,0000001,True,accepted
20260510_232418,401401,nominal,trader,1100100,True,accepted
20260510_232418,401402,nominal,trader,0111100,True,accepted
20260510_232418,401403,nominal,trader,0100100,True,accepted
20260510_232418,401404,nominal,trader,0001010,True,accepted
20260510_232418,401405,nominal,trader,0101100,True,accepted
20260510_232418,401406,nominal,trader,1111111,True,accepted
20260510_232418,401407,nominal,trader,0001000,True,accepted
20260510_232418,401408,nominal,trader,1101101,True,accepted
20260510_232418,401409,nominal,trader,0000110,True,accepted
20260510_232418,401410,nominal,trader,0001100,True,accepted
20260510_232418,401411,nominal,trader,0101100,True,accepted
20260510_232418,401412,nominal,trader,0101110,True,accepted
20260510_232418,401413,nominal,trader,0001110,True,accepted
20260510_232418,401414,nominal,trader,0000011,True,accepted
20260510_232418,401415,nominal,trader,1100100,True,accepted
20260510_232418,401416,nominal,trader,0001001,True,accepted
20260510_232418,401417,nominal,trader,0100111,True,accepted
20260510_232418,401418,nominal,trader,1111100,True,accepted
20260510_232418,401419,nominal,trader,0000111,True,accepted
20260510_232418,401420,nominal,trader,0000000,True,accepted
20260510_232418,401421,nominal,trader,0111110,True,accepted
20260510_232418,401422,nominal,trader,0110111,True,accepted
20260510_232418,401423,nominal,trader,0001111,True,accepted
20260510_232418,401424,nominal,trader,0100111,True,accepted
20260510_232418,401425,nominal,trader,0001011,True,accepted
20260510_232418,401426,nominal,trader,0001001,True,accepted
20260510_232418,401427,nominal,trader,1111101,True,accepted
20260510_232418,401428,nominal,trader,0111110,True,accepted
20260510_232418,401429,nominal,trader,0000010,True,accepted
20260510_232418,401430,nominal,trader,0100101,True,accepted
20260510_232418,401431,nominal,trader,0110111,True,accepted
20260510_232418,401432,nominal,trader,0000110,True,accepted
20260510_232418,401433,nominal,trader,1110101,True,accepted
20260510_232418,401434,nominal,trader,0101110,True,accepted
20260510_232418,401435,nominal,trader,0001100,True,accepted
20260510_232418,401436,nominal,trader,0001110,True,accepted
20260510_232418,401437,nominal,trader,0110101,True,accepted
20260510_232418,401438,nominal,trader,1101100,True,accepted
20260510_232418,401439,nominal,trader,0000011,True,accepted
20260510_232418,401440,nominal,trader,0100100,True,accepted
20260510_232418,401441,nominal,trader,0111101,True,accepted
20260510_232418,401442,nominal,trader,1100100,True,accepted
20260510_232418,401443,nominal,trader,0000001,True,accepted
20260510_232418,401444,nominal,trader,0001000,True,accepted
20260510_232418,401445,nominal,trader,1111111,True,accepted
20260510_232418,401446,nominal,trader,0101100,True,accepted
20260510_232418,401447,nominal,trader,0001010,True,accepted
20260510_232418,401448,nominal,trader,1100111,True,accepted
20260510_232418,401449,nominal,trader,0000101,True,accepted
20260510_232418,401450,nominal,trader,0001111,True,accepted
20260510_232418,401451,nominal,trader,0101111,True,accepted
20260510_232418,401452,nominal,trader,0101101,True,accepted
20260510_232418,401453,nominal,trader,0001101,True,accepted
20260510_232418,401454,nominal,trader,0000111,True,accepted
20260510_232418,401455,nominal,trader,1101111,True,accepted
20260510_232418,401456,nominal,trader,0000010,True,accepted
20260510_232418,401457,nominal,trader,1100110,True,accepted
20260510_232418,401458,nominal,trader,0101111,True,accepted
20260510_232418,401459,nominal,trader,0001101,True,accepted
20260510_232418,401460,nominal,trader,0001011,True,accepted
20260510_232418,401461,nominal,trader,0101101,True,accepted
20260510_232418,401462,nominal,trader,1101110,True,accepted
20260510_232418,401463,nominal,trader,0000101,True,accepted
20260510_232418,401464,nominal,trader,0110101,True,accepted
20260510_232418,401465,nominal,trader,0100100,True,accepted
20260510_232418,401466,nominal,trader,0000001,True,accepted
20260510_232418,401467,nominal,trader,0111101,True,accepted
20260510_232418,401468,nominal,trader,1110110,True,accepted
20260510_232418,401469,nominal,trader,0001000,True,accepted
20260510_232418,401470,nominal,trader,0001010,True,accepted
20260510_232418,401471,nominal,trader,0100110,True,accepted
20260510_232418,401472,nominal,trader,0001101,True,accepted
20260510_232418,401473,nominal,trader,0101110,True,accepted
20260510_232418,401474,nominal,trader,1101111,True,accepted
20260510_232418,401475,nominal,trader,0000110,True,accepted
20260510_232418,401476,nominal,trader,0000100,True,accepted
20260510_232418,401477,nominal,trader,1100111,True,accepted
20260510_232418,401478,nominal,trader,0110100,True,accepted
20260510_232418,401479,nominal,trader,0001111,True,accepted
20260510_232418,401480,nominal,trader,1111110,True,accepted
20260510_232418,401481,nominal,trader,0001000,True,accepted
20260510_232418,401482,nominal,trader,0001011,True,accepted
20260510_232418,401483,nominal,trader,0100111,True,accepted
20260510_232418,401484,nominal,trader,0111100,True,accepted
20260510_232418,401485,nominal,trader,0100101,True,accepted
20260510_232418,401486,nominal,trader,0000001,True,accepted
20260510_232418,401487,nominal,trader,0111111,True,accepted
20260510_232418,401488,nominal,trader,0000111,True,accepted
20260510_232418,401489,nominal,trader,1110111,True,accepted
20260510_232418,401490,nominal,trader,0100110,True,accepted
20260510_232418,401491,nominal,trader,0001010,True,accepted
20260510_232418,401492,nominal,trader,0100100,True,accepted
20260510_232418,401493,nominal,trader,0110110,True,accepted
20260510_232418,401494,nominal,trader,0111101,True,accepted
20260510_232418,401495,nominal,trader,0000000,True,accepted
20260510_232418,401496,nominal,trader,0101101,True,accepted
20260510_232418,401497,nominal,trader,0001100,True,accepted
20260510_232418,401498,nominal,trader,0000101,True,accepted
20260510_232418,401499,nominal,trader,1101110,True,accepted
20260510_232418,401500,nominal,trader,1100110,True,accepted
20260510_232418,401501,nominal,trader,0000011,True,accepted
20260510_232418,401502,nominal,trader,0001101,True,accepted
20260510_232418,401503,nominal,trader,0101111,True,accepted
20260510_232418,401504,nominal,trader,0111110,True,accepted
20260510_232418,401505,nominal,trader,0000000,True,accepted
20260510_232418,401506,nominal,trader,0001111,True,accepted
20260510_232418,401507,nominal,trader,0110110,True,accepted
20260510_232418,401508,nominal,trader,0100110,True,accepted
20260510_232418,401509,nominal,trader,0001010,True,accepted
20260510_232418,401510,nominal,trader,0000111,True,accepted
20260510_232418,401511,nominal,trader,1110111,True,accepted
20260510_232418,401512,nominal,trader,0001110,True,accepted
20260510_232418,401513,nominal,trader,0101111,True,accepted
20260510_232418,401514,nominal,trader,1100101,True,accepted
20260510_232418,401515,nominal,trader,0000011,True,accepted
20260510_232418,401516,nominal,trader,0000101,True,accepted
20260510_232418,401517,nominal,trader,1101110,True,accepted
20260510_232418,401518,nominal,trader,0101100,True,accepted
20260510_232418,401519,nominal,trader,0001100,True,accepted
20260510_232418,401520,nominal,trader,0110101,True,accepted
20260510_232418,401521,nominal,trader,0001110,True,accepted
20260510_232418,401522,nominal,trader,0000100,True,accepted
20260510_232418,401523,nominal,trader,1101100,True,accepted
20260510_232418,401524,nominal,trader,1110100,True,accepted
20260510_232418,401525,nominal,trader,0000110,True,accepted
20260510_232418,401526,nominal,trader,0001101,True,accepted
20260510_232418,401527,nominal,trader,0101110,True,accepted
20260510_232418,401528,nominal,trader,0000010,True,accepted
20260510_232418,401529,nominal,trader,0111111,True,accepted
20260510_232418,401530,nominal,trader,0111100,True,accepted
20260510_232418,401531,nominal,trader,0100101,True,accepted
20260510_232418,401532,nominal,trader,0001011,True,accepted
20260510_232418,401533,nominal,trader,0100111,True,accepted
20260510_232418,401534,nominal,trader,1111110,True,accepted
20260510_232418,401535,nominal,trader,0001001,True,accepted
20260510_232418,401536,nominal,trader,0001100,True,accepted
20260510_232418,401537,nominal,trader,0101101,True,accepted
20260510_232418,401538,nominal,trader,1101110,True,accepted
20260510_232418,401539,nominal,trader,0000101,True,accepted
20260510_232418,401540,nominal,trader,0000011,True,accepted
20260510_232418,401541,nominal,trader,1100110,True,accepted
20260510_232418,401542,nominal,trader,0101111,True,accepted
20260510_232418,401543,nominal,trader,0001110,True,accepted
20260510_232418,401544,nominal,trader,1110111,True,accepted
20260510_232418,401545,nominal,trader,0000111,True,accepted
20260510_232418,401546,nominal,trader,0001010,True,accepted
20260510_232418,401547,nominal,trader,0100110,True,accepted
20260510_232418,401548,nominal,trader,0110110,True,accepted
20260510_232418,401549,nominal,trader,0100100,True,accepted
20260510_232418,401550,nominal,trader,0000000,True,accepted
20260510_232418,401551,nominal,trader,0111101,True,accepted
20260510_232418,401552,nominal,trader,0001000,True,accepted
20260510_232418,401553,nominal,trader,1111110,True,accepted
20260510_232418,401554,nominal,trader,0101100,True,accepted
20260510_232418,401555,nominal,trader,0001011,True,accepted
20260510_232418,401556,nominal,trader,0100101,True,accepted
20260510_232418,401557,nominal,trader,0111100,True,accepted
20260510_232418,401558,nominal,trader,0111111,True,accepted
20260510_232418,401559,nominal,trader,0000001,True,accepted
20260510_232418,401560,nominal,trader,0101110,True,accepted
20260510_232418,401561,nominal,trader,0001101,True,accepted
20260510_232418,401562,nominal,trader,0000110,True,accepted
20260510_232418,401563,nominal,trader,1101111,True,accepted
20260510_232418,401564,nominal,trader,1100111,True,accepted
20260510_232418,401565,nominal,trader,0000100,True,accepted
20260510_232418,401566,nominal,trader,0001111,True,accepted
20260510_232418,401567,nominal,trader,0110100,True,accepted
20260510_232418,401568,nominal,trader,0111111,True,accepted
20260510_232418,401569,nominal,trader,0000010,True,accepted
20260510_232418,401570,nominal,trader,0100101,True,accepted
20260510_232418,401571,nominal,trader,0111100,True,accepted
20260510_232418,401572,nominal,trader,0100111,True,accepted
20260510_232418,401573,nominal,trader,0001011,True,accepted
20260510_232418,401574,nominal,trader,0001001,True,accepted
20260510_232418,401575,nominal,trader,1111110,True,accepted
20260510_232418,401576,nominal,trader,0001110,True,accepted
20260510_232418,401577,nominal,trader,0110100,True,accepted
20260510_232418,401578,nominal,trader,1101100,True,accepted
20260510_232418,401579,nominal,trader,0000100,True,accepted
20260510_232418,401580,nominal,trader,0000110,True,accepted
20260510_232418,401581,nominal,trader,1110100,True,accepted
20260510_232418,401582,nominal,trader,0101110,True,accepted
20260510_232418,401583,nominal,trader,0001101,True,accepted
20260510_232418,401584,nominal,trader,0101111,True,accepted
20260510_232418,401585,nominal,trader,0001110,True,accepted
20260510_232418,401586,nominal,trader,0000011,True,accepted
20260510_232418,401587,nominal,trader,1100101,True,accepted
20260510_232418,401588,nominal,trader,1101110,True,accepted
20260510_232418,401589,nominal,trader,0000101,True,accepted
20260510_232418,401590,nominal,trader,0001100,True,accepted
20260510_232418,401591,nominal,trader,0101101,True,accepted
20260510_232418,401592,nominal,trader,0000000,True,accepted
20260510_232418,401593,nominal,trader,0111110,True,accepted
20260510_232418,401594,nominal,trader,0110110,True,accepted
20260510_232418,401595,nominal,trader,0001111,True,accepted
20260510_232418,401596,nominal,trader,0001010,True,accepted
20260510_232418,401597,nominal,trader,0100110,True,accepted
20260510_232418,401598,nominal,trader,1110111,True,accepted
20260510_232418,401599,nominal,trader,0000111,True,accepted
20260510_232418,401600,nominal,trader,1110101,True,accepted
20260510_232418,401601,nominal,trader,0000110,True,accepted
20260510_232418,401602,nominal,trader,0001100,True,accepted
20260510_232418,401603,nominal,trader,0101110,True,accepted
20260510_232418,401604,nominal,trader,0110101,True,accepted
20260510_232418,401605,nominal,trader,0001110,True,accepted
20260510_232418,401606,nominal,trader,0000100,True,accepted
20260510_232418,401607,nominal,trader,1101101,True,accepted
20260510_232418,401608,nominal,trader,0001011,True,accepted
20260510_232418,401609,nominal,trader,0100111,True,accepted
20260510_232418,401610,nominal,trader,1111101,True,accepted
20260510_232418,401611,nominal,trader,0001001,True,accepted
20260510_232418,401612,nominal,trader,0000010,True,accepted
20260510_232418,401613,nominal,trader,0111110,True,accepted
20260510_232418,401614,nominal,trader,0110111,True,accepted
20260510_232418,401615,nominal,trader,0100101,True,accepted
20260510_232418,401616,nominal,trader,0100111,True,accepted
20260510_232418,401617,nominal,trader,0001001,True,accepted
20260510_232418,401618,nominal,trader,0000111,True,accepted
20260510_232418,401619,nominal,trader,1111100,True,accepted
20260510_232418,401620,nominal,trader,0111110,True,accepted
20260510_232418,401621,nominal,trader,0000000,True,accepted
20260510_232418,401622,nominal,trader,0001111,True,accepted
20260510_232418,401623,nominal,trader,0110111,True,accepted
20260510_232418,401624,nominal,trader,0000110,True,accepted
20260510_232418,401625,nominal,trader,1101101,True,accepted
20260510_232418,401626,nominal,trader,0101100,True,accepted
20260510_232418,401627,nominal,trader,0001100,True,accepted
20260510_232418,401628,nominal,trader,0001110,True,accepted
20260510_232418,401629,nominal,trader,0101110,True,accepted
20260510_232418,401630,nominal,trader,1100100,True,accepted
20260510_232418,401631,nominal,trader,0000011,True,accepted
20260510_232418,401632,nominal,trader,0100100,True,accepted
20260510_232418,401633,nominal,trader,0110101,True,accepted
20260510_232418,401634,nominal,trader,0111101,True,accepted
20260510_232418,401635,nominal,trader,0000001,True,accepted
20260510_232418,401636,nominal,trader,0001000,True,accepted
20260510_232418,401637,nominal,trader,1110110,True,accepted
20260510_232418,401638,nominal,trader,0100110,True,accepted
20260510_232418,401639,nominal,trader,0001010,True,accepted
20260510_232418,401640,nominal,trader,1100110,True,accepted
20260510_232418,401641,nominal,trader,0000010,True,accepted
20260510_232418,401642,nominal,trader,0001101,True,accepted
20260510_232418,401643,nominal,trader,0101111,True,accepted
20260510_232418,401644,nominal,trader,0101101,True,accepted
20260510_232418,401645,nominal,trader,0001011,True,accepted
20260510_232418,401646,nominal,trader,0000101,True,accepted
20260510_232418,401647,nominal,trader,1101110,True,accepted
20260510_232418,401648,nominal,trader,0000100,True,accepted
20260510_232418,401649,nominal,trader,1100110,True,accepted
20260510_232418,401650,nominal,trader,0101111,True,accepted
20260510_232418,401651,nominal,trader,0001111,True,accepted
20260510_232418,401652,nominal,trader,0001101,True,accepted
20260510_232418,401653,nominal,trader,0101101,True,accepted
20260510_232418,401654,nominal,trader,1101111,True,accepted
20260510_232418,401655,nominal,trader,0000111,True,accepted
20260510_232418,401656,nominal,trader,0111100,True,accepted
20260510_232418,401657,nominal,trader,0100100,True,accepted
20260510_232418,401658,nominal,trader,0000001,True,accepted
20260510_232418,401659,nominal,trader,1100100,True,accepted
20260510_232418,401660,nominal,trader,1111111,True,accepted
20260510_232418,401661,nominal,trader,0001000,True,accepted
20260510_232418,401662,nominal,trader,0001010,True,accepted
20260510_232418,401663,nominal,trader,0101100,True,accepted
20260510_232418,401664,nominal,trader,0001100,True,accepted
20260510_232418,401665,nominal,trader,0101100,True,accepted
20260510_232418,401666,nominal,trader,1101101,True,accepted
20260510_232418,401667,nominal,trader,0000110,True,accepted
20260510_232418,401668,nominal,trader,0000011,True,accepted
20260510_232418,401669,nominal,trader,1100100,True,accepted
20260510_232418,401670,nominal,trader,0101110,True,accepted
20260510_232418,401671,nominal,trader,0001110,True,accepted
20260510_232418,401672,nominal,trader,1111100,True,accepted
20260510_232418,401673,nominal,trader,0000111,True,accepted
20260510_232418,401674,nominal,trader,0001001,True,accepted
20260510_232418,401675,nominal,trader,0100111,True,accepted
20260510_232418,401676,nominal,trader,0110111,True,accepted
20260510_232418,401677,nominal,trader,0001111,True,accepted
20260510_232418,401678,nominal,trader,0000000,True,accepted
20260510_232418,401679,nominal,trader,0111110,True,accepted
20260510_232418,401680,nominal,trader,0001001,True,accepted
20260510_232418,401681,nominal,trader,1111101,True,accepted
20260510_232418,401682,nominal,trader,0100111,True,accepted
20260510_232418,401683,nominal,trader,0001011,True,accepted
20260510_232418,401684,nominal,trader,0100101,True,accepted
20260510_232418,401685,nominal,trader,0110111,True,accepted
20260510_232418,401686,nominal,trader,0111111,True,accepted
20260510_232418,401687,nominal,trader,0000010,True,accepted
20260510_232418,401688,nominal,trader,0101110,True,accepted
20260510_232418,401689,nominal,trader,0001100,True,accepted
20260510_232418,401690,nominal,trader,0000110,True,accepted
20260510_232418,401691,nominal,trader,1110101,True,accepted
20260510_232418,401692,nominal,trader,1101100,True,accepted
20260510_232418,401693,nominal,trader,0000100,True,accepted
20260510_232418,401694,nominal,trader,0001110,True,accepted
20260510_232418,401695,nominal,trader,0110101,True,accepted
20260510_232418,401696,nominal,trader,0111111,True,accepted
20260510_232418,401697,nominal,trader,0000001,True,accepted
20260510_232418,401698,nominal,trader,0100100,True,accepted
20260510_232418,401699,nominal,trader,0111100,True,accepted
20260510_232418,401700,nominal,trader,0101100,True,accepted
20260510_232418,401701,nominal,trader,0001010,True,accepted
20260510_232418,401702,nominal,trader,0001000,True,accepted
20260510_232418,401703,nominal,trader,1111111,True,accepted
20260510_232418,401704,nominal,trader,0001111,True,accepted
20260510_232418,401705,nominal,trader,0101111,True,accepted
20260510_232418,401706,nominal,trader,1100111,True,accepted
20260510_232418,401707,nominal,trader,0000100,True,accepted
20260510_232418,401708,nominal,trader,0000111,True,accepted
20260510_232418,401709,nominal,trader,1101111,True,accepted
20260510_232418,401710,nominal,trader,0101101,True,accepted
20260510_232418,401711,nominal,trader,0001101,True,accepted
20260510_232418,401712,nominal,trader,0101111,True,accepted
20260510_232418,401713,nominal,trader,0001101,True,accepted
20260510_232418,401714,nominal,trader,0000010,True,accepted
20260510_232418,401715,nominal,trader,1100110,True,accepted
20260510_232418,401716,nominal,trader,1101110,True,accepted
20260510_232418,401717,nominal,trader,0000101,True,accepted
20260510_232418,401718,nominal,trader,0001011,True,accepted
20260510_232418,401719,nominal,trader,0101101,True,accepted
20260510_232418,401720,nominal,trader,0000001,True,accepted
20260510_232418,401721,nominal,trader,0111101,True,accepted
20260510_232418,401722,nominal,trader,0110110,True,accepted
20260510_232418,401723,nominal,trader,0100100,True,accepted
20260510_232418,401724,nominal,trader,0001010,True,accepted
20260510_232418,401725,nominal,trader,0100110,True,accepted
20260510_232418,401726,nominal,trader,1110110,True,accepted
20260510_232418,401727,nominal,trader,0001000,True,accepted
20260510_232418,401728,nominal,trader,1101111,True,accepted
20260510_232418,401729,nominal,trader,0000110,True,accepted
20260510_232418,401730,nominal,trader,0001101,True,accepted
20260510_232418,401731,nominal,trader,0101110,True,accepted
20260510_232418,401732,nominal,trader,0110100,True,accepted
20260510_232418,401733,nominal,trader,0001111,True,accepted
20260510_232418,401734,nominal,trader,0000100,True,accepted
20260510_232418,401735,nominal,trader,1101100,True,accepted
20260510_232418,401736,nominal,trader,0001010,True,accepted
20260510_232418,401737,nominal,trader,0101100,True,accepted
20260510_232418,401738,nominal,trader,1111111,True,accepted
20260510_232418,401739,nominal,trader,0001000,True,accepted
20260510_232418,401740,nominal,trader,0000001,True,accepted
20260510_232418,401741,nominal,trader,0111111,True,accepted
20260510_232418,401742,nominal,trader,0111100,True,accepted
20260510_232418,401743,nominal,trader,0100101,True,accepted
20260510_232418,401744,nominal,trader,0100110,True,accepted
20260510_232418,401745,nominal,trader,0001010,True,accepted
20260510_232418,401746,nominal,trader,0001000,True,accepted
20260510_232418,401747,nominal,trader,1110111,True,accepted
20260510_232418,401748,nominal,trader,0111101,True,accepted
20260510_232418,401749,nominal,trader,0000000,True,accepted
20260510_232418,401750,nominal,trader,0100100,True,accepted
20260510_232418,401751,nominal,trader,0110110,True,accepted
20260510_232418,401752,nominal,trader,0000101,True,accepted
20260510_232418,401753,nominal,trader,1101110,True,accepted
20260510_232418,401754,nominal,trader,0101101,True,accepted
20260510_232418,401755,nominal,trader,0001100,True,accepted
20260510_232418,401756,nominal,trader,0001110,True,accepted
20260510_232418,401757,nominal,trader,0101111,True,accepted
20260510_232418,401758,nominal,trader,1100110,True,accepted
20260510_232418,401759,nominal,trader,0000011,True,accepted
20260510_232418,401760,nominal,trader,0001111,True,accepted
20260510_232418,401761,nominal,trader,0110110,True,accepted
20260510_232418,401762,nominal,trader,0111110,True,accepted
20260510_232418,401763,nominal,trader,0000000,True,accepted
20260510_232418,401764,nominal,trader,0000111,True,accepted
20260510_232418,401765,nominal,trader,1111100,True,accepted
20260510_232418,401766,nominal,trader,0100110,True,accepted
20260510_232418,401767,nominal,trader,0001001,True,accepted
20260510_232418,401768,nominal,trader,1100101,True,accepted
20260510_232418,401769,nominal,trader,0000011,True,accepted
20260510_232418,401770,nominal,trader,0001110,True,accepted
20260510_232418,401771,nominal,trader,0101111,True,accepted
20260510_232418,401772,nominal,trader,0101100,True,accepted
20260510_232418,401773,nominal,trader,0001100,True,accepted
