run_id,sobol_index,prior_mode,family_drawn,regime_state_drawn,accepted,rejection_reason
20260511_090921,101024,nominal,importer,0000011,True,accepted
20260511_090921,101025,nominal,importer,0001100,True,accepted
20260511_090921,101026,nominal,importer,0001011,True,accepted
20260511_090921,101027,nominal,importer,0000100,True,accepted
20260511_090921,101028,nominal,importer,0000111,True,accepted
20260511_090921,101029,nominal,importer,0001010,True,accepted
20260511_090921,101030,nominal,importer,0001111,True,accepted
20260511_090921,101031,nominal,importer,0000010,True,accepted
20260511_090921,101032,nominal,importer,0001011,True,accepted
20260511_090921,101033,nominal,importer,0000110,True,accepted
20260511_090921,101034,nominal,importer,0000011,True,accepted
20260511_090921,101035,nominal,importer,0001110,True,accepted
20260511_090921,101036,nominal,importer,0001111,True,accepted
20260511_090921,101037,nominal,importer,0000000,True,accepted
20260511_090921,101038,nominal,importer,0000111,True,accepted
20260511_090921,101039,nominal,importer,0001000,True,accepted
20260511_090921,101040,nominal,importer,0000101,True,accepted
20260511_090921,101041,nominal,importer,0001010,True,accepted
20260511_090921,101042,nominal,importer,0001101,True,accepted
20260511_090921,101043,nominal,importer,0000010,True,accepted
20260511_090921,101044,nominal,importer,0000001,True,accepted
20260511_090921,101045,nominal,importer,0001111,True,accepted
20260511_090921,101046,nominal,importer,0001001,True,accepted
20260511_090921,101047,nominal,importer,0001000,True,accepted
20260511_090921,101048,nominal,importer,0001101,True,accepted
20260511_090921,101049,nominal,importer,0000100,True,accepted
20260511_090921,101050,nominal,importer,0000101,True,accepted
20260511_090921,101051,nominal,importer,0001100,True,accepted
20260511_090921,101052,nominal,importer,0001001,True,accepted
20260511_090921,101053,nominal,importer,0000110,True,accepted
20260511_090921,101054,nominal,importer,0000001,True,accepted
20260511_090921,101055,nominal,importer,0001110,True,accepted
20260511_090921,101056,nominal,importer,0001001,True,accepted
20260511_090921,101057,nominal,importer,0001000,True,accepted
20260511_090921,101058,nominal,importer,0000000,True,accepted
20260511_090921,101059,nominal,importer,0001111,True,accepted
20260511_090921,101060,nominal,importer,0001101,True,accepted
20260511_090921,101061,nominal,importer,0000010,True,accepted
20260511_090921,101062,nominal,importer,0000110,True,accepted
20260511_090921,101063,nominal,importer,0001011,True,accepted
20260511_090921,101064,nominal,importer,0000001,True,accepted
20260511_090921,101065,nominal,importer,0001110,True,accepted
20260511_090921,101066,nominal,importer,0001010,True,accepted
20260511_090921,101067,nominal,importer,0000111,True,accepted
20260511_090921,101068,nominal,importer,0000101,True,accepted
20260511_090921,101069,nominal,importer,0001100,True,accepted
20260511_090921,101070,nominal,importer,0001101,True,accepted
20260511_090921,101071,nominal,importer,0000100,True,accepted
20260511_090921,101072,nominal,importer,0001110,True,accepted
20260511_090921,101073,nominal,importer,0000001,True,accepted
20260511_090921,101074,nominal,importer,0000111,True,accepted
20260511_090921,101075,nominal,importer,0001010,True,accepted
20260511_090921,101076,nominal,importer,0001100,True,accepted
20260511_090921,101077,nominal,importer,0000101,True,accepted
20260511_090921,101078,nominal,importer,0000100,True,accepted
20260511_090921,101079,nominal,importer,0001100,True,accepted
20260511_090921,101080,nominal,importer,0001000,True,accepted
20260511_090921,101081,nominal,importer,0001001,True,accepted
20260511_090921,101082,nominal,importer,0001111,True,accepted
20260511_090921,101083,nominal,importer,0000000,True,accepted
20260511_090921,101084,nominal,importer,0000011,True,accepted
20260511_090921,101085,nominal,importer,0001101,True,accepted
20260511_090921,101086,nominal,importer,0001011,True,accepted
20260511_090921,101087,nominal,importer,0000110,True,accepted
20260511_090921,101088,nominal,importer,0001100,True,accepted
20260511_090921,101089,nominal,importer,0000101,True,accepted
20260511_090921,101090,nominal,importer,0000100,True,accepted
20260511_090921,101091,nominal,importer,0001101,True,accepted
20260511_090921,101092,nominal,importer,0001110,True,accepted
20260511_090921,101093,nominal,importer,0000001,True,accepted
20260511_090921,101094,nominal,importer,0000111,True,accepted
20260511_090921,101095,nominal,importer,0001010,True,accepted
20260511_090921,101096,nominal,importer,0000010,True,accepted
20260511_090921,101097,nominal,importer,0001101,True,accepted
20260511_090921,101098,nominal,importer,0001011,True,accepted
20260511_090921,101099,nominal,importer,0000110,True,accepted
20260511_090921,101100,nominal,importer,0001000,True,accepted
20260511_090921,101101,nominal,importer,0001001,True,accepted
20260511_090921,101102,nominal,importer,0001111,True,accepted
20260511_090921,101103,nominal,importer,0000000,True,accepted
20260511_090921,101104,nominal,importer,0001110,True,accepted
20260511_090921,101105,nominal,importer,0000011,True,accepted
20260511_090921,101106,nominal,importer,0000110,True,accepted
20260511_090921,101107,nominal,importer,0001011,True,accepted
20260511_090921,101108,nominal,importer,0001001,True,accepted
20260511_090921,101109,nominal,importer,0001000,True,accepted
20260511_090921,101110,nominal,importer,0000000,True,accepted
20260511_090921,101111,nominal,importer,0001111,True,accepted
20260511_090921,101112,nominal,importer,0000101,True,accepted
20260511_090921,101113,nominal,importer,0001100,True,accepted
20260511_090921,101114,nominal,importer,0001100,True,accepted
20260511_090921,101115,nominal,importer,0000011,True,accepted
20260511_090921,101116,nominal,importer,0000010,True,accepted
20260511_090921,101117,nominal,importer,0001110,True,accepted
20260511_090921,101118,nominal,importer,0001010,True,accepted
20260511_090921,101119,nominal,importer,0000111,True,accepted
20260511_090921,101120,nominal,importer,0000000,True,accepted
20260511_090921,101121,nominal,importer,0001111,True,accepted
20260511_090921,101122,nominal,importer,0001000,True,accepted
20260511_090921,101123,nominal,importer,0000111,True,accepted
20260511_090921,101124,nominal,importer,0000110,True,accepted
20260511_090921,101125,nominal,importer,0001011,True,accepted
20260511_090921,101126,nominal,importer,0001110,True,accepted
20260511_090921,101127,nominal,importer,0000011,True,accepted
20260511_090921,101128,nominal,importer,0001010,True,accepted
20260511_090921,101129,nominal,importer,0000111,True,accepted
20260511_090921,101130,nominal,importer,0000010,True,accepted
20260511_090921,101131,nominal,importer,0001111,True,accepted
20260511_090921,101132,nominal,importer,0001100,True,accepted
20260511_090921,101133,nominal,importer,0000011,True,accepted
20260511_090921,101134,nominal,importer,0000100,True,accepted
20260511_090921,101135,nominal,importer,0001011,True,accepted
20260511_090921,101136,nominal,importer,0000110,True,accepted
20260511_090921,101137,nominal,importer,0001001,True,accepted
20260511_090921,101138,nominal,importer,0001110,True,accepted
20260511_090921,101139,nominal,importer,0000001,True,accepted
20260511_090921,101140,nominal,importer,0000100,True,accepted
20260511_090921,101141,nominal,importer,0001101,True,accepted
20260511_090921,101142,nominal,importer,0001100,True,accepted
20260511_090921,101143,nominal,importer,0000101,True,accepted
20260511_090921,101144,nominal,importer,0001111,True,accepted
20260511_090921,101145,nominal,importer,0000000,True,accepted
20260511_090921,101146,nominal,importer,0001000,True,accepted
20260511_090921,101147,nominal,importer,0001001,True,accepted
20260511_090921,101148,nominal,importer,0001010,True,accepted
20260511_090921,101149,nominal,importer,0000101,True,accepted
20260511_090921,101150,nominal,importer,0000010,True,accepted
20260511_090921,101151,nominal,importer,0001101,True,accepted
20260511_090921,101152,nominal,importer,0000011,True,accepted
20260511_090921,101153,nominal,importer,0001100,True,accepted
20260511_090921,101154,nominal,importer,0001100,True,accepted
20260511_090921,101155,nominal,importer,0000101,True,accepted
20260511_090921,101156,nominal,importer,0000111,True,accepted
20260511_090921,101157,nominal,importer,0001010,True,accepted
20260511_090921,101158,nominal,importer,0001110,True,accepted
20260511_090921,101159,nominal,importer,0000010,True,accepted
20260511_090921,101160,nominal,importer,0001011,True,accepted
20260511_090921,101161,nominal,importer,0000110,True,accepted
20260511_090921,101162,nominal,importer,0000011,True,accepted
20260511_090921,101163,nominal,importer,0001110,True,accepted
20260511_090921,101164,nominal,importer,0001111,True,accepted
20260511_090921,101165,nominal,importer,0000000,True,accepted
20260511_090921,101166,nominal,importer,0001000,True,accepted
20260511_090921,101167,nominal,importer,0001001,True,accepted
20260511_090921,101168,nominal,importer,0000110,True,accepted
20260511_090921,101169,nominal,importer,0001011,True,accepted
20260511_090921,101170,nominal,importer,0001101,True,accepted
20260511_090921,101171,nominal,importer,0000010,True,accepted
20260511_090921,101172,nominal,importer,0000000,True,accepted
20260511_090921,101173,nominal,importer,0001111,True,accepted
20260511_090921,101174,nominal,importer,0001001,True,accepted
20260511_090921,101175,nominal,importer,0001000,True,accepted
20260511_090921,101176,nominal,importer,0001101,True,accepted
20260511_090921,101177,nominal,importer,0000100,True,accepted
20260511_090921,101178,nominal,importer,0000101,True,accepted
20260511_090921,101179,nominal,importer,0001100,True,accepted
20260511_090921,101180,nominal,importer,0001010,True,accepted
20260511_090921,101181,nominal,importer,0000111,True,accepted
20260511_090921,101182,nominal,importer,0000001,True,accepted
20260511_090921,101183,nominal,importer,0001110,True,accepted
20260511_090921,101184,nominal,importer,0001001,True,accepted
20260511_090921,101185,nominal,importer,0001000,True,accepted
20260511_090921,101186,nominal,importer,0000001,True,accepted
20260511_090921,101187,nominal,importer,0001111,True,accepted
20260511_090921,101188,nominal,importer,0001101,True,accepted
20260511_090921,101189,nominal,importer,0000010,True,accepted
20260511_090921,101190,nominal,importer,0000101,True,accepted
20260511_090921,101191,nominal,importer,0001010,True,accepted
20260511_090921,101192,nominal,importer,0000001,True,accepted
20260511_090921,101193,nominal,importer,0001110,True,accepted
20260511_090921,101194,nominal,importer,0001001,True,accepted
20260511_090921,101195,nominal,importer,0000110,True,accepted
20260511_090921,101196,nominal,importer,0000101,True,accepted
20260511_090921,101197,nominal,importer,0001100,True,accepted
20260511_090921,101198,nominal,importer,0001101,True,accepted
20260511_090921,101199,nominal,importer,0000100,True,accepted
20260511_090921,101200,nominal,importer,0001110,True,accepted
20260511_090921,101201,nominal,importer,0000010,True,accepted
20260511_090921,101202,nominal,importer,0000111,True,accepted
20260511_090921,101203,nominal,importer,0001010,True,accepted
20260511_090921,101204,nominal,importer,0001011,True,accepted
20260511_090921,101205,nominal,importer,0000100,True,accepted
20260511_090921,101206,nominal,importer,0000011,True,accepted
20260511_090921,101207,nominal,importer,0001100,True,accepted
20260511_090921,101208,nominal,importer,0000111,True,accepted
20260511_090921,101209,nominal,importer,0001000,True,accepted
20260511_090921,101210,nominal,importer,0001111,True,accepted
20260511_090921,101211,nominal,importer,0000000,True,accepted
20260511_090921,101212,nominal,importer,0000011,True,accepted
20260511_090921,101213,nominal,importer,0001110,True,accepted
20260511_090921,101214,nominal,importer,0001011,True,accepted
20260511_090921,101215,nominal,importer,0000110,True,accepted
20260511_090921,101216,nominal,importer,0001100,True,accepted
20260511_090921,101217,nominal,importer,0000101,True,accepted
20260511_090921,101218,nominal,importer,0000100,True,accepted
20260511_090921,101219,nominal,importer,0001101,True,accepted
20260511_090921,101220,nominal,importer,0001110,True,accepted
20260511_090921,101221,nominal,importer,0000001,True,accepted
20260511_090921,101222,nominal,importer,0000110,True,accepted
20260511_090921,101223,nominal,importer,0001010,True,accepted
20260511_090921,101224,nominal,importer,0000010,True,accepted
20260511_090921,101225,nominal,importer,0001101,True,accepted
20260511_090921,101226,nominal,importer,0001010,True,accepted
20260511_090921,101227,nominal,importer,0000101,True,accepted
20260511_090921,101228,nominal,importer,0001000,True,accepted
20260511_090921,101229,nominal,importer,0001001,True,accepted
20260511_090921,101230,nominal,importer,0001111,True,accepted
20260511_090921,101231,nominal,importer,0000001,True,accepted
20260511_090921,101232,nominal,importer,0001110,True,accepted
20260511_090921,101233,nominal,importer,0000011,True,accepted
20260511_090921,101234,nominal,importer,0000110,True,accepted
20260511_090921,101235,nominal,importer,0001011,True,accepted
20260511_090921,101236,nominal,importer,0001000,True,accepted
20260511_090921,101237,nominal,importer,0000111,True,accepted
20260511_090921,101238,nominal,importer,0000000,True,accepted
20260511_090921,101239,nominal,importer,0001111,True,accepted
20260511_090921,101240,nominal,importer,0000100,True,accepted
20260511_090921,101241,nominal,importer,0001011,True,accepted
20260511_090921,101242,nominal,importer,0001100,True,accepted
20260511_090921,101243,nominal,importer,0000011,True,accepted
20260511_090921,101244,nominal,importer,0000010,True,accepted
20260511_090921,101245,nominal,importer,0001111,True,accepted
20260511_090921,101246,nominal,importer,0001010,True,accepted
20260511_090921,101247,nominal,importer,0000111,True,accepted
20260511_090921,101248,nominal,importer,0000000,True,accepted
20260511_090921,101249,nominal,importer,0001111,True,accepted
20260511_090921,101250,nominal,importer,0001001,True,accepted
20260511_090921,101251,nominal,importer,0001000,True,accepted
20260511_090921,101252,nominal,importer,0000110,True,accepted
20260511_090921,101253,nominal,importer,0001011,True,accepted
20260511_090921,101254,nominal,importer,0001110,True,accepted
20260511_090921,101255,nominal,importer,0000011,True,accepted
20260511_090921,101256,nominal,importer,0001010,True,accepted
20260511_090921,101257,nominal,importer,0000111,True,accepted
20260511_090921,101258,nominal,importer,0000001,True,accepted
20260511_090921,101259,nominal,importer,0001110,True,accepted
20260511_090921,101260,nominal,importer,0001100,True,accepted
20260511_090921,101261,nominal,importer,0000100,True,accepted
20260511_090921,101262,nominal,importer,0000100,True,accepted
20260511_090921,101263,nominal,importer,0001011,True,accepted
20260511_090921,101264,nominal,importer,0000110,True,accepted
20260511_090921,101265,nominal,importer,0001010,True,accepted
20260511_090921,101266,nominal,importer,0001110,True,accepted
20260511_090921,101267,nominal,importer,0000001,True,accepted
20260511_090921,101268,nominal,importer,0000100,True,accepted
20260511_090921,101269,nominal,importer,0001101,True,accepted
20260511_090921,101270,nominal,importer,0001100,True,accepted
20260511_090921,101271,nominal,importer,0000101,True,accepted
20260511_090921,101272,nominal,importer,0001111,True,accepted
20260511_090921,101273,nominal,importer,0000000,True,accepted
20260511_090921,101274,nominal,importer,0001000,True,accepted
20260511_090921,101275,nominal,importer,0001001,True,accepted
20260511_090921,101276,nominal,importer,0001011,True,accepted
20260511_090921,101277,nominal,importer,0000110,True,accepted
20260511_090921,101278,nominal,importer,0000010,True,accepted
20260511_090921,101279,nominal,importer,0001101,True,accepted
20260511_090921,101280,nominal,importer,0001100,True,accepted
20260511_090921,101281,nominal,importer,0000011,True,accepted
20260511_090921,101282,nominal,importer,0000100,True,accepted
20260511_090921,101283,nominal,importer,0001011,True,accepted
20260511_090921,101284,nominal,importer,0001010,True,accepted
20260511_090921,101285,nominal,importer,0000111,True,accepted
20260511_090921,101286,nominal,importer,0000010,True,accepted
20260511_090921,101287,nominal,importer,0001110,True,accepted
20260511_090921,101288,nominal,importer,0000110,True,accepted
20260511_090921,101289,nominal,importer,0001011,True,accepted
20260511_090921,101290,nominal,importer,0001110,True,accepted
20260511_090921,101291,nominal,importer,0000011,True,accepted
20260511_090921,101292,nominal,importer,0000000,True,accepted
20260511_090921,101293,nominal,importer,0001111,True,accepted
20260511_090921,101294,nominal,importer,0001000,True,accepted
20260511_090921,101295,nominal,importer,0000111,True,accepted
20260511_090921,101296,nominal,importer,0001010,True,accepted
20260511_090921,101297,nominal,importer,0000101,True,accepted
20260511_090921,101298,nominal,importer,0000010,True,accepted
20260511_090921,101299,nominal,importer,0001101,True,accepted
20260511_090921,101300,nominal,importer,0001111,True,accepted
20260511_090921,101301,nominal,importer,0000001,True,accepted
20260511_090921,101302,nominal,importer,0001000,True,accepted
20260511_090921,101303,nominal,importer,0001001,True,accepted
20260511_090921,101304,nominal,importer,0000100,True,accepted
20260511_090921,101305,nominal,importer,0001101,True,accepted
20260511_090921,101306,nominal,importer,0001100,True,accepted
20260511_090921,101307,nominal,importer,0000101,True,accepted
20260511_090921,101308,nominal,importer,0000110,True,accepted
20260511_090921,101309,nominal,importer,0001001,True,accepted
20260511_090921,101310,nominal,importer,0001110,True,accepted
20260511_090921,101311,nominal,importer,0000001,True,accepted
20260511_090921,101312,nominal,importer,0001000,True,accepted
20260511_090921,101313,nominal,importer,0001001,True,accepted
20260511_090921,101314,nominal,importer,0001111,True,accepted
20260511_090921,101315,nominal,importer,0000000,True,accepted
20260511_090921,101316,nominal,importer,0000010,True,accepted
20260511_090921,101317,nominal,importer,0001101,True,accepted
20260511_090921,101318,nominal,importer,0001011,True,accepted
20260511_090921,101319,nominal,importer,0000110,True,accepted
20260511_090921,101320,nominal,importer,0001110,True,accepted
20260511_090921,101321,nominal,importer,0000001,True,accepted
20260511_090921,101322,nominal,importer,0000111,True,accepted
20260511_090921,101323,nominal,importer,0001010,True,accepted
20260511_090921,101324,nominal,importer,0001100,True,accepted
20260511_090921,101325,nominal,importer,0000101,True,accepted
20260511_090921,101326,nominal,importer,0000100,True,accepted
20260511_090921,101327,nominal,importer,0001101,True,accepted
20260511_090921,101328,nominal,importer,0000010,True,accepted
20260511_090921,101329,nominal,importer,0001110,True,accepted
20260511_090921,101330,nominal,importer,0001010,True,accepted
20260511_090921,101331,nominal,importer,0000111,True,accepted
20260511_090921,101332,nominal,importer,0000101,True,accepted
20260511_090921,101333,nominal,importer,0001100,True,accepted
20260511_090921,101334,nominal,importer,0001100,True,accepted
20260511_090921,101335,nominal,importer,0000011,True,accepted
20260511_090921,101336,nominal,importer,0001001,True,accepted
20260511_090921,101337,nominal,importer,0001000,True,accepted
20260511_090921,101338,nominal,importer,0000000,True,accepted
20260511_090921,101339,nominal,importer,0001111,True,accepted
20260511_090921,101340,nominal,importer,0001110,True,accepted
20260511_090921,101341,nominal,importer,0000011,True,accepted
20260511_090921,101342,nominal,importer,0000110,True,accepted
20260511_090921,101343,nominal,importer,0001011,True,accepted
20260511_090921,101344,nominal,importer,0000101,True,accepted
20260511_090921,101345,nominal,importer,0001100,True,accepted
20260511_090921,101346,nominal,importer,0001101,True,accepted
20260511_090921,101347,nominal,importer,0000100,True,accepted
20260511_090921,101348,nominal,importer,0000001,True,accepted
20260511_090921,101349,nominal,importer,0001110,True,accepted
20260511_090921,101350,nominal,importer,0001010,True,accepted
20260511_090921,101351,nominal,importer,0000111,True,accepted
20260511_090921,101352,nominal,importer,0001101,True,accepted
20260511_090921,101353,nominal,importer,0000010,True,accepted
20260511_090921,101354,nominal,importer,0000110,True,accepted
20260511_090921,101355,nominal,importer,0001011,True,accepted
20260511_090921,101356,nominal,importer,0001001,True,accepted
20260511_090921,101357,nominal,importer,0001000,True,accepted
20260511_090921,101358,nominal,importer,0000000,True,accepted
20260511_090921,101359,nominal,importer,0001111,True,accepted
20260511_090921,101360,nominal,importer,0000011,True,accepted
20260511_090921,101361,nominal,importer,0001110,True,accepted
20260511_090921,101362,nominal,importer,0001011,True,accepted
20260511_090921,101363,nominal,importer,0000110,True,accepted
20260511_090921,101364,nominal,importer,0001000,True,accepted
20260511_090921,101365,nominal,importer,0001001,True,accepted
20260511_090921,101366,nominal,importer,0001111,True,accepted
20260511_090921,101367,nominal,importer,0000000,True,accepted
20260511_090921,101368,nominal,importer,0001011,True,accepted
20260511_090921,101369,nominal,importer,0000100,True,accepted
20260511_090921,101370,nominal,importer,0000100,True,accepted
20260511_090921,101371,nominal,importer,0001100,True,accepted
20260511_090921,101372,nominal,importer,0001110,True,accepted
20260511_090921,101373,nominal,importer,0000001,True,accepted
20260511_090921,101374,nominal,importer,0000111,True,accepted
20260511_090921,101375,nominal,importer,0001010,True,accepted
20260511_090921,101376,nominal,importer,0001111,True,accepted
20260511_090921,101377,nominal,importer,0000000,True,accepted
20260511_090921,101378,nominal,importer,0000111,True,accepted
20260511_090921,101379,nominal,importer,0001000,True,accepted
20260511_090921,101380,nominal,importer,0001011,True,accepted
20260511_090921,101381,nominal,importer,0000110,True,accepted
20260511_090921,101382,nominal,importer,0000011,True,accepted
20260511_090921,101383,nominal,importer,0001110,True,accepted
20260511_090921,101384,nominal,importer,0000111,True,accepted
20260511_090921,101385,nominal,importer,0001010,True,accepted
20260511_090921,101386,nominal,importer,0001111,True,accepted
20260511_090921,101387,nominal,importer,0000010,True,accepted
20260511_090921,101388,nominal,importer,0000011,True,accepted
20260511_090921,101389,nominal,importer,0001100,True,accepted
20260511_090921,101390,nominal,importer,0001011,True,accepted
20260511_090921,101391,nominal,importer,0000100,True,accepted
20260511_090921,101392,nominal,importer,0001010,True,accepted
20260511_090921,101393,nominal,importer,0000110,True,accepted
20260511_090921,101394,nominal,importer,0000001,True,accepted
20260511_090921,101395,nominal,importer,0001110,True,accepted
20260511_090921,101396,nominal,importer,0001101,True,accepted
20260511_090921,101397,nominal,importer,0000100,True,accepted
20260511_090921,101398,nominal,importer,0000101,True,accepted
20260511_090921,101399,nominal,importer,0001100,True,accepted
20260511_090921,101400,nominal,importer,0000001,True,accepted
20260511_090921,101401,nominal,importer,0001111,True,accepted
20260511_090921,101402,nominal,importer,0001001,True,accepted
20260511_090921,101403,nominal,importer,0001000,True,accepted
20260511_090921,101404,nominal,importer,0000101,True,accepted
20260511_090921,101405,nominal,importer,0001010,True,accepted
20260511_090921,101406,nominal,importer,0001101,True,accepted
20260511_090921,101407,nominal,importer,0000010,True,accepted
20260511_090921,101408,nominal,importer,0001100,True,accepted
20260511_090921,101409,nominal,importer,0000100,True,accepted
20260511_090921,101410,nominal,importer,0000101,True,accepted
20260511_090921,101411,nominal,importer,0001100,True,accepted
20260511_090921,101412,nominal,importer,0001010,True,accepted
20260511_090921,101413,nominal,importer,0000111,True,accepted
20260511_090921,101414,nominal,importer,0000001,True,accepted
20260511_090921,101415,nominal,importer,0001110,True,accepted
20260511_090921,101416,nominal,importer,0000110,True,accepted
20260511_090921,101417,nominal,importer,0001011,True,accepted
20260511_090921,101418,nominal,importer,0001101,True,accepted
20260511_090921,101419,nominal,importer,0000011,True,accepted
20260511_090921,101420,nominal,importer,0000000,True,accepted
20260511_090921,101421,nominal,importer,0001111,True,accepted
20260511_090921,101422,nominal,importer,0001001,True,accepted
20260511_090921,101423,nominal,importer,0001000,True,accepted
20260511_090921,101424,nominal,importer,0001010,True,accepted
20260511_090921,101425,nominal,importer,0000110,True,accepted
20260511_090921,101426,nominal,importer,0000010,True,accepted
20260511_090921,101427,nominal,importer,0001101,True,accepted
20260511_090921,101428,nominal,importer,0001111,True,accepted
20260511_090921,101429,nominal,importer,0000000,True,accepted
20260511_090921,101430,nominal,importer,0001000,True,accepted
20260511_090921,101431,nominal,importer,0001001,True,accepted
20260511_090921,101432,nominal,importer,0000100,True,accepted
20260511_090921,101433,nominal,importer,0001101,True,accepted
20260511_090921,101434,nominal,importer,0001100,True,accepted
20260511_090921,101435,nominal,importer,0000101,True,accepted
20260511_090921,101436,nominal,importer,0000111,True,accepted
20260511_090921,101437,nominal,importer,0001010,True,accepted
20260511_090921,101438,nominal,importer,0001110,True,accepted
20260511_090921,101439,nominal,importer,0000001,True,accepted
20260511_090921,101440,nominal,importer,0001000,True,accepted
20260511_090921,101441,nominal,importer,0001001,True,accepted
20260511_090921,101442,nominal,importer,0001111,True,accepted
20260511_090921,101443,nominal,importer,0000001,True,accepted
20260511_090921,101444,nominal,importer,0000010,True,accepted
20260511_090921,101445,nominal,importer,0001101,True,accepted
20260511_090921,101446,nominal,importer,0001010,True,accepted
20260511_090921,101447,nominal,importer,0000101,True,accepted
20260511_090921,101448,nominal,importer,0001110,True,accepted
20260511_090921,101449,nominal,importer,0000001,True,accepted
20260511_090921,101450,nominal,importer,0000110,True,accepted
20260511_090921,101451,nominal,importer,0001001,True,accepted
20260511_090921,101452,nominal,importer,0001100,True,accepted
20260511_090921,101453,nominal,importer,0000101,True,accepted
20260511_090921,101454,nominal,importer,0000100,True,accepted
20260511_090921,101455,nominal,importer,0001101,True,accepted
20260511_090921,101456,nominal,importer,0000010,True,accepted
20260511_090921,101457,nominal,importer,0001111,True,accepted
20260511_090921,101458,nominal,importer,0001010,True,accepted
20260511_090921,101459,nominal,importer,0000111,True,accepted
20260511_090921,101460,nominal,importer,0000100,True,accepted
20260511_090921,101461,nominal,importer,0001011,True,accepted
20260511_090921,101462,nominal,importer,0001100,True,accepted
20260511_090921,101463,nominal,importer,0000011,True,accepted
20260511_090921,101464,nominal,importer,0001000,True,accepted
20260511_090921,101465,nominal,importer,0000111,True,accepted
20260511_090921,101466,nominal,importer,0000000,True,accepted
20260511_090921,101467,nominal,importer,0001111,True,accepted
20260511_090921,101468,nominal,importer,0001110,True,accepted
20260511_090921,101469,nominal,importer,0000011,True,accepted
20260511_090921,101470,nominal,importer,0000110,True,accepted
20260511_090921,101471,nominal,importer,0001011,True,accepted
20260511_090921,101472,nominal,importer,0000101,True,accepted
20260511_090921,101473,nominal,importer,0001100,True,accepted
20260511_090921,101474,nominal,importer,0001101,True,accepted
20260511_090921,101475,nominal,importer,0000100,True,accepted
20260511_090921,101476,nominal,importer,0000001,True,accepted
20260511_090921,101477,nominal,importer,0001110,True,accepted
20260511_090921,101478,nominal,importer,0001001,True,accepted
20260511_090921,101479,nominal,importer,0000110,True,accepted
20260511_090921,101480,nominal,importer,0001101,True,accepted
20260511_090921,101481,nominal,importer,0000010,True,accepted
20260511_090921,101482,nominal,importer,0000101,True,accepted
20260511_090921,101483,nominal,importer,0001010,True,accepted
20260511_090921,101484,nominal,importer,0001001,True,accepted
20260511_090921,101485,nominal,importer,0001000,True,accepted
20260511_090921,101486,nominal,importer,0000000,True,accepted
20260511_090921,101487,nominal,importer,0001111,True,accepted
20260511_090921,101488,nominal,importer,0000011,True,accepted
20260511_090921,101489,nominal,importer,0001110,True,accepted
20260511_090921,101490,nominal,importer,0001011,True,accepted
20260511_090921,101491,nominal,importer,0000110,True,accepted
20260511_090921,101492,nominal,importer,0000111,True,accepted
20260511_090921,101493,nominal,importer,0001000,True,accepted
20260511_090921,101494,nominal,importer,0001111,True,accepted
20260511_090921,101495,nominal,importer,0000000,True,accepted
20260511_090921,101496,nominal,importer,0001011,True,accepted
20260511_090921,101497,nominal,importer,0000100,True,accepted
20260511_090921,101498,nominal,importer,0000011,True,accepted
20260511_090921,101499,nominal,importer,0001100,True,accepted
20260511_090921,101500,nominal,importer,0001111,True,accepted
20260511_090921,101501,nominal,importer,0000010,True,accepted
20260511_090921,101502,nominal,importer,0000111,True,accepted
20260511_090921,101503,nominal,importer,0001010,True,accepted
20260511_090921,101504,nominal,importer,0001111,True,accepted
20260511_090921,101505,nominal,importer,0000000,True,accepted
20260511_090921,101506,nominal,importer,0001000,True,accepted
20260511_090921,101507,nominal,importer,0001001,True,accepted
20260511_090921,101508,nominal,importer,0001011,True,accepted
20260511_090921,101509,nominal,importer,0000110,True,accepted
20260511_090921,101510,nominal,importer,0000011,True,accepted
20260511_090921,101511,nominal,importer,0001110,True,accepted
20260511_090921,101512,nominal,importer,0000111,True,accepted
20260511_090921,101513,nominal,importer,0001010,True,accepted
20260511_090921,101514,nominal,importer,0001110,True,accepted
20260511_090921,101515,nominal,importer,0000010,True,accepted
20260511_090921,101516,nominal,importer,0000011,True,accepted
20260511_090921,101517,nominal,importer,0001100,True,accepted
20260511_090921,101518,nominal,importer,0001100,True,accepted
20260511_090921,101519,nominal,importer,0000101,True,accepted
20260511_090921,101520,nominal,importer,0001010,True,accepted
20260511_090921,101521,nominal,importer,0000111,True,accepted
20260511_090921,101522,nominal,importer,0000001,True,accepted
20260511_090921,101523,nominal,importer,0001110,True,accepted
20260511_090921,101524,nominal,importer,0001101,True,accepted
20260511_090921,101525,nominal,importer,0000100,True,accepted
20260511_090921,101526,nominal,importer,0000101,True,accepted
20260511_090921,101527,nominal,importer,0001100,True,accepted
20260511_090921,101528,nominal,importer,0000000,True,accepted
20260511_090921,101529,nominal,importer,0001111,True,accepted
20260511_090921,101530,nominal,importer,0001001,True,accepted
20260511_090921,101531,nominal,importer,0001000,True,accepted
20260511_090921,101532,nominal,importer,0000110,True,accepted
20260511_090921,101533,nominal,importer,0001011,True,accepted
20260511_090921,101534,nominal,importer,0001101,True,accepted
20260511_090921,101535,nominal,importer,0000010,True,accepted
20260511_090921,101536,nominal,importer,0000100,True,accepted
20260511_090921,101537,nominal,importer,0001011,True,accepted
20260511_090921,101538,nominal,importer,0001100,True,accepted
20260511_090921,101539,nominal,importer,0000011,True,accepted
20260511_090921,101540,nominal,importer,0000010,True,accepted
20260511_090921,101541,nominal,importer,0001111,True,accepted
20260511_090921,101542,nominal,importer,0001010,True,accepted
20260511_090921,101543,nominal,importer,0000111,True,accepted
20260511_090921,101544,nominal,importer,0001110,True,accepted
20260511_090921,101545,nominal,importer,0000011,True,accepted
20260511_090921,101546,nominal,importer,0000110,True,accepted
20260511_090921,101547,nominal,importer,0001011,True,accepted
20260511_090921,101548,nominal,importer,0001000,True,accepted
20260511_090921,101549,nominal,importer,0000111,True,accepted
20260511_090921,101550,nominal,importer,0000000,True,accepted
20260511_090921,101551,nominal,importer,0001111,True,accepted
20260511_090921,101552,nominal,importer,0000010,True,accepted
20260511_090921,101553,nominal,importer,0001101,True,accepted
20260511_090921,101554,nominal,importer,0001010,True,accepted
20260511_090921,101555,nominal,importer,0000101,True,accepted
20260511_090921,101556,nominal,importer,0001000,True,accepted
20260511_090921,101557,nominal,importer,0001001,True,accepted
20260511_090921,101558,nominal,importer,0001111,True,accepted
20260511_090921,101559,nominal,importer,0000000,True,accepted
20260511_090921,101560,nominal,importer,0001100,True,accepted
20260511_090921,101561,nominal,importer,0000101,True,accepted
20260511_090921,101562,nominal,importer,0000100,True,accepted
20260511_090921,101563,nominal,importer,0001101,True,accepted
20260511_090921,101564,nominal,importer,0001110,True,accepted
20260511_090921,101565,nominal,importer,0000001,True,accepted
20260511_090921,101566,nominal,importer,0000110,True,accepted
20260511_090921,101567,nominal,importer,0001001,True,accepted
20260511_090921,101568,nominal,importer,0001111,True,accepted
20260511_090921,101569,nominal,importer,0000000,True,accepted
20260511_090921,101570,nominal,importer,0001000,True,accepted
20260511_090921,101571,nominal,importer,0001001,True,accepted
20260511_090921,101572,nominal,importer,0001011,True,accepted
20260511_090921,101573,nominal,importer,0000110,True,accepted
20260511_090921,101574,nominal,importer,0000010,True,accepted
20260511_090921,101575,nominal,importer,0001101,True,accepted
20260511_090921,101576,nominal,importer,0000111,True,accepted
20260511_090921,101577,nominal,importer,0001010,True,accepted
20260511_090921,101578,nominal,importer,0001110,True,accepted
20260511_090921,101579,nominal,importer,0000001,True,accepted
20260511_090921,101580,nominal,importer,0000100,True,accepted
20260511_090921,101581,nominal,importer,0001101,True,accepted
20260511_090921,101582,nominal,importer,0001100,True,accepted
20260511_090921,101583,nominal,importer,0000101,True,accepted
20260511_090921,101584,nominal,importer,0001010,True,accepted
20260511_090921,101585,nominal,importer,0000111,True,accepted
20260511_090921,101586,nominal,importer,0000010,True,accepted
20260511_090921,101587,nominal,importer,0001110,True,accepted
20260511_090921,101588,nominal,importer,0001100,True,accepted
20260511_090921,101589,nominal,importer,0000011,True,accepted
20260511_090921,101590,nominal,importer,0000101,True,accepted
20260511_090921,101591,nominal,importer,0001100,True,accepted
20260511_090921,101592,nominal,importer,0000000,True,accepted
20260511_090921,101593,nominal,importer,0001111,True,accepted
20260511_090921,101594,nominal,importer,0001001,True,accepted
20260511_090921,101595,nominal,importer,0001000,True,accepted
20260511_090921,101596,nominal,importer,0000110,True,accepted
20260511_090921,101597,nominal,importer,0001011,True,accepted
20260511_090921,101598,nominal,importer,0001110,True,accepted
20260511_090921,101599,nominal,importer,0000011,True,accepted
20260511_090921,101600,nominal,importer,0001101,True,accepted
20260511_090921,101601,nominal,importer,0000100,True,accepted
20260511_090921,101602,nominal,importer,0000101,True,accepted
20260511_090921,101603,nominal,importer,0001100,True,accepted
20260511_090921,101604,nominal,importer,0001010,True,accepted
20260511_090921,101605,nominal,importer,0000111,True,accepted
20260511_090921,101606,nominal,importer,0000001,True,accepted
20260511_090921,101607,nominal,importer,0001110,True,accepted
20260511_090921,101608,nominal,importer,0000110,True,accepted
20260511_090921,101609,nominal,importer,0001010,True,accepted
20260511_090921,101610,nominal,importer,0001101,True,accepted
20260511_090921,101611,nominal,importer,0000010,True,accepted
20260511_090921,101612,nominal,importer,0000000,True,accepted
20260511_090921,101613,nominal,importer,0001111,True,accepted
20260511_090921,101614,nominal,importer,0001001,True,accepted
20260511_090921,101615,nominal,importer,0001000,True,accepted
20260511_090921,101616,nominal,importer,0001011,True,accepted
20260511_090921,101617,nominal,importer,0000110,True,accepted
20260511_090921,101618,nominal,importer,0000010,True,accepted
20260511_090921,101619,nominal,importer,0001101,True,accepted
20260511_090921,101620,nominal,importer,0001111,True,accepted
20260511_090921,101621,nominal,importer,0000000,True,accepted
20260511_090921,101622,nominal,importer,0000111,True,accepted
20260511_090921,101623,nominal,importer,0001000,True,accepted
20260511_090921,101624,nominal,importer,0000100,True,accepted
20260511_090921,101625,nominal,importer,0001100,True,accepted
20260511_090921,101626,nominal,importer,0001011,True,accepted
20260511_090921,101627,nominal,importer,0000100,True,accepted
20260511_090921,101628,nominal,importer,0000111,True,accepted
20260511_090921,101629,nominal,importer,0001010,True,accepted
20260511_090921,101630,nominal,importer,0001110,True,accepted
20260511_090921,101631,nominal,importer,0000001,True,accepted
20260511_090921,101632,nominal,importer,0000111,True,accepted
20260511_090921,101633,nominal,importer,0001000,True,accepted
20260511_090921,101634,nominal,importer,0001111,True,accepted
20260511_090921,101635,nominal,importer,0000000,True,accepted
20260511_090921,101636,nominal,importer,0000011,True,accepted
20260511_090921,101637,nominal,importer,0001110,True,accepted
20260511_090921,101638,nominal,importer,0001011,True,accepted
20260511_090921,101639,nominal,importer,0000110,True,accepted
20260511_090921,101640,nominal,importer,0001111,True,accepted
20260511_090921,101641,nominal,importer,0000010,True,accepted
20260511_090921,101642,nominal,importer,0000111,True,accepted
20260511_090921,101643,nominal,importer,0001010,True,accepted
20260511_090921,101644,nominal,importer,0001011,True,accepted
20260511_090921,101645,nominal,importer,0000100,True,accepted
20260511_090921,101646,nominal,importer,0000011,True,accepted
20260511_090921,101647,nominal,importer,0001100,True,accepted
20260511_090921,101648,nominal,importer,0000001,True,accepted
20260511_090921,101649,nominal,importer,0001110,True,accepted
20260511_090921,101650,nominal,importer,0001001,True,accepted
20260511_090921,101651,nominal,importer,0000110,True,accepted
20260511_090921,101652,nominal,importer,0000101,True,accepted
20260511_090921,101653,nominal,importer,0001100,True,accepted
20260511_090921,101654,nominal,importer,0001101,True,accepted
20260511_090921,101655,nominal,importer,0000100,True,accepted
20260511_090921,101656,nominal,importer,0001001,True,accepted
20260511_090921,101657,nominal,importer,0001000,True,accepted
20260511_090921,101658,nominal,importer,0000001,True,accepted
20260511_090921,101659,nominal,importer,0001111,True,accepted
20260511_090921,101660,nominal,importer,0001101,True,accepted
20260511_090921,101661,nominal,importer,0000010,True,accepted
20260511_090921,101662,nominal,importer,0000110,True,accepted
20260511_090921,101663,nominal,importer,0001010,True,accepted
20260511_090921,101664,nominal,importer,0000100,True,accepted
20260511_090921,101665,nominal,importer,0001011,True,accepted
20260511_090921,101666,nominal,importer,0001101,True,accepted
20260511_090921,101667,nominal,importer,0000100,True,accepted
20260511_090921,101668,nominal,importer,0000001,True,accepted
20260511_090921,101669,nominal,importer,0001110,True,accepted
20260511_090921,101670,nominal,importer,0001010,True,accepted
20260511_090921,101671,nominal,importer,0000111,True,accepted
20260511_090921,101672,nominal,importer,0001110,True,accepted
20260511_090921,101673,nominal,importer,0000011,True,accepted
20260511_090921,101674,nominal,importer,0000110,True,accepted
20260511_090921,101675,nominal,importer,0001011,True,accepted
20260511_090921,101676,nominal,importer,0001001,True,accepted
20260511_090921,101677,nominal,importer,0001000,True,accepted
20260511_090921,101678,nominal,importer,0000000,True,accepted
20260511_090921,101679,nominal,importer,0001111,True,accepted
20260511_090921,101680,nominal,importer,0000010,True,accepted
20260511_090921,101681,nominal,importer,0001101,True,accepted
20260511_090921,101682,nominal,importer,0001011,True,accepted
20260511_090921,101683,nominal,importer,0000110,True,accepted
20260511_090921,101684,nominal,importer,0001000,True,accepted
20260511_090921,101685,nominal,importer,0001001,True,accepted
20260511_090921,101686,nominal,importer,0001111,True,accepted
20260511_090921,101687,nominal,importer,0000000,True,accepted
20260511_090921,101688,nominal,importer,0001100,True,accepted
20260511_090921,101689,nominal,importer,0000101,True,accepted
20260511_090921,101690,nominal,importer,0000100,True,accepted
20260511_090921,101691,nominal,importer,0001101,True,accepted
20260511_090921,101692,nominal,importer,0001110,True,accepted
20260511_090921,101693,nominal,importer,0000001,True,accepted
20260511_090921,101694,nominal,importer,0000110,True,accepted
20260511_090921,101695,nominal,importer,0001010,True,accepted
20260511_090921,101696,nominal,importer,0001111,True,accepted
20260511_090921,101697,nominal,importer,0000001,True,accepted
20260511_090921,101698,nominal,importer,0001000,True,accepted
20260511_090921,101699,nominal,importer,0001001,True,accepted
20260511_090921,101700,nominal,importer,0001010,True,accepted
20260511_090921,101701,nominal,importer,0000101,True,accepted
20260511_090921,101702,nominal,importer,0000010,True,accepted
20260511_090921,101703,nominal,importer,0001101,True,accepted
20260511_090921,101704,nominal,importer,0000110,True,accepted
20260511_090921,101705,nominal,importer,0001001,True,accepted
20260511_090921,101706,nominal,importer,0001110,True,accepted
20260511_090921,101707,nominal,importer,0000001,True,accepted
20260511_090921,101708,nominal,importer,0000100,True,accepted
20260511_090921,101709,nominal,importer,0001101,True,accepted
20260511_090921,101710,nominal,importer,0001100,True,accepted
20260511_090921,101711,nominal,importer,0000101,True,accepted
20260511_090921,101712,nominal,importer,0001010,True,accepted
20260511_090921,101713,nominal,importer,0000111,True,accepted
20260511_090921,101714,nominal,importer,0000010,True,accepted
20260511_090921,101715,nominal,importer,0001111,True,accepted
20260511_090921,101716,nominal,importer,0001100,True,accepted
20260511_090921,101717,nominal,importer,0000011,True,accepted
20260511_090921,101718,nominal,importer,0000100,True,accepted
20260511_090921,101719,nominal,importer,0001011,True,accepted
20260511_090921,101720,nominal,importer,0000000,True,accepted
20260511_090921,101721,nominal,importer,0001111,True,accepted
20260511_090921,101722,nominal,importer,0001000,True,accepted
20260511_090921,101723,nominal,importer,0000111,True,accepted
20260511_090921,101724,nominal,importer,0000110,True,accepted
20260511_090921,101725,nominal,importer,0001011,True,accepted
20260511_090921,101726,nominal,importer,0001110,True,accepted
20260511_090921,101727,nominal,importer,0000011,True,accepted
20260511_090921,101728,nominal,importer,0001101,True,accepted
20260511_090921,101729,nominal,importer,0000100,True,accepted
20260511_090921,101730,nominal,importer,0000101,True,accepted
20260511_090921,101731,nominal,importer,0001100,True,accepted
20260511_090921,101732,nominal,importer,0001001,True,accepted
20260511_090921,101733,nominal,importer,0000110,True,accepted
20260511_090921,101734,nominal,importer,0000001,True,accepted
20260511_090921,101735,nominal,importer,0001110,True,accepted
20260511_090921,101736,nominal,importer,0000101,True,accepted
20260511_090921,101737,nominal,importer,0001010,True,accepted
20260511_090921,101738,nominal,importer,0001101,True,accepted
20260511_090921,101739,nominal,importer,0000010,True,accepted
20260511_090921,101740,nominal,importer,0000000,True,accepted
20260511_090921,101741,nominal,importer,0001111,True,accepted
20260511_090921,101742,nominal,importer,0001001,True,accepted
20260511_090921,101743,nominal,importer,0001000,True,accepted
20260511_090921,101744,nominal,importer,0001011,True,accepted
20260511_090921,101745,nominal,importer,0000110,True,accepted
20260511_090921,101746,nominal,importer,0000011,True,accepted
20260511_090921,101747,nominal,importer,0001110,True,accepted
20260511_090921,101748,nominal,importer,0001111,True,accepted
20260511_090921,101749,nominal,importer,0000000,True,accepted
20260511_090921,101750,nominal,importer,0000111,True,accepted
20260511_090921,101751,nominal,importer,0001000,True,accepted
20260511_090921,101752,nominal,importer,0000011,True,accepted
20260511_090921,101753,nominal,importer,0001100,True,accepted
20260511_090921,101754,nominal,importer,0001011,True,accepted
20260511_090921,101755,nominal,importer,0000100,True,accepted
20260511_090921,101756,nominal,importer,0000111,True,accepted
20260511_090921,101757,nominal,importer,0001010,True,accepted
20260511_090921,101758,nominal,importer,0001110,True,accepted
20260511_090921,101759,nominal,importer,0000010,True,accepted
20260511_090921,101760,nominal,importer,0001000,True,accepted
20260511_090921,101761,nominal,importer,0001001,True,accepted
20260511_090921,101762,nominal,importer,0001111,True,accepted
20260511_090921,101763,nominal,importer,0000000,True,accepted
20260511_090921,101764,nominal,importer,0000011,True,accepted
20260511_090921,101765,nominal,importer,0001110,True,accepted
20260511_090921,101766,nominal,importer,0001011,True,accepted
20260511_090921,101767,nominal,importer,0000110,True,accepted
20260511_090921,101768,nominal,importer,0001110,True,accepted
20260511_090921,101769,nominal,importer,0000010,True,accepted
20260511_090921,101770,nominal,importer,0000111,True,accepted
20260511_090921,101771,nominal,importer,0001010,True,accepted
20260511_090921,101772,nominal,importer,0001100,True,accepted
20260511_090921,101773,nominal,importer,0000101,True,accepted
20260511_090921,101774,nominal,importer,0000011,True,accepted
20260511_090921,101775,nominal,importer,0001100,True,accepted
20260511_090921,101776,nominal,importer,0000001,True,accepted
20260511_090921,101777,nominal,importer,0001110,True,accepted
20260511_090921,101778,nominal,importer,0001010,True,accepted
20260511_090921,101779,nominal,importer,0000111,True,accepted
20260511_090921,101780,nominal,importer,0000101,True,accepted
20260511_090921,101781,nominal,importer,0001100,True,accepted
20260511_090921,101782,nominal,importer,0001101,True,accepted
20260511_090921,101783,nominal,importer,0000100,True,accepted
20260511_090921,101784,nominal,importer,0001001,True,accepted
20260511_090921,101785,nominal,importer,0001000,True,accepted
20260511_090921,101786,nominal,importer,0000000,True,accepted
20260511_090921,101787,nominal,importer,0001111,True,accepted
20260511_090921,101788,nominal,importer,0001101,True,accepted
20260511_090921,101789,nominal,importer,0000010,True,accepted
20260511_090921,101790,nominal,importer,0000110,True,accepted
20260511_090921,101791,nominal,importer,0001011,True,accepted
20260511_090921,101792,nominal,importer,0001011,True,accepted
20260511_090921,101793,nominal,importer,0000100,True,accepted
20260511_090921,101794,nominal,importer,0000011,True,accepted
20260511_090921,101795,nominal,importer,0001100,True,accepted
20260511_090921,101796,nominal,importer,0001111,True,accepted
20260511_090921,101797,nominal,importer,0000010,True,accepted
20260511_090921,101798,nominal,importer,0000111,True,accepted
20260511_090921,101799,nominal,importer,0001010,True,accepted
20260511_090921,101800,nominal,importer,0000011,True,accepted
20260511_090921,101801,nominal,importer,0001110,True,accepted
20260511_090921,101802,nominal,importer,0001011,True,accepted
20260511_090921,101803,nominal,importer,0000110,True,accepted
20260511_090921,101804,nominal,importer,0000111,True,accepted
20260511_090921,101805,nominal,importer,0001000,True,accepted
20260511_090921,101806,nominal,importer,0001111,True,accepted
20260511_090921,101807,nominal,importer,0000000,True,accepted
20260511_090921,101808,nominal,importer,0001101,True,accepted
20260511_090921,101809,nominal,importer,0000010,True,accepted
20260511_090921,101810,nominal,importer,0000101,True,accepted
20260511_090921,101811,nominal,importer,0001010,True,accepted
20260511_090921,101812,nominal,importer,0001001,True,accepted
20260511_090921,101813,nominal,importer,0001000,True,accepted
20260511_090921,101814,nominal,importer,0000001,True,accepted
20260511_090921,101815,nominal,importer,0001111,True,accepted
20260511_090921,101816,nominal,importer,0000101,True,accepted
20260511_090921,101817,nominal,importer,0001100,True,accepted
20260511_090921,101818,nominal,importer,0001101,True,accepted
20260511_090921,101819,nominal,importer,0000100,True,accepted
20260511_090921,101820,nominal,importer,0000001,True,accepted
20260511_090921,101821,nominal,importer,0001110,True,accepted
20260511_090921,101822,nominal,importer,0001010,True,accepted
20260511_090921,101823,nominal,importer,0000110,True,accepted
20260511_090921,101824,nominal,importer,0000000,True,accepted
20260511_090921,101825,nominal,importer,0001111,True,accepted
20260511_090921,101826,nominal,importer,0001001,True,accepted
20260511_090921,101827,nominal,importer,0001000,True,accepted
20260511_090921,101828,nominal,importer,0000110,True,accepted
20260511_090921,101829,nominal,importer,0001011,True,accepted
20260511_090921,101830,nominal,importer,0001101,True,accepted
20260511_090921,101831,nominal,importer,0000010,True,accepted
20260511_090921,101832,nominal,importer,0001010,True,accepted
20260511_090921,101833,nominal,importer,0000111,True,accepted
20260511_090921,101834,nominal,importer,0000001,True,accepted
20260511_090921,101835,nominal,importer,0001110,True,accepted
20260511_090921,101836,nominal,importer,0001101,True,accepted
20260511_090921,101837,nominal,importer,0000100,True,accepted
20260511_090921,101838,nominal,importer,0000101,True,accepted
20260511_090921,101839,nominal,importer,0001100,True,accepted
20260511_090921,101840,nominal,importer,0000111,True,accepted
20260511_090921,101841,nominal,importer,0001010,True,accepted
20260511_090921,101842,nominal,importer,0001110,True,accepted
20260511_090921,101843,nominal,importer,0000001,True,accepted
20260511_090921,101844,nominal,importer,0000100,True,accepted
20260511_090921,101845,nominal,importer,0001100,True,accepted
20260511_090921,101846,nominal,importer,0001011,True,accepted
20260511_090921,101847,nominal,importer,0000100,True,accepted
20260511_090921,101848,nominal,importer,0001111,True,accepted
20260511_090921,101849,nominal,importer,0000000,True,accepted
20260511_090921,101850,nominal,importer,0001000,True,accepted
20260511_090921,101851,nominal,importer,0001001,True,accepted
20260511_090921,101852,nominal,importer,0001011,True,accepted
20260511_090921,101853,nominal,importer,0000110,True,accepted
20260511_090921,101854,nominal,importer,0000011,True,accepted
20260511_090921,101855,nominal,importer,0001110,True,accepted
20260511_090921,101856,nominal,importer,0000100,True,accepted
20260511_090921,101857,nominal,importer,0001101,True,accepted
20260511_090921,101858,nominal,importer,0001100,True,accepted
20260511_090921,101859,nominal,importer,0000101,True,accepted
20260511_090921,101860,nominal,importer,0000111,True,accepted
20260511_090921,101861,nominal,importer,0001010,True,accepted
20260511_090921,101862,nominal,importer,0001110,True,accepted
20260511_090921,101863,nominal,importer,0000001,True,accepted
20260511_090921,101864,nominal,importer,0001011,True,accepted
20260511_090921,101865,nominal,importer,0000110,True,accepted
20260511_090921,101866,nominal,importer,0000010,True,accepted
20260511_090921,101867,nominal,importer,0001101,True,accepted
20260511_090921,101868,nominal,importer,0001111,True,accepted
20260511_090921,101869,nominal,importer,0000000,True,accepted
20260511_090921,101870,nominal,importer,0001000,True,accepted
20260511_090921,101871,nominal,importer,0001001,True,accepted
20260511_090921,101872,nominal,importer,0000110,True,accepted
20260511_090921,101873,nominal,importer,0001011,True,accepted
20260511_090921,101874,nominal,importer,0001110,True,accepted
20260511_090921,101875,nominal,importer,0000011,True,accepted
20260511_090921,101876,nominal,importer,0000000,True,accepted
20260511_090921,101877,nominal,importer,0001111,True,accepted
20260511_090921,101878,nominal,importer,0001001,True,accepted
20260511_090921,101879,nominal,importer,0001000,True,accepted
20260511_090921,101880,nominal,importer,0001100,True,accepted
20260511_090921,101881,nominal,importer,0000011,True,accepted
20260511_090921,101882,nominal,importer,0000101,True,accepted
20260511_090921,101883,nominal,importer,0001100,True,accepted
20260511_090921,101884,nominal,importer,0001010,True,accepted
20260511_090921,101885,nominal,importer,0000111,True,accepted
20260511_090921,101886,nominal,importer,0000010,True,accepted
20260511_090921,101887,nominal,importer,0001110,True,accepted
20260511_090921,101888,nominal,importer,0001000,True,accepted
20260511_090921,101889,nominal,importer,0000111,True,accepted
20260511_090921,101890,nominal,importer,0000000,True,accepted
20260511_090921,101891,nominal,importer,0001111,True,accepted
20260511_090921,101892,nominal,importer,0001110,True,accepted
20260511_090921,101893,nominal,importer,0000011,True,accepted
20260511_090921,101894,nominal,importer,0000110,True,accepted
20260511_090921,101895,nominal,importer,0001011,True,accepted
20260511_090921,101896,nominal,importer,0000010,True,accepted
20260511_090921,101897,nominal,importer,0001110,True,accepted
20260511_090921,101898,nominal,importer,0001010,True,accepted
20260511_090921,101899,nominal,importer,0000111,True,accepted
20260511_090921,101900,nominal,importer,0000100,True,accepted
20260511_090921,101901,nominal,importer,0001011,True,accepted
20260511_090921,101902,nominal,importer,0001100,True,accepted
20260511_090921,101903,nominal,importer,0000011,True,accepted
20260511_090921,101904,nominal,importer,0001110,True,accepted
20260511_090921,101905,nominal,importer,0000001,True,accepted
20260511_090921,101906,nominal,importer,0000110,True,accepted
20260511_090921,101907,nominal,importer,0001001,True,accepted
20260511_090921,101908,nominal,importer,0001100,True,accepted
20260511_090921,101909,nominal,importer,0000101,True,accepted
20260511_090921,101910,nominal,importer,0000100,True,accepted
20260511_090921,101911,nominal,importer,0001101,True,accepted
20260511_090921,101912,nominal,importer,0001000,True,accepted
20260511_090921,101913,nominal,importer,0001001,True,accepted
20260511_090921,101914,nominal,importer,0001111,True,accepted
20260511_090921,101915,nominal,importer,0000001,True,accepted
20260511_090921,101916,nominal,importer,0000010,True,accepted
20260511_090921,101917,nominal,importer,0001101,True,accepted
20260511_090921,101918,nominal,importer,0001010,True,accepted
20260511_090921,101919,nominal,importer,0000101,True,accepted
20260511_090921,101920,nominal,importer,0001100,True,accepted
20260511_090921,101921,nominal,importer,0000101,True,accepted
20260511_090921,101922,nominal,importer,0000011,True,accepted
20260511_090921,101923,nominal,importer,0001100,True,accepted
20260511_090921,101924,nominal,importer,0001110,True,accepted
20260511_090921,101925,nominal,importer,0000010,True,accepted
20260511_090921,101926,nominal,importer,0000111,True,accepted
20260511_090921,101927,nominal,importer,0001010,True,accepted
20260511_090921,101928,nominal,importer,0000011,True,accepted
20260511_090921,101929,nominal,importer,0001110,True,accepted
20260511_090921,101930,nominal,importer,0001011,True,accepted
20260511_090921,101931,nominal,importer,0000110,True,accepted
20260511_090921,101932,nominal,importer,0001000,True,accepted
20260511_090921,101933,nominal,importer,0001001,True,accepted
20260511_090921,101934,nominal,importer,0001111,True,accepted
20260511_090921,101935,nominal,importer,0000000,True,accepted
20260511_090921,101936,nominal,importer,0001101,True,accepted
20260511_090921,101937,nominal,importer,0000010,True,accepted
20260511_090921,101938,nominal,importer,0000110,True,accepted
20260511_090921,101939,nominal,importer,0001011,True,accepted
20260511_090921,101940,nominal,importer,0001001,True,accepted
20260511_090921,101941,nominal,importer,0001000,True,accepted
20260511_090921,101942,nominal,importer,0000000,True,accepted
20260511_090921,101943,nominal,importer,0001111,True,accepted
20260511_090921,101944,nominal,importer,0000101,True,accepted
20260511_090921,101945,nominal,importer,0001100,True,accepted
20260511_090921,101946,nominal,importer,0001101,True,accepted
20260511_090921,101947,nominal,importer,0000100,True,accepted
20260511_090921,101948,nominal,importer,0000001,True,accepted
20260511_090921,101949,nominal,importer,0001110,True,accepted
20260511_090921,101950,nominal,importer,0001010,True,accepted
20260511_090921,101951,nominal,importer,0000111,True,accepted
20260511_090921,101952,nominal,importer,0000000,True,accepted
20260511_090921,101953,nominal,importer,0001111,True,accepted
20260511_090921,101954,nominal,importer,0001001,True,accepted
20260511_090921,101955,nominal,importer,0001000,True,accepted
20260511_090921,101956,nominal,importer,0000101,True,accepted
20260511_090921,101957,nominal,importer,0001010,True,accepted
20260511_090921,101958,nominal,importer,0001101,True,accepted
20260511_090921,101959,nominal,importer,0000010,True,accepted
20260511_090921,101960,nominal,importer,0001001,True,accepted
20260511_090921,101961,nominal,importer,0000110,True,accepted
20260511_090921,101962,nominal,importer,0000001,True,accepted
20260511_090921,101963,nominal,importer,0001110,True,accepted
20260511_090921,101964,nominal,importer,0001101,True,accepted
20260511_090921,101965,nominal,importer,0000100,True,accepted
20260511_090921,101966,nominal,importer,0000101,True,accepted
20260511_090921,101967,nominal,importer,0001100,True,accepted
20260511_090921,101968,nominal,importer,0000111,True,accepted
20260511_090921,101969,nominal,importer,0001010,True,accepted
20260511_090921,101970,nominal,importer,0001111,True,accepted
20260511_090921,101971,nominal,importer,0000010,True,accepted
20260511_090921,101972,nominal,importer,0000011,True,accepted
20260511_090921,101973,nominal,importer,0001100,True,accepted
20260511_090921,101974,nominal,importer,0001011,True,accepted
20260511_090921,101975,nominal,importer,0000100,True,accepted
20260511_090921,101976,nominal,importer,0001111,True,accepted
20260511_090921,101977,nominal,importer,0000000,True,accepted
20260511_090921,101978,nominal,importer,0000111,True,accepted
20260511_090921,101979,nominal,importer,0001000,True,accepted
20260511_090921,101980,nominal,importer,0001011,True,accepted
20260511_090921,101981,nominal,importer,0000110,True,accepted
20260511_090921,101982,nominal,importer,0000011,True,accepted
20260511_090921,101983,nominal,importer,0001110,True,accepted
20260511_090921,101984,nominal,importer,0000100,True,accepted
20260511_090921,101985,nominal,importer,0001101,True,accepted
20260511_090921,101986,nominal,importer,0001100,True,accepted
20260511_090921,101987,nominal,importer,0000101,True,accepted
20260511_090921,101988,nominal,importer,0000110,True,accepted
20260511_090921,101989,nominal,importer,0001001,True,accepted
20260511_090921,101990,nominal,importer,0001110,True,accepted
20260511_090921,101991,nominal,importer,0000001,True,accepted
20260511_090921,101992,nominal,importer,0001010,True,accepted
20260511_090921,101993,nominal,importer,0000101,True,accepted
20260511_090921,101994,nominal,importer,0000010,True,accepted
20260511_090921,101995,nominal,importer,0001101,True,accepted
20260511_090921,101996,nominal,importer,0001111,True,accepted
20260511_090921,101997,nominal,importer,0000001,True,accepted
20260511_090921,101998,nominal,importer,0001000,True,accepted
20260511_090921,101999,nominal,importer,0001001,True,accepted
20260511_090921,102000,nominal,importer,0000110,True,accepted
20260511_090921,102001,nominal,importer,0001011,True,accepted
20260511_090921,102002,nominal,importer,0001110,True,accepted
20260511_090921,102003,nominal,importer,0000011,True,accepted
20260511_090921,102004,nominal,importer,0000000,True,accepted
20260511_090921,102005,nominal,importer,0001111,True,accepted
20260511_090921,102006,nominal,importer,0001000,True,accepted
20260511_090921,102007,nominal,importer,0000111,True,accepted
20260511_090921,102008,nominal,importer,0001100,True,accepted
20260511_090921,102009,nominal,importer,0000011,True,accepted
20260511_090921,102010,nominal,importer,0000100,True,accepted
20260511_090921,102011,nominal,importer,0001011,True,accepted
20260511_090921,102012,nominal,importer,0001010,True,accepted
20260511_090921,102013,nominal,importer,0000111,True,accepted
20260511_090921,102014,nominal,importer,0000010,True,accepted
20260511_090921,102015,nominal,importer,0001111,True,accepted
20260511_090921,102016,nominal,importer,0001001,True,accepted
20260511_090921,102017,nominal,importer,0001000,True,accepted
20260511_090921,102018,nominal,importer,0000000,True,accepted
20260511_090921,102019,nominal,importer,0001111,True,accepted
20260511_090921,102020,nominal,importer,0001110,True,accepted
20260511_090921,102021,nominal,importer,0000011,True,accepted
20260511_090921,102022,nominal,importer,0000110,True,accepted
20260511_090921,102023,nominal,importer,0001011,True,accepted
20260511_090921,102024,nominal,importer,0000010,True,accepted
20260511_090921,102025,nominal,importer,0001110,True,accepted
20260511_090921,102026,nominal,importer,0001010,True,accepted
20260511_090921,102027,nominal,importer,0000111,True,accepted
20260511_090921,102028,nominal,importer,0000101,True,accepted
20260511_090921,102029,nominal,importer,0001100,True,accepted
20260511_090921,102030,nominal,importer,0001100,True,accepted
20260511_090921,102031,nominal,importer,0000100,True,accepted
20260511_090921,102032,nominal,importer,0001110,True,accepted
20260511_090921,102033,nominal,importer,0000001,True,accepted
20260511_090921,102034,nominal,importer,0000111,True,accepted
20260511_090921,102035,nominal,importer,0001010,True,accepted
20260511_090921,102036,nominal,importer,0001100,True,accepted
20260511_090921,102037,nominal,importer,0000101,True,accepted
20260511_090921,102038,nominal,importer,0000100,True,accepted
20260511_090921,102039,nominal,importer,0001101,True,accepted
20260511_090921,102040,nominal,importer,0001000,True,accepted
20260511_090921,102041,nominal,importer,0001001,True,accepted
20260511_090921,102042,nominal,importer,0001111,True,accepted
20260511_090921,102043,nominal,importer,0000000,True,accepted
20260511_090921,102044,nominal,importer,0000010,True,accepted
20260511_090921,102045,nominal,importer,0001101,True,accepted
20260511_090921,102046,nominal,importer,0001010,True,accepted
20260511_090921,102047,nominal,importer,0000110,True,accepted
20260511_090921,102048,nominal,importer,0001011,True,accepted
20260511_090921,102049,nominal,importer,0000110,True,accepted
20260511_090921,102050,nominal,importer,0000011,True,accepted
20260511_090921,102051,nominal,importer,0001110,True,accepted
20260511_090921,102052,nominal,importer,0001111,True,accepted
20260511_090921,102053,nominal,importer,0000000,True,accepted
20260511_090921,102054,nominal,importer,0000111,True,accepted
20260511_090921,102055,nominal,importer,0001000,True,accepted
20260511_090921,102056,nominal,importer,0000011,True,accepted
20260511_090921,102057,nominal,importer,0001100,True,accepted
20260511_090921,102058,nominal,importer,0001011,True,accepted
20260511_090921,102059,nominal,importer,0000100,True,accepted
20260511_090921,102060,nominal,importer,0000111,True,accepted
20260511_090921,102061,nominal,importer,0001010,True,accepted
20260511_090921,102062,nominal,importer,0001111,True,accepted
20260511_090921,102063,nominal,importer,0000010,True,accepted
20260511_090921,102064,nominal,importer,0001101,True,accepted
20260511_090921,102065,nominal,importer,0000100,True,accepted
20260511_090921,102066,nominal,importer,0000101,True,accepted
20260511_090921,102067,nominal,importer,0001100,True,accepted
20260511_090921,102068,nominal,importer,0001010,True,accepted
20260511_090921,102069,nominal,importer,0000110,True,accepted
20260511_090921,102070,nominal,importer,0000001,True,accepted
20260511_090921,102071,nominal,importer,0001110,True,accepted
20260511_090921,102072,nominal,importer,0000101,True,accepted
20260511_090921,102073,nominal,importer,0001010,True,accepted
20260511_090921,102074,nominal,importer,0001101,True,accepted
20260511_090921,102075,nominal,importer,0000010,True,accepted
20260511_090921,102076,nominal,importer,0000001,True,accepted
20260511_090921,102077,nominal,importer,0001111,True,accepted
20260511_090921,102078,nominal,importer,0001001,True,accepted
20260511_090921,102079,nominal,importer,0001000,True,accepted
20260511_090921,102080,nominal,importer,0000001,True,accepted
20260511_090921,102081,nominal,importer,0001110,True,accepted
20260511_090921,102082,nominal,importer,0001010,True,accepted
20260511_090921,102083,nominal,importer,0000111,True,accepted
20260511_090921,102084,nominal,importer,0000101,True,accepted
20260511_090921,102085,nominal,importer,0001100,True,accepted
20260511_090921,102086,nominal,importer,0001101,True,accepted
20260511_090921,102087,nominal,importer,0000100,True,accepted
20260511_090921,102088,nominal,importer,0001001,True,accepted
20260511_090921,102089,nominal,importer,0001000,True,accepted
20260511_090921,102090,nominal,importer,0000000,True,accepted
20260511_090921,102091,nominal,importer,0001111,True,accepted
20260511_090921,102092,nominal,importer,0001101,True,accepted
20260511_090921,102093,nominal,importer,0000010,True,accepted
20260511_090921,102094,nominal,importer,0000110,True,accepted
20260511_090921,102095,nominal,importer,0001011,True,accepted
20260511_090921,102096,nominal,importer,0001000,True,accepted
20260511_090921,102097,nominal,importer,0001001,True,accepted
20260511_090921,102098,nominal,importer,0001111,True,accepted
20260511_090921,102099,nominal,importer,0000000,True,accepted
20260511_090921,102100,nominal,importer,0000011,True,accepted
20260511_090921,102101,nominal,importer,0001110,True,accepted
20260511_090921,102102,nominal,importer,0001011,True,accepted
20260511_090921,102103,nominal,importer,0000110,True,accepted
20260511_090921,102104,nominal,importer,0001110,True,accepted
20260511_090921,102105,nominal,importer,0000001,True,accepted
20260511_090921,102106,nominal,importer,0000111,True,accepted
20260511_090921,102107,nominal,importer,0001010,True,accepted
20260511_090921,102108,nominal,importer,0001011,True,accepted
20260511_090921,102109,nominal,importer,0000100,True,accepted
20260511_090921,102110,nominal,importer,0000100,True,accepted
20260511_090921,102111,nominal,importer,0001100,True,accepted
20260511_090921,102112,nominal,importer,0000010,True,accepted
20260511_090921,102113,nominal,importer,0001101,True,accepted
20260511_090921,102114,nominal,importer,0001011,True,accepted
20260511_090921,102115,nominal,importer,0000110,True,accepted
20260511_090921,102116,nominal,importer,0001000,True,accepted
20260511_090921,102117,nominal,importer,0001001,True,accepted
20260511_090921,102118,nominal,importer,0001111,True,accepted
20260511_090921,102119,nominal,importer,0000000,True,accepted
20260511_090921,102120,nominal,importer,0001100,True,accepted
20260511_090921,102121,nominal,importer,0000101,True,accepted
20260511_090921,102122,nominal,importer,0000100,True,accepted
20260511_090921,102123,nominal,importer,0001101,True,accepted
20260511_090921,102124,nominal,importer,0001110,True,accepted
20260511_090921,102125,nominal,importer,0000001,True,accepted
20260511_090921,102126,nominal,importer,0000111,True,accepted
20260511_090921,102127,nominal,importer,0001010,True,accepted
20260511_090921,102128,nominal,importer,0000101,True,accepted
20260511_090921,102129,nominal,importer,0001100,True,accepted
20260511_090921,102130,nominal,importer,0001100,True,accepted
20260511_090921,102131,nominal,importer,0000011,True,accepted
20260511_090921,102132,nominal,importer,0000010,True,accepted
20260511_090921,102133,nominal,importer,0001110,True,accepted
20260511_090921,102134,nominal,importer,0001010,True,accepted
20260511_090921,102135,nominal,importer,0000111,True,accepted
20260511_090921,102136,nominal,importer,0001110,True,accepted
20260511_090921,102137,nominal,importer,0000011,True,accepted
20260511_090921,102138,nominal,importer,0000110,True,accepted
20260511_090921,102139,nominal,importer,0001011,True,accepted
20260511_090921,102140,nominal,importer,0001001,True,accepted
20260511_090921,102141,nominal,importer,0001000,True,accepted
20260511_090921,102142,nominal,importer,0000000,True,accepted
20260511_090921,102143,nominal,importer,0001111,True,accepted
20260511_090921,102144,nominal,importer,0001010,True,accepted
20260511_090921,102145,nominal,importer,0000111,True,accepted
20260511_090921,102146,nominal,importer,0000010,True,accepted
20260511_090921,102147,nominal,importer,0001110,True,accepted
20260511_090921,102148,nominal,importer,0001100,True,accepted
20260511_090921,102149,nominal,importer,0000011,True,accepted
20260511_090921,102150,nominal,importer,0000100,True,accepted
20260511_090921,102151,nominal,importer,0001011,True,accepted
20260511_090921,102152,nominal,importer,0000000,True,accepted
20260511_090921,102153,nominal,importer,0001111,True,accepted
20260511_090921,102154,nominal,importer,0001000,True,accepted
20260511_090921,102155,nominal,importer,0000111,True,accepted
20260511_090921,102156,nominal,importer,0000110,True,accepted
20260511_090921,102157,nominal,importer,0001011,True,accepted
20260511_090921,102158,nominal,importer,0001110,True,accepted
20260511_090921,102159,nominal,importer,0000011,True,accepted
20260511_090921,102160,nominal,importer,0001111,True,accepted
20260511_090921,102161,nominal,importer,0000001,True,accepted
20260511_090921,102162,nominal,importer,0001000,True,accepted
20260511_090921,102163,nominal,importer,0001001,True,accepted
20260511_090921,102164,nominal,importer,0001010,True,accepted
20260511_090921,102165,nominal,importer,0000101,True,accepted
20260511_090921,102166,nominal,importer,0000010,True,accepted
20260511_090921,102167,nominal,importer,0001101,True,accepted
20260511_090921,102168,nominal,importer,0000110,True,accepted
20260511_090921,102169,nominal,importer,0001001,True,accepted
20260511_090921,102170,nominal,importer,0001110,True,accepted
20260511_090921,102171,nominal,importer,0000001,True,accepted
20260511_090921,102172,nominal,importer,0000100,True,accepted
20260511_090921,102173,nominal,importer,0001101,True,accepted
20260511_090921,102174,nominal,importer,0001100,True,accepted
20260511_090921,102175,nominal,importer,0000101,True,accepted
20260511_090921,102176,nominal,importer,0001011,True,accepted
20260511_090921,102177,nominal,importer,0000110,True,accepted
20260511_090921,102178,nominal,importer,0000011,True,accepted
20260511_090921,102179,nominal,importer,0001110,True,accepted
20260511_090921,102180,nominal,importer,0001111,True,accepted
20260511_090921,102181,nominal,importer,0000000,True,accepted
20260511_090921,102182,nominal,importer,0001000,True,accepted
20260511_090921,102183,nominal,importer,0001001,True,accepted
20260511_090921,102184,nominal,importer,0000011,True,accepted
20260511_090921,102185,nominal,importer,0001100,True,accepted
20260511_090921,102186,nominal,importer,0001100,True,accepted
20260511_090921,102187,nominal,importer,0000101,True,accepted
20260511_090921,102188,nominal,importer,0000111,True,accepted
20260511_090921,102189,nominal,importer,0001010,True,accepted
20260511_090921,102190,nominal,importer,0001110,True,accepted
20260511_090921,102191,nominal,importer,0000010,True,accepted
20260511_090921,102192,nominal,importer,0001101,True,accepted
20260511_090921,102193,nominal,importer,0000100,True,accepted
20260511_090921,102194,nominal,importer,0000101,True,accepted
20260511_090921,102195,nominal,importer,0001100,True,accepted
20260511_090921,102196,nominal,importer,0001010,True,accepted
20260511_090921,102197,nominal,importer,0000111,True,accepted
20260511_090921,102198,nominal,importer,0000001,True,accepted
20260511_090921,102199,nominal,importer,0001110,True,accepted
20260511_090921,102200,nominal,importer,0000110,True,accepted
20260511_090921,102201,nominal,importer,0001011,True,accepted
20260511_090921,102202,nominal,importer,0001101,True,accepted
20260511_090921,102203,nominal,importer,0000010,True,accepted
20260511_090921,102204,nominal,importer,0000000,True,accepted
20260511_090921,102205,nominal,importer,0001111,True,accepted
20260511_090921,102206,nominal,importer,0001001,True,accepted
20260511_090921,102207,nominal,importer,0001000,True,accepted
20260511_090921,102208,nominal,importer,0000001,True,accepted
20260511_090921,102209,nominal,importer,0001110,True,accepted
20260511_090921,102210,nominal,importer,0001001,True,accepted
20260511_090921,102211,nominal,importer,0000110,True,accepted
20260511_090921,102212,nominal,importer,0000101,True,accepted
20260511_090921,102213,nominal,importer,0001100,True,accepted
20260511_090921,102214,nominal,importer,0001101,True,accepted
20260511_090921,102215,nominal,importer,0000100,True,accepted
20260511_090921,102216,nominal,importer,0001001,True,accepted
20260511_090921,102217,nominal,importer,0001000,True,accepted
20260511_090921,102218,nominal,importer,0000000,True,accepted
20260511_090921,102219,nominal,importer,0001111,True,accepted
20260511_090921,102220,nominal,importer,0001101,True,accepted
20260511_090921,102221,nominal,importer,0000010,True,accepted
20260511_090921,102222,nominal,importer,0000101,True,accepted
20260511_090921,102223,nominal,importer,0001010,True,accepted
20260511_090921,102224,nominal,importer,0000111,True,accepted
20260511_090921,102225,nominal,importer,0001000,True,accepted
20260511_090921,102226,nominal,importer,0001111,True,accepted
20260511_090921,102227,nominal,importer,0000000,True,accepted
20260511_090921,102228,nominal,importer,0000011,True,accepted
20260511_090921,102229,nominal,importer,0001110,True,accepted
20260511_090921,102230,nominal,importer,0001011,True,accepted
20260511_090921,102231,nominal,importer,0000110,True,accepted
20260511_090921,102232,nominal,importer,0001111,True,accepted
20260511_090921,102233,nominal,importer,0000010,True,accepted
20260511_090921,102234,nominal,importer,0000111,True,accepted
20260511_090921,102235,nominal,importer,0001010,True,accepted
20260511_090921,102236,nominal,importer,0001011,True,accepted
20260511_090921,102237,nominal,importer,0000100,True,accepted
20260511_090921,102238,nominal,importer,0000011,True,accepted
20260511_090921,102239,nominal,importer,0001100,True,accepted
20260511_090921,102240,nominal,importer,0000010,True,accepted
20260511_090921,102241,nominal,importer,0001101,True,accepted
20260511_090921,102242,nominal,importer,0001010,True,accepted
20260511_090921,102243,nominal,importer,0000101,True,accepted
20260511_090921,102244,nominal,importer,0001000,True,accepted
20260511_090921,102245,nominal,importer,0001001,True,accepted
20260511_090921,102246,nominal,importer,0001111,True,accepted
20260511_090921,102247,nominal,importer,0000001,True,accepted
20260511_090921,102248,nominal,importer,0001100,True,accepted
20260511_090921,102249,nominal,importer,0000101,True,accepted
20260511_090921,102250,nominal,importer,0000100,True,accepted
20260511_090921,102251,nominal,importer,0001101,True,accepted
20260511_090921,102252,nominal,importer,0001110,True,accepted
20260511_090921,102253,nominal,importer,0000001,True,accepted
20260511_090921,102254,nominal,importer,0000110,True,accepted
20260511_090921,102255,nominal,importer,0001001,True,accepted
20260511_090921,102256,nominal,importer,0000100,True,accepted
20260511_090921,102257,nominal,importer,0001011,True,accepted
20260511_090921,102258,nominal,importer,0001100,True,accepted
20260511_090921,102259,nominal,importer,0000011,True,accepted
20260511_090921,102260,nominal,importer,0000010,True,accepted
20260511_090921,102261,nominal,importer,0001111,True,accepted
20260511_090921,102262,nominal,importer,0001010,True,accepted
20260511_090921,102263,nominal,importer,0000111,True,accepted
20260511_090921,102264,nominal,importer,0001110,True,accepted
20260511_090921,102265,nominal,importer,0000011,True,accepted
20260511_090921,102266,nominal,importer,0000110,True,accepted
20260511_090921,102267,nominal,importer,0001011,True,accepted
20260511_090921,102268,nominal,importer,0001000,True,accepted
20260511_090921,102269,nominal,importer,0000111,True,accepted
20260511_090921,102270,nominal,importer,0000000,True,accepted
20260511_090921,102271,nominal,importer,0001111,True,accepted
20260511_090921,102272,nominal,importer,0001010,True,accepted
20260511_090921,102273,nominal,importer,0000111,True,accepted
20260511_090921,102274,nominal,importer,0000001,True,accepted
20260511_090921,102275,nominal,importer,0001110,True,accepted
20260511_090921,102276,nominal,importer,0001100,True,accepted
20260511_090921,102277,nominal,importer,0000100,True,accepted
20260511_090921,102278,nominal,importer,0000101,True,accepted
20260511_090921,102279,nominal,importer,0001100,True,accepted
20260511_090921,102280,nominal,importer,0000000,True,accepted
20260511_090921,102281,nominal,importer,0001111,True,accepted
20260511_090921,102282,nominal,importer,0001001,True,accepted
20260511_090921,102283,nominal,importer,0001000,True,accepted
20260511_090921,102284,nominal,importer,0000110,True,accepted
20260511_090921,102285,nominal,importer,0001011,True,accepted
20260511_090921,102286,nominal,importer,0001110,True,accepted
20260511_090921,102287,nominal,importer,0000011,True,accepted
20260511_090921,102288,nominal,importer,0001111,True,accepted
20260511_090921,102289,nominal,importer,0000000,True,accepted
20260511_090921,102290,nominal,importer,0001000,True,accepted
20260511_090921,102291,nominal,importer,0001001,True,accepted
20260511_090921,102292,nominal,importer,0001010,True,accepted
20260511_090921,102293,nominal,importer,0000110,True,accepted
20260511_090921,102294,nominal,importer,0000010,True,accepted
20260511_090921,102295,nominal,importer,0001101,True,accepted
20260511_090921,102296,nominal,importer,0000111,True,accepted
20260511_090921,102297,nominal,importer,0001010,True,accepted
20260511_090921,102298,nominal,importer,0001110,True,accepted
20260511_090921,102299,nominal,importer,0000001,True,accepted
20260511_090921,102300,nominal,importer,0000100,True,accepted
20260511_090921,102301,nominal,importer,0001101,True,accepted
20260511_090921,102302,nominal,importer,0001100,True,accepted
20260511_090921,102303,nominal,importer,0000101,True,accepted
20260511_090921,102304,nominal,importer,0000110,True,accepted
20260511_090921,102305,nominal,importer,0001011,True,accepted
20260511_090921,102306,nominal,importer,0001110,True,accepted
20260511_090921,102307,nominal,importer,0000011,True,accepted
20260511_090921,102308,nominal,importer,0000000,True,accepted
20260511_090921,102309,nominal,importer,0001111,True,accepted
20260511_090921,102310,nominal,importer,0001000,True,accepted
20260511_090921,102311,nominal,importer,0000111,True,accepted
20260511_090921,102312,nominal,importer,0001100,True,accepted
20260511_090921,102313,nominal,importer,0000011,True,accepted
20260511_090921,102314,nominal,importer,0000100,True,accepted
20260511_090921,102315,nominal,importer,0001011,True,accepted
20260511_090921,102316,nominal,importer,0001010,True,accepted
20260511_090921,102317,nominal,importer,0000111,True,accepted
20260511_090921,102318,nominal,importer,0000010,True,accepted
20260511_090921,102319,nominal,importer,0001111,True,accepted
20260511_090921,102320,nominal,importer,0000100,True,accepted
20260511_090921,102321,nominal,importer,0001101,True,accepted
20260511_090921,102322,nominal,importer,0001100,True,accepted
20260511_090921,102323,nominal,importer,0000101,True,accepted
20260511_090921,102324,nominal,importer,0000110,True,accepted
20260511_090921,102325,nominal,importer,0001001,True,accepted
20260511_090921,102326,nominal,importer,0001110,True,accepted
20260511_090921,102327,nominal,importer,0000001,True,accepted
20260511_090921,102328,nominal,importer,0001010,True,accepted
20260511_090921,102329,nominal,importer,0000101,True,accepted
20260511_090921,102330,nominal,importer,0000010,True,accepted
20260511_090921,102331,nominal,importer,0001101,True,accepted
20260511_090921,102332,nominal,importer,0001111,True,accepted
20260511_090921,102333,nominal,importer,0000000,True,accepted
20260511_090921,102334,nominal,importer,0001000,True,accepted
20260511_090921,102335,nominal,importer,0001001,True,accepted
20260511_090921,102336,nominal,importer,0001110,True,accepted
20260511_090921,102337,nominal,importer,0000001,True,accepted
20260511_090921,102338,nominal,importer,0000111,True,accepted
20260511_090921,102339,nominal,importer,0001010,True,accepted
20260511_090921,102340,nominal,importer,0001100,True,accepted
20260511_090921,102341,nominal,importer,0000101,True,accepted
20260511_090921,102342,nominal,importer,0000100,True,accepted
20260511_090921,102343,nominal,importer,0001101,True,accepted
20260511_090921,102344,nominal,importer,0001000,True,accepted
20260511_090921,102345,nominal,importer,0001001,True,accepted
20260511_090921,102346,nominal,importer,0001111,True,accepted
20260511_090921,102347,nominal,importer,0000000,True,accepted
20260511_090921,102348,nominal,importer,0000010,True,accepted
20260511_090921,102349,nominal,importer,0001101,True,accepted
20260511_090921,102350,nominal,importer,0001011,True,accepted
20260511_090921,102351,nominal,importer,0000110,True,accepted
20260511_090921,102352,nominal,importer,0001001,True,accepted
20260511_090921,102353,nominal,importer,0001000,True,accepted
20260511_090921,102354,nominal,importer,0000000,True,accepted
20260511_090921,102355,nominal,importer,0001111,True,accepted
20260511_090921,102356,nominal,importer,0001110,True,accepted
20260511_090921,102357,nominal,importer,0000011,True,accepted
20260511_090921,102358,nominal,importer,0000110,True,accepted
20260511_090921,102359,nominal,importer,0001011,True,accepted
20260511_090921,102360,nominal,importer,0000010,True,accepted
20260511_090921,102361,nominal,importer,0001110,True,accepted
20260511_090921,102362,nominal,importer,0001010,True,accepted
20260511_090921,102363,nominal,importer,0000111,True,accepted
20260511_090921,102364,nominal,importer,0000101,True,accepted
20260511_090921,102365,nominal,importer,0001100,True,accepted
20260511_090921,102366,nominal,importer,0001100,True,accepted
20260511_090921,102367,nominal,importer,0000011,True,accepted
20260511_090921,102368,nominal,importer,0001101,True,accepted
20260511_090921,102369,nominal,importer,0000010,True,accepted
20260511_090921,102370,nominal,importer,0000110,True,accepted
20260511_090921,102371,nominal,importer,0001010,True,accepted
20260511_090921,102372,nominal,importer,0001001,True,accepted
20260511_090921,102373,nominal,importer,0001000,True,accepted
20260511_090921,102374,nominal,importer,0000000,True,accepted
20260511_090921,102375,nominal,importer,0001111,True,accepted
20260511_090921,102376,nominal,importer,0000101,True,accepted
20260511_090921,102377,nominal,importer,0001100,True,accepted
20260511_090921,102378,nominal,importer,0001101,True,accepted
20260511_090921,102379,nominal,importer,0000100,True,accepted
20260511_090921,102380,nominal,importer,0000001,True,accepted
20260511_090921,102381,nominal,importer,0001110,True,accepted
20260511_090921,102382,nominal,importer,0001010,True,accepted
20260511_090921,102383,nominal,importer,0000111,True,accepted
20260511_090921,102384,nominal,importer,0001011,True,accepted
20260511_090921,102385,nominal,importer,0000100,True,accepted
20260511_090921,102386,nominal,importer,0000100,True,accepted
20260511_090921,102387,nominal,importer,0001100,True,accepted
20260511_090921,102388,nominal,importer,0001110,True,accepted
20260511_090921,102389,nominal,importer,0000001,True,accepted
20260511_090921,102390,nominal,importer,0000111,True,accepted
20260511_090921,102391,nominal,importer,0001010,True,accepted
20260511_090921,102392,nominal,importer,0000010,True,accepted
20260511_090921,102393,nominal,importer,0001101,True,accepted
20260511_090921,102394,nominal,importer,0001011,True,accepted
20260511_090921,102395,nominal,importer,0000110,True,accepted
20260511_090921,102396,nominal,importer,0000111,True,accepted
20260511_090921,102397,nominal,importer,0001000,True,accepted
20260511_090921,102398,nominal,importer,0001111,True,accepted
20260511_090921,102399,nominal,importer,0000000,True,accepted
20260511_090921,102400,nominal,importer,0000111,True,accepted
20260511_090921,102401,nominal,importer,0001010,True,accepted
20260511_090921,102402,nominal,importer,0001111,True,accepted
20260511_090921,102403,nominal,importer,0000010,True,accepted
20260511_090921,102404,nominal,importer,0000011,True,accepted
20260511_090921,102405,nominal,importer,0001100,True,accepted
20260511_090921,102406,nominal,importer,0001011,True,accepted
20260511_090921,102407,nominal,importer,0000100,True,accepted
20260511_090921,102408,nominal,importer,0001111,True,accepted
20260511_090921,102409,nominal,importer,0000000,True,accepted
20260511_090921,102410,nominal,importer,0000111,True,accepted
20260511_090921,102411,nominal,importer,0001000,True,accepted
20260511_090921,102412,nominal,importer,0001011,True,accepted
20260511_090921,102413,nominal,importer,0000110,True,accepted
20260511_090921,102414,nominal,importer,0000011,True,accepted
20260511_090921,102415,nominal,importer,0001110,True,accepted
20260511_090921,102416,nominal,importer,0000001,True,accepted
20260511_090921,102417,nominal,importer,0001111,True,accepted
20260511_090921,102418,nominal,importer,0001001,True,accepted
20260511_090921,102419,nominal,importer,0001000,True,accepted
20260511_090921,102420,nominal,importer,0000110,True,accepted
20260511_090921,102421,nominal,importer,0001010,True,accepted
20260511_090921,102422,nominal,importer,0001101,True,accepted
20260511_090921,102423,nominal,importer,0000010,True,accepted
20260511_090921,102424,nominal,importer,0001001,True,accepted
20260511_090921,102425,nominal,importer,0000110,True,accepted
20260511_090921,102426,nominal,importer,0000001,True,accepted
20260511_090921,102427,nominal,importer,0001110,True,accepted
20260511_090921,102428,nominal,importer,0001101,True,accepted
20260511_090921,102429,nominal,importer,0000100,True,accepted
20260511_090921,102430,nominal,importer,0000101,True,accepted
20260511_090921,102431,nominal,importer,0001100,True,accepted
20260511_090921,102432,nominal,importer,0000110,True,accepted
20260511_090921,102433,nominal,importer,0001011,True,accepted
20260511_090921,102434,nominal,importer,0001110,True,accepted
20260511_090921,102435,nominal,importer,0000011,True,accepted
20260511_090921,102436,nominal,importer,0000000,True,accepted
20260511_090921,102437,nominal,importer,0001111,True,accepted
20260511_090921,102438,nominal,importer,0001001,True,accepted
20260511_090921,102439,nominal,importer,0001000,True,accepted
20260511_090921,102440,nominal,importer,0001101,True,accepted
20260511_090921,102441,nominal,importer,0000100,True,accepted
20260511_090921,102442,nominal,importer,0000100,True,accepted
20260511_090921,102443,nominal,importer,0001011,True,accepted
20260511_090921,102444,nominal,importer,0001010,True,accepted
20260511_090921,102445,nominal,importer,0000111,True,accepted
20260511_090921,102446,nominal,importer,0000001,True,accepted
20260511_090921,102447,nominal,importer,0001110,True,accepted
20260511_090921,102448,nominal,importer,0000100,True,accepted
20260511_090921,102449,nominal,importer,0001101,True,accepted
20260511_090921,102450,nominal,importer,0001100,True,accepted
20260511_090921,102451,nominal,importer,0000101,True,accepted
20260511_090921,102452,nominal,importer,0000110,True,accepted
20260511_090921,102453,nominal,importer,0001010,True,accepted
20260511_090921,102454,nominal,importer,0001110,True,accepted
20260511_090921,102455,nominal,importer,0000001,True,accepted
20260511_090921,102456,nominal,importer,0001011,True,accepted
20260511_090921,102457,nominal,importer,0000110,True,accepted
20260511_090921,102458,nominal,importer,0000010,True,accepted
20260511_090921,102459,nominal,importer,0001101,True,accepted
20260511_090921,102460,nominal,importer,0001111,True,accepted
20260511_090921,102461,nominal,importer,0000000,True,accepted
20260511_090921,102462,nominal,importer,0001000,True,accepted
20260511_090921,102463,nominal,importer,0001001,True,accepted
20260511_090921,102464,nominal,importer,0001110,True,accepted
20260511_090921,102465,nominal,importer,0000001,True,accepted
20260511_090921,102466,nominal,importer,0000110,True,accepted
20260511_090921,102467,nominal,importer,0001001,True,accepted
20260511_090921,102468,nominal,importer,0001100,True,accepted
20260511_090921,102469,nominal,importer,0000101,True,accepted
20260511_090921,102470,nominal,importer,0000100,True,accepted
20260511_090921,102471,nominal,importer,0001101,True,accepted
20260511_090921,102472,nominal,importer,0001000,True,accepted
20260511_090921,102473,nominal,importer,0001001,True,accepted
20260511_090921,102474,nominal,importer,0001111,True,accepted
20260511_090921,102475,nominal,importer,0000001,True,accepted
20260511_090921,102476,nominal,importer,0000010,True,accepted
20260511_090921,102477,nominal,importer,0001101,True,accepted
20260511_090921,102478,nominal,importer,0001010,True,accepted
20260511_090921,102479,nominal,importer,0000101,True,accepted
20260511_090921,102480,nominal,importer,0001000,True,accepted
20260511_090921,102481,nominal,importer,0000111,True,accepted
20260511_090921,102482,nominal,importer,0000000,True,accepted
20260511_090921,102483,nominal,importer,0001111,True,accepted
20260511_090921,102484,nominal,importer,0001110,True,accepted
20260511_090921,102485,nominal,importer,0000011,True,accepted
20260511_090921,102486,nominal,importer,0000110,True,accepted
20260511_090921,102487,nominal,importer,0001011,True,accepted
20260511_090921,102488,nominal,importer,0000010,True,accepted
20260511_090921,102489,nominal,importer,0001111,True,accepted
20260511_090921,102490,nominal,importer,0001010,True,accepted
20260511_090921,102491,nominal,importer,0000111,True,accepted
20260511_090921,102492,nominal,importer,0000100,True,accepted
20260511_090921,102493,nominal,importer,0001011,True,accepted
20260511_090921,102494,nominal,importer,0001100,True,accepted
20260511_090921,102495,nominal,importer,0000011,True,accepted
20260511_090921,102496,nominal,importer,0001101,True,accepted
20260511_090921,102497,nominal,importer,0000010,True,accepted
20260511_090921,102498,nominal,importer,0000101,True,accepted
20260511_090921,102499,nominal,importer,0001010,True,accepted
20260511_090921,102500,nominal,importer,0001001,True,accepted
20260511_090921,102501,nominal,importer,0001000,True,accepted
20260511_090921,102502,nominal,importer,0000000,True,accepted
20260511_090921,102503,nominal,importer,0001111,True,accepted
20260511_090921,102504,nominal,importer,0000101,True,accepted
20260511_090921,102505,nominal,importer,0001100,True,accepted
20260511_090921,102506,nominal,importer,0001101,True,accepted
20260511_090921,102507,nominal,importer,0000100,True,accepted
20260511_090921,102508,nominal,importer,0000001,True,accepted
20260511_090921,102509,nominal,importer,0001110,True,accepted
20260511_090921,102510,nominal,importer,0001001,True,accepted
20260511_090921,102511,nominal,importer,0000110,True,accepted
20260511_090921,102512,nominal,importer,0001011,True,accepted
20260511_090921,102513,nominal,importer,0000100,True,accepted
20260511_090921,102514,nominal,importer,0000011,True,accepted
20260511_090921,102515,nominal,importer,0001100,True,accepted
20260511_090921,102516,nominal,importer,0001110,True,accepted
20260511_090921,102517,nominal,importer,0000010,True,accepted
20260511_090921,102518,nominal,importer,0000111,True,accepted
20260511_090921,102519,nominal,importer,0001010,True,accepted
20260511_090921,102520,nominal,importer,0000011,True,accepted
20260511_090921,102521,nominal,importer,0001110,True,accepted
20260511_090921,102522,nominal,importer,0001011,True,accepted
20260511_090921,102523,nominal,importer,0000110,True,accepted
20260511_090921,102524,nominal,importer,0000111,True,accepted
20260511_090921,102525,nominal,importer,0001000,True,accepted
20260511_090921,102526,nominal,importer,0001111,True,accepted
20260511_090921,102527,nominal,importer,0000000,True,accepted
20260511_090921,102528,nominal,importer,0000111,True,accepted
20260511_090921,102529,nominal,importer,0001010,True,accepted
20260511_090921,102530,nominal,importer,0001110,True,accepted
20260511_090921,102531,nominal,importer,0000010,True,accepted
20260511_090921,102532,nominal,importer,0000011,True,accepted
20260511_090921,102533,nominal,importer,0001100,True,accepted
20260511_090921,102534,nominal,importer,0001100,True,accepted
20260511_090921,102535,nominal,importer,0000101,True,accepted
20260511_090921,102536,nominal,importer,0001111,True,accepted
20260511_090921,102537,nominal,importer,0000000,True,accepted
20260511_090921,102538,nominal,importer,0001000,True,accepted
20260511_090921,102539,nominal,importer,0001001,True,accepted
20260511_090921,102540,nominal,importer,0001011,True,accepted
20260511_090921,102541,nominal,importer,0000110,True,accepted
20260511_090921,102542,nominal,importer,0000011,True,accepted
20260511_090921,102543,nominal,importer,0001110,True,accepted
20260511_090921,102544,nominal,importer,0000000,True,accepted
20260511_090921,102545,nominal,importer,0001111,True,accepted
20260511_090921,102546,nominal,importer,0001001,True,accepted
20260511_090921,102547,nominal,importer,0001000,True,accepted
20260511_090921,102548,nominal,importer,0000110,True,accepted
20260511_090921,102549,nominal,importer,0001011,True,accepted
20260511_090921,102550,nominal,importer,0001101,True,accepted
20260511_090921,102551,nominal,importer,0000010,True,accepted
20260511_090921,102552,nominal,importer,0001010,True,accepted
20260511_090921,102553,nominal,importer,0000111,True,accepted
20260511_090921,102554,nominal,importer,0000001,True,accepted
20260511_090921,102555,nominal,importer,0001110,True,accepted
20260511_090921,102556,nominal,importer,0001101,True,accepted
20260511_090921,102557,nominal,importer,0000100,True,accepted
20260511_090921,102558,nominal,importer,0000101,True,accepted
20260511_090921,102559,nominal,importer,0001100,True,accepted
20260511_090921,102560,nominal,importer,0001110,True,accepted
20260511_090921,102561,nominal,importer,0000011,True,accepted
20260511_090921,102562,nominal,importer,0000110,True,accepted
20260511_090921,102563,nominal,importer,0001011,True,accepted
20260511_090921,102564,nominal,importer,0001000,True,accepted
20260511_090921,102565,nominal,importer,0000111,True,accepted
20260511_090921,102566,nominal,importer,0000000,True,accepted
20260511_090921,102567,nominal,importer,0001111,True,accepted
20260511_090921,102568,nominal,importer,0000100,True,accepted
20260511_090921,102569,nominal,importer,0001011,True,accepted
20260511_090921,102570,nominal,importer,0001100,True,accepted
20260511_090921,102571,nominal,importer,0000011,True,accepted
20260511_090921,102572,nominal,importer,0000010,True,accepted
20260511_090921,102573,nominal,importer,0001110,True,accepted
20260511_090921,102574,nominal,importer,0001010,True,accepted
20260511_090921,102575,nominal,importer,0000111,True,accepted
20260511_090921,102576,nominal,importer,0001100,True,accepted
20260511_090921,102577,nominal,importer,0000101,True,accepted
20260511_090921,102578,nominal,importer,0000100,True,accepted
20260511_090921,102579,nominal,importer,0001101,True,accepted
20260511_090921,102580,nominal,importer,0001110,True,accepted
20260511_090921,102581,nominal,importer,0000001,True,accepted
20260511_090921,102582,nominal,importer,0000110,True,accepted
20260511_090921,102583,nominal,importer,0001001,True,accepted
20260511_090921,102584,nominal,importer,0000010,True,accepted
20260511_090921,102585,nominal,importer,0001101,True,accepted
20260511_090921,102586,nominal,importer,0001010,True,accepted
20260511_090921,102587,nominal,importer,0000101,True,accepted
20260511_090921,102588,nominal,importer,0001000,True,accepted
20260511_090921,102589,nominal,importer,0001001,True,accepted
20260511_090921,102590,nominal,importer,0001111,True,accepted
20260511_090921,102591,nominal,importer,0000001,True,accepted
20260511_090921,102592,nominal,importer,0000111,True,accepted
20260511_090921,102593,nominal,importer,0001010,True,accepted
20260511_090921,102594,nominal,importer,0001110,True,accepted
20260511_090921,102595,nominal,importer,0000001,True,accepted
20260511_090921,102596,nominal,importer,0000100,True,accepted
20260511_090921,102597,nominal,importer,0001101,True,accepted
20260511_090921,102598,nominal,importer,0001100,True,accepted
20260511_090921,102599,nominal,importer,0000101,True,accepted
20260511_090921,102600,nominal,importer,0001111,True,accepted
20260511_090921,102601,nominal,importer,0000000,True,accepted
20260511_090921,102602,nominal,importer,0001000,True,accepted
20260511_090921,102603,nominal,importer,0001001,True,accepted
20260511_090921,102604,nominal,importer,0001011,True,accepted
20260511_090921,102605,nominal,importer,0000110,True,accepted
20260511_090921,102606,nominal,importer,0000010,True,accepted
20260511_090921,102607,nominal,importer,0001101,True,accepted
20260511_090921,102608,nominal,importer,0000000,True,accepted
20260511_090921,102609,nominal,importer,0001111,True,accepted
20260511_090921,102610,nominal,importer,0001001,True,accepted
20260511_090921,102611,nominal,importer,0001000,True,accepted
20260511_090921,102612,nominal,importer,0000110,True,accepted
20260511_090921,102613,nominal,importer,0001011,True,accepted
20260511_090921,102614,nominal,importer,0001110,True,accepted
20260511_090921,102615,nominal,importer,0000011,True,accepted
20260511_090921,102616,nominal,importer,0001010,True,accepted
20260511_090921,102617,nominal,importer,0000111,True,accepted
20260511_090921,102618,nominal,importer,0000010,True,accepted
20260511_090921,102619,nominal,importer,0001110,True,accepted
20260511_090921,102620,nominal,importer,0001100,True,accepted
20260511_090921,102621,nominal,importer,0000011,True,accepted
20260511_090921,102622,nominal,importer,0000101,True,accepted
20260511_090921,102623,nominal,importer,0001100,True,accepted
20260511_090921,102624,nominal,importer,0000110,True,accepted
20260511_090921,102625,nominal,importer,0001011,True,accepted
20260511_090921,102626,nominal,importer,0001101,True,accepted
20260511_090921,102627,nominal,importer,0000010,True,accepted
20260511_090921,102628,nominal,importer,0000000,True,accepted
20260511_090921,102629,nominal,importer,0001111,True,accepted
20260511_090921,102630,nominal,importer,0001001,True,accepted
20260511_090921,102631,nominal,importer,0001000,True,accepted
20260511_090921,102632,nominal,importer,0001101,True,accepted
20260511_090921,102633,nominal,importer,0000100,True,accepted
20260511_090921,102634,nominal,importer,0000101,True,accepted
20260511_090921,102635,nominal,importer,0001100,True,accepted
20260511_090921,102636,nominal,importer,0001010,True,accepted
20260511_090921,102637,nominal,importer,0000111,True,accepted
20260511_090921,102638,nominal,importer,0000001,True,accepted
20260511_090921,102639,nominal,importer,0001110,True,accepted
20260511_090921,102640,nominal,importer,0000100,True,accepted
20260511_090921,102641,nominal,importer,0001100,True,accepted
20260511_090921,102642,nominal,importer,0001011,True,accepted
20260511_090921,102643,nominal,importer,0000100,True,accepted
20260511_090921,102644,nominal,importer,0000111,True,accepted
20260511_090921,102645,nominal,importer,0001010,True,accepted
20260511_090921,102646,nominal,importer,0001110,True,accepted
20260511_090921,102647,nominal,importer,0000001,True,accepted
20260511_090921,102648,nominal,importer,0001011,True,accepted
20260511_090921,102649,nominal,importer,0000110,True,accepted
20260511_090921,102650,nominal,importer,0000011,True,accepted
20260511_090921,102651,nominal,importer,0001110,True,accepted
20260511_090921,102652,nominal,importer,0001111,True,accepted
20260511_090921,102653,nominal,importer,0000000,True,accepted
20260511_090921,102654,nominal,importer,0001000,True,accepted
20260511_090921,102655,nominal,importer,0001001,True,accepted
20260511_090921,102656,nominal,importer,0001111,True,accepted
20260511_090921,102657,nominal,importer,0000010,True,accepted
20260511_090921,102658,nominal,importer,0000111,True,accepted
20260511_090921,102659,nominal,importer,0001010,True,accepted
20260511_090921,102660,nominal,importer,0001011,True,accepted
20260511_090921,102661,nominal,importer,0000100,True,accepted
20260511_090921,102662,nominal,importer,0000011,True,accepted
20260511_090921,102663,nominal,importer,0001100,True,accepted
20260511_090921,102664,nominal,importer,0000111,True,accepted
20260511_090921,102665,nominal,importer,0001000,True,accepted
20260511_090921,102666,nominal,importer,0001111,True,accepted
20260511_090921,102667,nominal,importer,0000000,True,accepted
20260511_090921,102668,nominal,importer,0000011,True,accepted
20260511_090921,102669,nominal,importer,0001110,True,accepted
20260511_090921,102670,nominal,importer,0001011,True,accepted
20260511_090921,102671,nominal,importer,0000110,True,accepted
20260511_090921,102672,nominal,importer,0001001,True,accepted
20260511_090921,102673,nominal,importer,0001000,True,accepted
20260511_090921,102674,nominal,importer,0000001,True,accepted
20260511_090921,102675,nominal,importer,0001111,True,accepted
20260511_090921,102676,nominal,importer,0001101,True,accepted
20260511_090921,102677,nominal,importer,0000010,True,accepted
20260511_090921,102678,nominal,importer,0000101,True,accepted
20260511_090921,102679,nominal,importer,0001010,True,accepted
20260511_090921,102680,nominal,importer,0000001,True,accepted
20260511_090921,102681,nominal,importer,0001110,True,accepted
20260511_090921,102682,nominal,importer,0001010,True,accepted
20260511_090921,102683,nominal,importer,0000110,True,accepted
20260511_090921,102684,nominal,importer,0000101,True,accepted
20260511_090921,102685,nominal,importer,0001100,True,accepted
20260511_090921,102686,nominal,importer,0001101,True,accepted
20260511_090921,102687,nominal,importer,0000100,True,accepted
20260511_090921,102688,nominal,importer,0001101,True,accepted
20260511_090921,102689,nominal,importer,0000011,True,accepted
20260511_090921,102690,nominal,importer,0000110,True,accepted
20260511_090921,102691,nominal,importer,0001011,True,accepted
20260511_090921,102692,nominal,importer,0001001,True,accepted
20260511_090921,102693,nominal,importer,0001000,True,accepted
20260511_090921,102694,nominal,importer,0000000,True,accepted
20260511_090921,102695,nominal,importer,0001111,True,accepted
20260511_090921,102696,nominal,importer,0000101,True,accepted
20260511_090921,102697,nominal,importer,0001100,True,accepted
20260511_090921,102698,nominal,importer,0001100,True,accepted
20260511_090921,102699,nominal,importer,0000100,True,accepted
20260511_090921,102700,nominal,importer,0000001,True,accepted
20260511_090921,102701,nominal,importer,0001110,True,accepted
20260511_090921,102702,nominal,importer,0001010,True,accepted
20260511_090921,102703,nominal,importer,0000111,True,accepted
20260511_090921,102704,nominal,importer,0001100,True,accepted
20260511_090921,102705,nominal,importer,0000101,True,accepted
20260511_090921,102706,nominal,importer,0000100,True,accepted
20260511_090921,102707,nominal,importer,0001101,True,accepted
20260511_090921,102708,nominal,importer,0001110,True,accepted
20260511_090921,102709,nominal,importer,0000001,True,accepted
20260511_090921,102710,nominal,importer,0000111,True,accepted
20260511_090921,102711,nominal,importer,0001010,True,accepted
20260511_090921,102712,nominal,importer,0000010,True,accepted
20260511_090921,102713,nominal,importer,0001101,True,accepted
20260511_090921,102714,nominal,importer,0001010,True,accepted
20260511_090921,102715,nominal,importer,0000110,True,accepted
20260511_090921,102716,nominal,importer,0001000,True,accepted
20260511_090921,102717,nominal,importer,0001001,True,accepted
20260511_090921,102718,nominal,importer,0001111,True,accepted
20260511_090921,102719,nominal,importer,0000000,True,accepted
20260511_090921,102720,nominal,importer,0000110,True,accepted
20260511_090921,102721,nominal,importer,0001001,True,accepted
20260511_090921,102722,nominal,importer,0001110,True,accepted
20260511_090921,102723,nominal,importer,0000001,True,accepted
20260511_090921,102724,nominal,importer,0000100,True,accepted
20260511_090921,102725,nominal,importer,0001101,True,accepted
20260511_090921,102726,nominal,importer,0001100,True,accepted
20260511_090921,102727,nominal,importer,0000101,True,accepted
20260511_090921,102728,nominal,importer,0001111,True,accepted
20260511_090921,102729,nominal,importer,0000001,True,accepted
20260511_090921,102730,nominal,importer,0001000,True,accepted
20260511_090921,102731,nominal,importer,0001001,True,accepted
20260511_090921,102732,nominal,importer,0001010,True,accepted
20260511_090921,102733,nominal,importer,0000101,True,accepted
20260511_090921,102734,nominal,importer,0000010,True,accepted
20260511_090921,102735,nominal,importer,0001101,True,accepted
20260511_090921,102736,nominal,importer,0000000,True,accepted
20260511_090921,102737,nominal,importer,0001111,True,accepted
20260511_090921,102738,nominal,importer,0001000,True,accepted
20260511_090921,102739,nominal,importer,0000111,True,accepted
20260511_090921,102740,nominal,importer,0000110,True,accepted
20260511_090921,102741,nominal,importer,0001011,True,accepted
20260511_090921,102742,nominal,importer,0001110,True,accepted
20260511_090921,102743,nominal,importer,0000011,True,accepted
20260511_090921,102744,nominal,importer,0001010,True,accepted
20260511_090921,102745,nominal,importer,0000111,True,accepted
20260511_090921,102746,nominal,importer,0000010,True,accepted
20260511_090921,102747,nominal,importer,0001111,True,accepted
20260511_090921,102748,nominal,importer,0001100,True,accepted
20260511_090921,102749,nominal,importer,0000011,True,accepted
20260511_090921,102750,nominal,importer,0000100,True,accepted
20260511_090921,102751,nominal,importer,0001011,True,accepted
20260511_090921,102752,nominal,importer,0000101,True,accepted
20260511_090921,102753,nominal,importer,0001010,True,accepted
20260511_090921,102754,nominal,importer,0001101,True,accepted
20260511_090921,102755,nominal,importer,0000010,True,accepted
20260511_090921,102756,nominal,importer,0000000,True,accepted
20260511_090921,102757,nominal,importer,0001111,True,accepted
20260511_090921,102758,nominal,importer,0001001,True,accepted
20260511_090921,102759,nominal,importer,0001000,True,accepted
20260511_090921,102760,nominal,importer,0001101,True,accepted
20260511_090921,102761,nominal,importer,0000100,True,accepted
20260511_090921,102762,nominal,importer,0000101,True,accepted
20260511_090921,102763,nominal,importer,0001100,True,accepted
20260511_090921,102764,nominal,importer,0001001,True,accepted
20260511_090921,102765,nominal,importer,0000110,True,accepted
20260511_090921,102766,nominal,importer,0000001,True,accepted
20260511_090921,102767,nominal,importer,0001110,True,accepted
20260511_090921,102768,nominal,importer,0000011,True,accepted
20260511_090921,102769,nominal,importer,0001100,True,accepted
20260511_090921,102770,nominal,importer,0001011,True,accepted
20260511_090921,102771,nominal,importer,0000100,True,accepted
20260511_090921,102772,nominal,importer,0000111,True,accepted
20260511_090921,102773,nominal,importer,0001010,True,accepted
20260511_090921,201024,nominal,exporter,0001110,True,accepted
20260511_090921,201025,nominal,exporter,1100100,True,accepted
20260511_090921,201026,nominal,exporter,0101100,True,accepted
20260511_090921,201027,nominal,exporter,0001000,True,accepted
20260511_090921,201028,nominal,exporter,0000000,True,accepted
20260511_090921,201029,nominal,exporter,0101110,True,accepted
20260511_090921,201030,nominal,exporter,1101110,True,accepted
20260511_090921,201031,nominal,exporter,0001010,True,accepted
20260511_090921,201032,nominal,exporter,0100110,True,accepted
20260511_090921,201033,nominal,exporter,0000100,True,accepted
20260511_090921,201034,nominal,exporter,0001110,True,accepted
20260511_090921,201035,nominal,exporter,0111110,True,accepted
20260511_090921,201036,nominal,exporter,1110110,True,accepted
20260511_090921,201037,nominal,exporter,0001100,True,accepted
20260511_090921,201038,nominal,exporter,0000100,True,accepted
20260511_090921,201039,nominal,exporter,0110110,True,accepted
20260511_090921,201040,nominal,exporter,0000110,True,accepted
20260511_090921,201041,nominal,exporter,0100110,True,accepted
20260511_090921,201042,nominal,exporter,0111100,True,accepted
20260511_090921,201043,nominal,exporter,0001110,True,accepted
20260511_090921,201044,nominal,exporter,0001100,True,accepted
20260511_090921,201045,nominal,exporter,1111100,True,accepted
20260511_090921,201046,nominal,exporter,0110100,True,accepted
20260511_090921,201047,nominal,exporter,0000010,True,accepted
20260511_090921,201048,nominal,exporter,1100110,True,accepted
20260511_090921,201049,nominal,exporter,0100100,True,accepted
20260511_090921,201050,nominal,exporter,0000110,True,accepted
20260511_090921,201051,nominal,exporter,0101100,True,accepted
20260511_090921,201052,nominal,exporter,0101110,True,accepted
20260511_090921,201053,nominal,exporter,0000000,True,accepted
20260511_090921,201054,nominal,exporter,0001000,True,accepted
20260511_090921,201055,nominal,exporter,1101100,True,accepted
20260511_090921,201056,nominal,exporter,0110110,True,accepted
20260511_090921,201057,nominal,exporter,0000010,True,accepted
20260511_090921,201058,nominal,exporter,0001100,True,accepted
20260511_090921,201059,nominal,exporter,1111110,True,accepted
20260511_090921,201060,nominal,exporter,0111110,True,accepted
20260511_090921,201061,nominal,exporter,0001110,True,accepted
20260511_090921,201062,nominal,exporter,0000110,True,accepted
20260511_090921,201063,nominal,exporter,0100110,True,accepted
20260511_090921,201064,nominal,exporter,0001010,True,accepted
20260511_090921,201065,nominal,exporter,1101110,True,accepted
20260511_090921,201066,nominal,exporter,0110100,True,accepted
20260511_090921,201067,nominal,exporter,0000010,True,accepted
20260511_090921,201068,nominal,exporter,0001000,True,accepted
20260511_090921,201069,nominal,exporter,0101100,True,accepted
20260511_090921,201070,nominal,exporter,1101100,True,accepted
20260511_090921,201071,nominal,exporter,0100100,True,accepted
20260511_090921,201072,nominal,exporter,1110100,True,accepted
20260511_090921,201073,nominal,exporter,0001010,True,accepted
20260511_090921,201074,nominal,exporter,0000000,True,accepted
20260511_090921,201075,nominal,exporter,0101110,True,accepted
20260511_090921,201076,nominal,exporter,0101110,True,accepted
20260511_090921,201077,nominal,exporter,0001000,True,accepted
20260511_090921,201078,nominal,exporter,0100100,True,accepted
20260511_090921,201079,nominal,exporter,1100100,True,accepted
20260511_090921,201080,nominal,exporter,0000100,True,accepted
20260511_090921,201081,nominal,exporter,0111100,True,accepted
20260511_090921,201082,nominal,exporter,1111100,True,accepted
20260511_090921,201083,nominal,exporter,0001100,True,accepted
20260511_090921,201084,nominal,exporter,0001110,True,accepted
20260511_090921,201085,nominal,exporter,0111110,True,accepted
20260511_090921,201086,nominal,exporter,0100110,True,accepted
20260511_090921,201087,nominal,exporter,0000110,True,accepted
20260511_090921,201088,nominal,exporter,0101100,True,accepted
20260511_090921,201089,nominal,exporter,0001000,True,accepted
20260511_090921,201090,nominal,exporter,0100100,True,accepted
20260511_090921,201091,nominal,exporter,1101100,True,accepted
20260511_090921,201092,nominal,exporter,1101110,True,accepted
20260511_090921,201093,nominal,exporter,0001010,True,accepted
20260511_090921,201094,nominal,exporter,0000010,True,accepted
20260511_090921,201095,nominal,exporter,0110100,True,accepted
20260511_090921,201096,nominal,exporter,0001110,True,accepted
20260511_090921,201097,nominal,exporter,0111110,True,accepted
20260511_090921,201098,nominal,exporter,0101100,True,accepted
20260511_090921,201099,nominal,exporter,0000110,True,accepted
20260511_090921,201100,nominal,exporter,0000010,True,accepted
20260511_090921,201101,nominal,exporter,0110110,True,accepted
20260511_090921,201102,nominal,exporter,1111110,True,accepted
20260511_090921,201103,nominal,exporter,0001100,True,accepted
20260511_090921,201104,nominal,exporter,1100100,True,accepted
20260511_090921,201105,nominal,exporter,0001110,True,accepted
20260511_090921,201106,nominal,exporter,0000100,True,accepted
20260511_090921,201107,nominal,exporter,0100110,True,accepted
20260511_090921,201108,nominal,exporter,0111100,True,accepted
20260511_090921,201109,nominal,exporter,0000100,True,accepted
20260511_090921,201110,nominal,exporter,0001100,True,accepted
20260511_090921,201111,nominal,exporter,1111100,True,accepted
20260511_090921,201112,nominal,exporter,0001000,True,accepted
20260511_090921,201113,nominal,exporter,0101110,True,accepted
20260511_090921,201114,nominal,exporter,1100110,True,accepted
20260511_090921,201115,nominal,exporter,0100100,True,accepted
20260511_090921,201116,nominal,exporter,0001010,True,accepted
20260511_090921,201117,nominal,exporter,1110100,True,accepted
20260511_090921,201118,nominal,exporter,0101110,True,accepted
20260511_090921,201119,nominal,exporter,0000000,True,accepted
20260511_090921,201120,nominal,exporter,0001010,True,accepted
20260511_090921,201121,nominal,exporter,1110110,True,accepted
20260511_090921,201122,nominal,exporter,0111100,True,accepted
20260511_090921,201123,nominal,exporter,0000100,True,accepted
20260511_090921,201124,nominal,exporter,0000100,True,accepted
20260511_090921,201125,nominal,exporter,0100110,True,accepted
20260511_090921,201126,nominal,exporter,0111110,True,accepted
20260511_090921,201127,nominal,exporter,0001110,True,accepted
20260511_090921,201128,nominal,exporter,0101110,True,accepted
20260511_090921,201129,nominal,exporter,0000000,True,accepted
20260511_090921,201130,nominal,exporter,0001010,True,accepted
20260511_090921,201131,nominal,exporter,1101110,True,accepted
20260511_090921,201132,nominal,exporter,1100100,True,accepted
20260511_090921,201133,nominal,exporter,0001110,True,accepted
20260511_090921,201134,nominal,exporter,0001000,True,accepted
20260511_090921,201135,nominal,exporter,0101110,True,accepted
20260511_090921,201136,nominal,exporter,0000000,True,accepted
20260511_090921,201137,nominal,exporter,0110100,True,accepted
20260511_090921,201138,nominal,exporter,1101100,True,accepted
20260511_090921,201139,nominal,exporter,0001000,True,accepted
20260511_090921,201140,nominal,exporter,0100100,True,accepted
20260511_090921,201141,nominal,exporter,1100110,True,accepted
20260511_090921,201142,nominal,exporter,0101100,True,accepted
20260511_090921,201143,nominal,exporter,0000110,True,accepted
20260511_090921,201144,nominal,exporter,1111110,True,accepted
20260511_090921,201145,nominal,exporter,0001100,True,accepted
20260511_090921,201146,nominal,exporter,0000010,True,accepted
20260511_090921,201147,nominal,exporter,0110110,True,accepted
20260511_090921,201148,nominal,exporter,0100110,True,accepted
20260511_090921,201149,nominal,exporter,0000110,True,accepted
20260511_090921,201150,nominal,exporter,0001100,True,accepted
20260511_090921,201151,nominal,exporter,0111100,True,accepted
20260511_090921,201152,nominal,exporter,0100100,True,accepted
20260511_090921,201153,nominal,exporter,1100110,True,accepted
20260511_090921,201154,nominal,exporter,0101110,True,accepted
20260511_090921,201155,nominal,exporter,0001000,True,accepted
20260511_090921,201156,nominal,exporter,0000000,True,accepted
20260511_090921,201157,nominal,exporter,0101110,True,accepted
20260511_090921,201158,nominal,exporter,1110100,True,accepted
20260511_090921,201159,nominal,exporter,0001010,True,accepted
20260511_090921,201160,nominal,exporter,0100110,True,accepted
20260511_090921,201161,nominal,exporter,0000100,True,accepted
20260511_090921,201162,nominal,exporter,0001110,True,accepted
20260511_090921,201163,nominal,exporter,1100100,True,accepted
20260511_090921,201164,nominal,exporter,1111100,True,accepted
20260511_090921,201165,nominal,exporter,0001100,True,accepted
20260511_090921,201166,nominal,exporter,0000100,True,accepted
20260511_090921,201167,nominal,exporter,0111100,True,accepted
20260511_090921,201168,nominal,exporter,0000110,True,accepted
20260511_090921,201169,nominal,exporter,0101100,True,accepted
20260511_090921,201170,nominal,exporter,0111110,True,accepted
20260511_090921,201171,nominal,exporter,0001110,True,accepted
20260511_090921,201172,nominal,exporter,0001100,True,accepted
20260511_090921,201173,nominal,exporter,1111110,True,accepted
20260511_090921,201174,nominal,exporter,0110110,True,accepted
20260511_090921,201175,nominal,exporter,0000010,True,accepted
20260511_090921,201176,nominal,exporter,1101100,True,accepted
20260511_090921,201177,nominal,exporter,0100100,True,accepted
20260511_090921,201178,nominal,exporter,0000110,True,accepted
20260511_090921,201179,nominal,exporter,0101100,True,accepted
20260511_090921,201180,nominal,exporter,0110100,True,accepted
20260511_090921,201181,nominal,exporter,0000010,True,accepted
20260511_090921,201182,nominal,exporter,0001010,True,accepted
20260511_090921,201183,nominal,exporter,1101110,True,accepted
20260511_090921,201184,nominal,exporter,0110110,True,accepted
20260511_090921,201185,nominal,exporter,0000010,True,accepted
20260511_090921,201186,nominal,exporter,0001100,True,accepted
20260511_090921,201187,nominal,exporter,1111110,True,accepted
20260511_090921,201188,nominal,exporter,0111100,True,accepted
20260511_090921,201189,nominal,exporter,0001100,True,accepted
20260511_090921,201190,nominal,exporter,0000110,True,accepted
20260511_090921,201191,nominal,exporter,0100110,True,accepted
20260511_090921,201192,nominal,exporter,0001000,True,accepted
20260511_090921,201193,nominal,exporter,1101100,True,accepted
20260511_090921,201194,nominal,exporter,0110100,True,accepted
20260511_090921,201195,nominal,exporter,0000000,True,accepted
20260511_090921,201196,nominal,exporter,0000110,True,accepted
20260511_090921,201197,nominal,exporter,0101100,True,accepted
20260511_090921,201198,nominal,exporter,1101100,True,accepted
20260511_090921,201199,nominal,exporter,0100100,True,accepted
20260511_090921,201200,nominal,exporter,1101110,True,accepted
20260511_090921,201201,nominal,exporter,0001010,True,accepted
20260511_090921,201202,nominal,exporter,0000000,True,accepted
20260511_090921,201203,nominal,exporter,0101110,True,accepted
20260511_090921,201204,nominal,exporter,0101110,True,accepted
20260511_090921,201205,nominal,exporter,0001000,True,accepted
20260511_090921,201206,nominal,exporter,0001110,True,accepted
20260511_090921,201207,nominal,exporter,1100100,True,accepted
20260511_090921,201208,nominal,exporter,0000100,True,accepted
20260511_090921,201209,nominal,exporter,0111100,True,accepted
20260511_090921,201210,nominal,exporter,1110110,True,accepted
20260511_090921,201211,nominal,exporter,0001010,True,accepted
20260511_090921,201212,nominal,exporter,0001110,True,accepted
20260511_090921,201213,nominal,exporter,0111110,True,accepted
20260511_090921,201214,nominal,exporter,0100110,True,accepted
20260511_090921,201215,nominal,exporter,0000100,True,accepted
20260511_090921,201216,nominal,exporter,0101100,True,accepted
20260511_090921,201217,nominal,exporter,0000110,True,accepted
20260511_090921,201218,nominal,exporter,0100100,True,accepted
20260511_090921,201219,nominal,exporter,1100110,True,accepted
20260511_090921,201220,nominal,exporter,1101100,True,accepted
20260511_090921,201221,nominal,exporter,0001010,True,accepted
20260511_090921,201222,nominal,exporter,0000000,True,accepted
20260511_090921,201223,nominal,exporter,0101110,True,accepted
20260511_090921,201224,nominal,exporter,0001100,True,accepted
20260511_090921,201225,nominal,exporter,0111100,True,accepted
20260511_090921,201226,nominal,exporter,0100110,True,accepted
20260511_090921,201227,nominal,exporter,0000110,True,accepted
20260511_090921,201228,nominal,exporter,0000010,True,accepted
20260511_090921,201229,nominal,exporter,0110100,True,accepted
20260511_090921,201230,nominal,exporter,1111100,True,accepted
20260511_090921,201231,nominal,exporter,0001100,True,accepted
20260511_090921,201232,nominal,exporter,0111110,True,accepted
20260511_090921,201233,nominal,exporter,0001110,True,accepted
20260511_090921,201234,nominal,exporter,0000100,True,accepted
20260511_090921,201235,nominal,exporter,0100110,True,accepted
20260511_090921,201236,nominal,exporter,0110110,True,accepted
20260511_090921,201237,nominal,exporter,0000100,True,accepted
20260511_090921,201238,nominal,exporter,0001100,True,accepted
20260511_090921,201239,nominal,exporter,1110110,True,accepted
20260511_090921,201240,nominal,exporter,0001000,True,accepted
20260511_090921,201241,nominal,exporter,0101100,True,accepted
20260511_090921,201242,nominal,exporter,1100100,True,accepted
20260511_090921,201243,nominal,exporter,0001110,True,accepted
20260511_090921,201244,nominal,exporter,0001010,True,accepted
20260511_090921,201245,nominal,exporter,1101110,True,accepted
20260511_090921,201246,nominal,exporter,0101110,True,accepted
20260511_090921,201247,nominal,exporter,0000000,True,accepted
20260511_090921,201248,nominal,exporter,0001100,True,accepted
20260511_090921,201249,nominal,exporter,1110110,True,accepted
20260511_090921,201250,nominal,exporter,0111100,True,accepted
20260511_090921,201251,nominal,exporter,0000100,True,accepted
20260511_090921,201252,nominal,exporter,0000110,True,accepted
20260511_090921,201253,nominal,exporter,0100110,True,accepted
20260511_090921,201254,nominal,exporter,0111110,True,accepted
20260511_090921,201255,nominal,exporter,0001110,True,accepted
20260511_090921,201256,nominal,exporter,0101110,True,accepted
20260511_090921,201257,nominal,exporter,0000000,True,accepted
20260511_090921,201258,nominal,exporter,0001010,True,accepted
20260511_090921,201259,nominal,exporter,1110100,True,accepted
20260511_090921,201260,nominal,exporter,1100110,True,accepted
20260511_090921,201261,nominal,exporter,0100100,True,accepted
20260511_090921,201262,nominal,exporter,0001000,True,accepted
20260511_090921,201263,nominal,exporter,0101110,True,accepted
20260511_090921,201264,nominal,exporter,0000010,True,accepted
20260511_090921,201265,nominal,exporter,0110100,True,accepted
20260511_090921,201266,nominal,exporter,1101110,True,accepted
20260511_090921,201267,nominal,exporter,0001010,True,accepted
20260511_090921,201268,nominal,exporter,0100100,True,accepted
20260511_090921,201269,nominal,exporter,1101100,True,accepted
20260511_090921,201270,nominal,exporter,0101100,True,accepted
20260511_090921,201271,nominal,exporter,0001000,True,accepted
20260511_090921,201272,nominal,exporter,1111110,True,accepted
20260511_090921,201273,nominal,exporter,0001100,True,accepted
20260511_090921,201274,nominal,exporter,0000010,True,accepted
20260511_090921,201275,nominal,exporter,0110110,True,accepted
20260511_090921,201276,nominal,exporter,0101100,True,accepted
20260511_090921,201277,nominal,exporter,0000110,True,accepted
20260511_090921,201278,nominal,exporter,0001110,True,accepted
20260511_090921,201279,nominal,exporter,0111110,True,accepted
20260511_090921,201280,nominal,exporter,1100100,True,accepted
20260511_090921,201281,nominal,exporter,0001110,True,accepted
20260511_090921,201282,nominal,exporter,0001000,True,accepted
20260511_090921,201283,nominal,exporter,0101110,True,accepted
20260511_090921,201284,nominal,exporter,0101110,True,accepted
20260511_090921,201285,nominal,exporter,0000000,True,accepted
20260511_090921,201286,nominal,exporter,0001010,True,accepted
20260511_090921,201287,nominal,exporter,1110100,True,accepted
20260511_090921,201288,nominal,exporter,0000100,True,accepted
20260511_090921,201289,nominal,exporter,0100110,True,accepted
20260511_090921,201290,nominal,exporter,0111110,True,accepted
20260511_090921,201291,nominal,exporter,0001110,True,accepted
20260511_090921,201292,nominal,exporter,0001010,True,accepted
20260511_090921,201293,nominal,exporter,1110110,True,accepted
20260511_090921,201294,nominal,exporter,0110110,True,accepted
20260511_090921,201295,nominal,exporter,0000010,True,accepted
20260511_090921,201296,nominal,exporter,0100110,True,accepted
20260511_090921,201297,nominal,exporter,0000110,True,accepted
20260511_090921,201298,nominal,exporter,0001100,True,accepted
20260511_090921,201299,nominal,exporter,0111100,True,accepted
20260511_090921,201300,nominal,exporter,1111110,True,accepted
20260511_090921,201301,nominal,exporter,0001100,True,accepted
20260511_090921,201302,nominal,exporter,0000010,True,accepted
20260511_090921,201303,nominal,exporter,0110110,True,accepted
20260511_090921,201304,nominal,exporter,0100100,True,accepted
20260511_090921,201305,nominal,exporter,1100110,True,accepted
20260511_090921,201306,nominal,exporter,0101100,True,accepted
20260511_090921,201307,nominal,exporter,0000110,True,accepted
20260511_090921,201308,nominal,exporter,0000000,True,accepted
20260511_090921,201309,nominal,exporter,0110100,True,accepted
20260511_090921,201310,nominal,exporter,1101100,True,accepted
20260511_090921,201311,nominal,exporter,0001000,True,accepted
20260511_090921,201312,nominal,exporter,0000010,True,accepted
20260511_090921,201313,nominal,exporter,0110110,True,accepted
20260511_090921,201314,nominal,exporter,1111110,True,accepted
20260511_090921,201315,nominal,exporter,0001100,True,accepted
20260511_090921,201316,nominal,exporter,0001110,True,accepted
20260511_090921,201317,nominal,exporter,0111110,True,accepted
20260511_090921,201318,nominal,exporter,0101100,True,accepted
20260511_090921,201319,nominal,exporter,0000110,True,accepted
20260511_090921,201320,nominal,exporter,1101110,True,accepted
20260511_090921,201321,nominal,exporter,0001010,True,accepted
20260511_090921,201322,nominal,exporter,0000010,True,accepted
20260511_090921,201323,nominal,exporter,0110100,True,accepted
20260511_090921,201324,nominal,exporter,0101100,True,accepted
20260511_090921,201325,nominal,exporter,0000110,True,accepted
20260511_090921,201326,nominal,exporter,0100100,True,accepted
20260511_090921,201327,nominal,exporter,1101100,True,accepted
20260511_090921,201328,nominal,exporter,0001010,True,accepted
20260511_090921,201329,nominal,exporter,1110100,True,accepted
20260511_090921,201330,nominal,exporter,0101110,True,accepted
20260511_090921,201331,nominal,exporter,0000000,True,accepted
20260511_090921,201332,nominal,exporter,0001000,True,accepted
20260511_090921,201333,nominal,exporter,0101110,True,accepted
20260511_090921,201334,nominal,exporter,1100110,True,accepted
20260511_090921,201335,nominal,exporter,0001110,True,accepted
20260511_090921,201336,nominal,exporter,0111100,True,accepted
20260511_090921,201337,nominal,exporter,0000100,True,accepted
20260511_090921,201338,nominal,exporter,0001100,True,accepted
20260511_090921,201339,nominal,exporter,1111100,True,accepted
20260511_090921,201340,nominal,exporter,0111110,True,accepted
20260511_090921,201341,nominal,exporter,0001110,True,accepted
20260511_090921,201342,nominal,exporter,0000100,True,accepted
20260511_090921,201343,nominal,exporter,0100110,True,accepted
20260511_090921,201344,nominal,exporter,0001000,True,accepted
20260511_090921,201345,nominal,exporter,0101100,True,accepted
20260511_090921,201346,nominal,exporter,1101100,True,accepted
20260511_090921,201347,nominal,exporter,0100100,True,accepted
20260511_090921,201348,nominal,exporter,0001010,True,accepted
20260511_090921,201349,nominal,exporter,1101110,True,accepted
20260511_090921,201350,nominal,exporter,0110100,True,accepted
20260511_090921,201351,nominal,exporter,0000010,True,accepted
20260511_090921,201352,nominal,exporter,0111110,True,accepted
20260511_090921,201353,nominal,exporter,0001110,True,accepted
20260511_090921,201354,nominal,exporter,0000110,True,accepted
20260511_090921,201355,nominal,exporter,0101100,True,accepted
20260511_090921,201356,nominal,exporter,0110110,True,accepted
20260511_090921,201357,nominal,exporter,0000010,True,accepted
20260511_090921,201358,nominal,exporter,0001100,True,accepted
20260511_090921,201359,nominal,exporter,1111110,True,accepted
20260511_090921,201360,nominal,exporter,0001110,True,accepted
20260511_090921,201361,nominal,exporter,0111110,True,accepted
20260511_090921,201362,nominal,exporter,0100110,True,accepted
20260511_090921,201363,nominal,exporter,0000110,True,accepted
20260511_090921,201364,nominal,exporter,0000100,True,accepted
20260511_090921,201365,nominal,exporter,0111100,True,accepted
20260511_090921,201366,nominal,exporter,1110110,True,accepted
20260511_090921,201367,nominal,exporter,0001100,True,accepted
20260511_090921,201368,nominal,exporter,0101110,True,accepted
20260511_090921,201369,nominal,exporter,0001000,True,accepted
20260511_090921,201370,nominal,exporter,0100100,True,accepted
20260511_090921,201371,nominal,exporter,1100110,True,accepted
20260511_090921,201372,nominal,exporter,1110100,True,accepted
20260511_090921,201373,nominal,exporter,0001010,True,accepted
20260511_090921,201374,nominal,exporter,0000000,True,accepted
20260511_090921,201375,nominal,exporter,0101110,True,accepted
20260511_090921,201376,nominal,exporter,1110110,True,accepted
20260511_090921,201377,nominal,exporter,0001010,True,accepted
20260511_090921,201378,nominal,exporter,0000100,True,accepted
20260511_090921,201379,nominal,exporter,0110110,True,accepted
20260511_090921,201380,nominal,exporter,0100110,True,accepted
20260511_090921,201381,nominal,exporter,0000100,True,accepted
20260511_090921,201382,nominal,exporter,0001110,True,accepted
20260511_090921,201383,nominal,exporter,0111110,True,accepted
20260511_090921,201384,nominal,exporter,0000000,True,accepted
20260511_090921,201385,nominal,exporter,0101110,True,accepted
20260511_090921,201386,nominal,exporter,1101110,True,accepted
20260511_090921,201387,nominal,exporter,0001010,True,accepted
20260511_090921,201388,nominal,exporter,0001110,True,accepted
20260511_090921,201389,nominal,exporter,1100100,True,accepted
20260511_090921,201390,nominal,exporter,0101100,True,accepted
20260511_090921,201391,nominal,exporter,0001000,True,accepted
20260511_090921,201392,nominal,exporter,0101110,True,accepted
20260511_090921,201393,nominal,exporter,0000000,True,accepted
20260511_090921,201394,nominal,exporter,0001010,True,accepted
20260511_090921,201395,nominal,exporter,1101100,True,accepted
20260511_090921,201396,nominal,exporter,1100110,True,accepted
20260511_090921,201397,nominal,exporter,0100100,True,accepted
20260511_090921,201398,nominal,exporter,0000110,True,accepted
20260511_090921,201399,nominal,exporter,0101100,True,accepted
20260511_090921,201400,nominal,exporter,0001100,True,accepted
20260511_090921,201401,nominal,exporter,1111100,True,accepted
20260511_090921,201402,nominal,exporter,0110100,True,accepted
20260511_090921,201403,nominal,exporter,0000010,True,accepted
20260511_090921,201404,nominal,exporter,0000110,True,accepted
20260511_090921,201405,nominal,exporter,0100110,True,accepted
20260511_090921,201406,nominal,exporter,0111100,True,accepted
20260511_090921,201407,nominal,exporter,0001100,True,accepted
20260511_090921,201408,nominal,exporter,1100100,True,accepted
20260511_090921,201409,nominal,exporter,0100100,True,accepted
20260511_090921,201410,nominal,exporter,0001000,True,accepted
20260511_090921,201411,nominal,exporter,0101110,True,accepted
20260511_090921,201412,nominal,exporter,0101110,True,accepted
20260511_090921,201413,nominal,exporter,0000000,True,accepted
20260511_090921,201414,nominal,exporter,0001010,True,accepted
20260511_090921,201415,nominal,exporter,1110100,True,accepted
20260511_090921,201416,nominal,exporter,0000110,True,accepted
20260511_090921,201417,nominal,exporter,0100110,True,accepted
20260511_090921,201418,nominal,exporter,0111110,True,accepted
20260511_090921,201419,nominal,exporter,0001110,True,accepted
20260511_090921,201420,nominal,exporter,0001100,True,accepted
20260511_090921,201421,nominal,exporter,1111100,True,accepted
20260511_090921,201422,nominal,exporter,0111100,True,accepted
20260511_090921,201423,nominal,exporter,0000100,True,accepted
20260511_090921,201424,nominal,exporter,0100110,True,accepted
20260511_090921,201425,nominal,exporter,0000110,True,accepted
20260511_090921,201426,nominal,exporter,0001110,True,accepted
20260511_090921,201427,nominal,exporter,0111110,True,accepted
20260511_090921,201428,nominal,exporter,1111110,True,accepted
20260511_090921,201429,nominal,exporter,0001100,True,accepted
20260511_090921,201430,nominal,exporter,0000010,True,accepted
20260511_090921,201431,nominal,exporter,0110110,True,accepted
20260511_090921,201432,nominal,exporter,0100100,True,accepted
20260511_090921,201433,nominal,exporter,1101100,True,accepted
20260511_090921,201434,nominal,exporter,0101100,True,accepted
20260511_090921,201435,nominal,exporter,0001000,True,accepted
20260511_090921,201436,nominal,exporter,0000010,True,accepted
20260511_090921,201437,nominal,exporter,0110100,True,accepted
20260511_090921,201438,nominal,exporter,1101110,True,accepted
20260511_090921,201439,nominal,exporter,0001010,True,accepted
20260511_090921,201440,nominal,exporter,0000010,True,accepted
20260511_090921,201441,nominal,exporter,0110110,True,accepted
20260511_090921,201442,nominal,exporter,1111100,True,accepted
20260511_090921,201443,nominal,exporter,0001100,True,accepted
20260511_090921,201444,nominal,exporter,0001110,True,accepted
20260511_090921,201445,nominal,exporter,0111100,True,accepted
20260511_090921,201446,nominal,exporter,0100110,True,accepted
20260511_090921,201447,nominal,exporter,0000110,True,accepted
20260511_090921,201448,nominal,exporter,1101100,True,accepted
20260511_090921,201449,nominal,exporter,0001000,True,accepted
20260511_090921,201450,nominal,exporter,0000000,True,accepted
20260511_090921,201451,nominal,exporter,0110100,True,accepted
20260511_090921,201452,nominal,exporter,0101100,True,accepted
20260511_090921,201453,nominal,exporter,0000110,True,accepted
20260511_090921,201454,nominal,exporter,0100100,True,accepted
20260511_090921,201455,nominal,exporter,1100110,True,accepted
20260511_090921,201456,nominal,exporter,0001010,True,accepted
20260511_090921,201457,nominal,exporter,1101110,True,accepted
20260511_090921,201458,nominal,exporter,0101110,True,accepted
20260511_090921,201459,nominal,exporter,0000000,True,accepted
20260511_090921,201460,nominal,exporter,0001000,True,accepted
20260511_090921,201461,nominal,exporter,0101100,True,accepted
20260511_090921,201462,nominal,exporter,1100100,True,accepted
20260511_090921,201463,nominal,exporter,0001110,True,accepted
20260511_090921,201464,nominal,exporter,0110110,True,accepted
20260511_090921,201465,nominal,exporter,0000100,True,accepted
20260511_090921,201466,nominal,exporter,0001100,True,accepted
20260511_090921,201467,nominal,exporter,1110110,True,accepted
20260511_090921,201468,nominal,exporter,0111110,True,accepted
20260511_090921,201469,nominal,exporter,0001110,True,accepted
20260511_090921,201470,nominal,exporter,0000100,True,accepted
20260511_090921,201471,nominal,exporter,0100110,True,accepted
20260511_090921,201472,nominal,exporter,0000110,True,accepted
20260511_090921,201473,nominal,exporter,0101100,True,accepted
20260511_090921,201474,nominal,exporter,1100110,True,accepted
20260511_090921,201475,nominal,exporter,0100100,True,accepted
20260511_090921,201476,nominal,exporter,0001000,True,accepted
20260511_090921,201477,nominal,exporter,1101110,True,accepted
20260511_090921,201478,nominal,exporter,0110100,True,accepted
20260511_090921,201479,nominal,exporter,0000000,True,accepted
20260511_090921,201480,nominal,exporter,0111100,True,accepted
20260511_090921,201481,nominal,exporter,0001100,True,accepted
20260511_090921,201482,nominal,exporter,0000110,True,accepted
20260511_090921,201483,nominal,exporter,0100110,True,accepted
20260511_090921,201484,nominal,exporter,0110110,True,accepted
20260511_090921,201485,nominal,exporter,0000010,True,accepted
20260511_090921,201486,nominal,exporter,0001100,True,accepted
20260511_090921,201487,nominal,exporter,1111110,True,accepted
20260511_090921,201488,nominal,exporter,0001110,True,accepted
20260511_090921,201489,nominal,exporter,0111110,True,accepted
20260511_090921,201490,nominal,exporter,0100110,True,accepted
20260511_090921,201491,nominal,exporter,0000100,True,accepted
20260511_090921,201492,nominal,exporter,0000100,True,accepted
20260511_090921,201493,nominal,exporter,0111100,True,accepted
20260511_090921,201494,nominal,exporter,1110110,True,accepted
20260511_090921,201495,nominal,exporter,0001010,True,accepted
20260511_090921,201496,nominal,exporter,0101110,True,accepted
20260511_090921,201497,nominal,exporter,0001000,True,accepted
20260511_090921,201498,nominal,exporter,0001110,True,accepted
20260511_090921,201499,nominal,exporter,1100100,True,accepted
20260511_090921,201500,nominal,exporter,1101110,True,accepted
20260511_090921,201501,nominal,exporter,0001010,True,accepted
20260511_090921,201502,nominal,exporter,0000000,True,accepted
20260511_090921,201503,nominal,exporter,0101110,True,accepted
20260511_090921,201504,nominal,exporter,1111100,True,accepted
20260511_090921,201505,nominal,exporter,0001100,True,accepted
20260511_090921,201506,nominal,exporter,0000100,True,accepted
20260511_090921,201507,nominal,exporter,0111100,True,accepted
20260511_090921,201508,nominal,exporter,0100110,True,accepted
20260511_090921,201509,nominal,exporter,0000100,True,accepted
20260511_090921,201510,nominal,exporter,0001110,True,accepted
20260511_090921,201511,nominal,exporter,1100100,True,accepted
20260511_090921,201512,nominal,exporter,0000000,True,accepted
20260511_090921,201513,nominal,exporter,0101110,True,accepted
20260511_090921,201514,nominal,exporter,1110100,True,accepted
20260511_090921,201515,nominal,exporter,0001010,True,accepted
20260511_090921,201516,nominal,exporter,0100100,True,accepted
20260511_090921,201517,nominal,exporter,1100110,True,accepted
20260511_090921,201518,nominal,exporter,0101110,True,accepted
20260511_090921,201519,nominal,exporter,0001000,True,accepted
20260511_090921,201520,nominal,exporter,0110100,True,accepted
20260511_090921,201521,nominal,exporter,0000010,True,accepted
20260511_090921,201522,nominal,exporter,0001010,True,accepted
20260511_090921,201523,nominal,exporter,1101110,True,accepted
20260511_090921,201524,nominal,exporter,1101100,True,accepted
20260511_090921,201525,nominal,exporter,0100100,True,accepted
20260511_090921,201526,nominal,exporter,0001000,True,accepted
20260511_090921,201527,nominal,exporter,0101100,True,accepted
20260511_090921,201528,nominal,exporter,0001100,True,accepted
20260511_090921,201529,nominal,exporter,1111110,True,accepted
20260511_090921,201530,nominal,exporter,0110110,True,accepted
20260511_090921,201531,nominal,exporter,0000010,True,accepted
20260511_090921,201532,nominal,exporter,0000110,True,accepted
20260511_090921,201533,nominal,exporter,0101100,True,accepted
20260511_090921,201534,nominal,exporter,0111110,True,accepted
20260511_090921,201535,nominal,exporter,0001110,True,accepted
20260511_090921,201536,nominal,exporter,0001000,True,accepted
20260511_090921,201537,nominal,exporter,0101100,True,accepted
20260511_090921,201538,nominal,exporter,1100100,True,accepted
20260511_090921,201539,nominal,exporter,0001110,True,accepted
20260511_090921,201540,nominal,exporter,0001010,True,accepted
20260511_090921,201541,nominal,exporter,1101110,True,accepted
20260511_090921,201542,nominal,exporter,0101110,True,accepted
20260511_090921,201543,nominal,exporter,0000000,True,accepted
20260511_090921,201544,nominal,exporter,0111110,True,accepted
20260511_090921,201545,nominal,exporter,0001110,True,accepted
20260511_090921,201546,nominal,exporter,0000100,True,accepted
20260511_090921,201547,nominal,exporter,0100110,True,accepted
20260511_090921,201548,nominal,exporter,0111100,True,accepted
20260511_090921,201549,nominal,exporter,0000100,True,accepted
20260511_090921,201550,nominal,exporter,0001010,True,accepted
20260511_090921,201551,nominal,exporter,1110110,True,accepted
20260511_090921,201552,nominal,exporter,0001100,True,accepted
20260511_090921,201553,nominal,exporter,0111100,True,accepted
20260511_090921,201554,nominal,exporter,0100110,True,accepted
20260511_090921,201555,nominal,exporter,0000110,True,accepted
20260511_090921,201556,nominal,exporter,0000010,True,accepted
20260511_090921,201557,nominal,exporter,0110110,True,accepted
20260511_090921,201558,nominal,exporter,1111110,True,accepted
20260511_090921,201559,nominal,exporter,0001100,True,accepted
20260511_090921,201560,nominal,exporter,0101100,True,accepted
20260511_090921,201561,nominal,exporter,0000110,True,accepted
20260511_090921,201562,nominal,exporter,0100100,True,accepted
20260511_090921,201563,nominal,exporter,1100110,True,accepted
20260511_090921,201564,nominal,exporter,1101110,True,accepted
20260511_090921,201565,nominal,exporter,0001000,True,accepted
20260511_090921,201566,nominal,exporter,0000000,True,accepted
20260511_090921,201567,nominal,exporter,0110100,True,accepted
20260511_090921,201568,nominal,exporter,1111110,True,accepted
20260511_090921,201569,nominal,exporter,0001100,True,accepted
20260511_090921,201570,nominal,exporter,0000010,True,accepted
20260511_090921,201571,nominal,exporter,0110110,True,accepted
20260511_090921,201572,nominal,exporter,0101100,True,accepted
20260511_090921,201573,nominal,exporter,0000110,True,accepted
20260511_090921,201574,nominal,exporter,0001110,True,accepted
20260511_090921,201575,nominal,exporter,0111110,True,accepted
20260511_090921,201576,nominal,exporter,0000010,True,accepted
20260511_090921,201577,nominal,exporter,0110100,True,accepted
20260511_090921,201578,nominal,exporter,1101110,True,accepted
20260511_090921,201579,nominal,exporter,0001010,True,accepted
20260511_090921,201580,nominal,exporter,0100100,True,accepted
20260511_090921,201581,nominal,exporter,1101100,True,accepted
20260511_090921,201582,nominal,exporter,0101100,True,accepted
20260511_090921,201583,nominal,exporter,0001000,True,accepted
20260511_090921,201584,nominal,exporter,0101110,True,accepted
20260511_090921,201585,nominal,exporter,0000000,True,accepted
20260511_090921,201586,nominal,exporter,0001010,True,accepted
20260511_090921,201587,nominal,exporter,1110100,True,accepted
20260511_090921,201588,nominal,exporter,1100110,True,accepted
20260511_090921,201589,nominal,exporter,0100100,True,accepted
20260511_090921,201590,nominal,exporter,0001000,True,accepted
20260511_090921,201591,nominal,exporter,0101110,True,accepted
20260511_090921,201592,nominal,exporter,0001100,True,accepted
20260511_090921,201593,nominal,exporter,1111100,True,accepted
20260511_090921,201594,nominal,exporter,0111100,True,accepted
20260511_090921,201595,nominal,exporter,0000100,True,accepted
20260511_090921,201596,nominal,exporter,0000100,True,accepted
20260511_090921,201597,nominal,exporter,0100110,True,accepted
20260511_090921,201598,nominal,exporter,1100100,True,accepted
20260511_090921,201599,nominal,exporter,0001110,True,accepted
20260511_090921,201600,nominal,exporter,1101100,True,accepted
20260511_090921,201601,nominal,exporter,0100100,True,accepted
20260511_090921,201602,nominal,exporter,0001000,True,accepted
20260511_090921,201603,nominal,exporter,0101100,True,accepted
20260511_090921,201604,nominal,exporter,0110100,True,accepted
20260511_090921,201605,nominal,exporter,0000010,True,accepted
20260511_090921,201606,nominal,exporter,0001010,True,accepted
20260511_090921,201607,nominal,exporter,1101110,True,accepted
20260511_090921,201608,nominal,exporter,0000110,True,accepted
20260511_090921,201609,nominal,exporter,0101100,True,accepted
20260511_090921,201610,nominal,exporter,0111110,True,accepted
20260511_090921,201611,nominal,exporter,0001110,True,accepted
20260511_090921,201612,nominal,exporter,0001100,True,accepted
20260511_090921,201613,nominal,exporter,1111110,True,accepted
20260511_090921,201614,nominal,exporter,0110110,True,accepted
20260511_090921,201615,nominal,exporter,0000010,True,accepted
20260511_090921,201616,nominal,exporter,0100110,True,accepted
20260511_090921,201617,nominal,exporter,0000110,True,accepted
20260511_090921,201618,nominal,exporter,0001110,True,accepted
20260511_090921,201619,nominal,exporter,0111110,True,accepted
20260511_090921,201620,nominal,exporter,1111100,True,accepted
20260511_090921,201621,nominal,exporter,0001100,True,accepted
20260511_090921,201622,nominal,exporter,0000100,True,accepted
20260511_090921,201623,nominal,exporter,0111100,True,accepted
20260511_090921,201624,nominal,exporter,0100100,True,accepted
20260511_090921,201625,nominal,exporter,1100100,True,accepted
20260511_090921,201626,nominal,exporter,0101110,True,accepted
20260511_090921,201627,nominal,exporter,0001000,True,accepted
20260511_090921,201628,nominal,exporter,0000000,True,accepted
20260511_090921,201629,nominal,exporter,0101110,True,accepted
20260511_090921,201630,nominal,exporter,1110100,True,accepted
20260511_090921,201631,nominal,exporter,0001010,True,accepted
20260511_090921,201632,nominal,exporter,0000100,True,accepted
20260511_090921,201633,nominal,exporter,0110110,True,accepted
20260511_090921,201634,nominal,exporter,1110110,True,accepted
20260511_090921,201635,nominal,exporter,0001100,True,accepted
20260511_090921,201636,nominal,exporter,0001110,True,accepted
20260511_090921,201637,nominal,exporter,0111110,True,accepted
20260511_090921,201638,nominal,exporter,0100110,True,accepted
20260511_090921,201639,nominal,exporter,0000100,True,accepted
20260511_090921,201640,nominal,exporter,1101110,True,accepted
20260511_090921,201641,nominal,exporter,0001010,True,accepted
20260511_090921,201642,nominal,exporter,0000000,True,accepted
20260511_090921,201643,nominal,exporter,0101110,True,accepted
20260511_090921,201644,nominal,exporter,0101100,True,accepted
20260511_090921,201645,nominal,exporter,0001000,True,accepted
20260511_090921,201646,nominal,exporter,0001110,True,accepted
20260511_090921,201647,nominal,exporter,1100100,True,accepted
20260511_090921,201648,nominal,exporter,0001000,True,accepted
20260511_090921,201649,nominal,exporter,1101100,True,accepted
20260511_090921,201650,nominal,exporter,0110100,True,accepted
20260511_090921,201651,nominal,exporter,0000000,True,accepted
20260511_090921,201652,nominal,exporter,0000110,True,accepted
20260511_090921,201653,nominal,exporter,0101100,True,accepted
20260511_090921,201654,nominal,exporter,1100110,True,accepted
20260511_090921,201655,nominal,exporter,0100100,True,accepted
20260511_090921,201656,nominal,exporter,0110100,True,accepted
20260511_090921,201657,nominal,exporter,0000010,True,accepted
20260511_090921,201658,nominal,exporter,0001100,True,accepted
20260511_090921,201659,nominal,exporter,1111100,True,accepted
20260511_090921,201660,nominal,exporter,0111100,True,accepted
20260511_090921,201661,nominal,exporter,0001110,True,accepted
20260511_090921,201662,nominal,exporter,0000110,True,accepted
20260511_090921,201663,nominal,exporter,0100110,True,accepted
20260511_090921,201664,nominal,exporter,0001000,True,accepted
20260511_090921,201665,nominal,exporter,0101110,True,accepted
20260511_090921,201666,nominal,exporter,1100110,True,accepted
20260511_090921,201667,nominal,exporter,0100100,True,accepted
20260511_090921,201668,nominal,exporter,0001010,True,accepted
20260511_090921,201669,nominal,exporter,1110100,True,accepted
20260511_090921,201670,nominal,exporter,0101110,True,accepted
20260511_090921,201671,nominal,exporter,0000000,True,accepted
20260511_090921,201672,nominal,exporter,0111110,True,accepted
20260511_090921,201673,nominal,exporter,0001110,True,accepted
20260511_090921,201674,nominal,exporter,0000110,True,accepted
20260511_090921,201675,nominal,exporter,0100110,True,accepted
20260511_090921,201676,nominal,exporter,0111100,True,accepted
20260511_090921,201677,nominal,exporter,0000100,True,accepted
20260511_090921,201678,nominal,exporter,0001100,True,accepted
20260511_090921,201679,nominal,exporter,1110110,True,accepted
20260511_090921,201680,nominal,exporter,0001110,True,accepted
20260511_090921,201681,nominal,exporter,0111110,True,accepted
20260511_090921,201682,nominal,exporter,0101100,True,accepted
20260511_090921,201683,nominal,exporter,0000110,True,accepted
20260511_090921,201684,nominal,exporter,0000010,True,accepted
20260511_090921,201685,nominal,exporter,0110110,True,accepted
20260511_090921,201686,nominal,exporter,1111110,True,accepted
20260511_090921,201687,nominal,exporter,0001100,True,accepted
20260511_090921,201688,nominal,exporter,0101100,True,accepted
20260511_090921,201689,nominal,exporter,0001000,True,accepted
20260511_090921,201690,nominal,exporter,0100100,True,accepted
20260511_090921,201691,nominal,exporter,1101100,True,accepted
20260511_090921,201692,nominal,exporter,1101110,True,accepted
20260511_090921,201693,nominal,exporter,0001010,True,accepted
20260511_090921,201694,nominal,exporter,0000010,True,accepted
20260511_090921,201695,nominal,exporter,0110100,True,accepted
20260511_090921,201696,nominal,exporter,1111100,True,accepted
20260511_090921,201697,nominal,exporter,0001100,True,accepted
20260511_090921,201698,nominal,exporter,0000010,True,accepted
20260511_090921,201699,nominal,exporter,0110100,True,accepted
20260511_090921,201700,nominal,exporter,0100110,True,accepted
20260511_090921,201701,nominal,exporter,0000110,True,accepted
20260511_090921,201702,nominal,exporter,0001100,True,accepted
20260511_090921,201703,nominal,exporter,0111100,True,accepted
20260511_090921,201704,nominal,exporter,0000000,True,accepted
20260511_090921,201705,nominal,exporter,0101110,True,accepted
20260511_090921,201706,nominal,exporter,1101100,True,accepted
20260511_090921,201707,nominal,exporter,0001010,True,accepted
20260511_090921,201708,nominal,exporter,0100100,True,accepted
20260511_090921,201709,nominal,exporter,1100110,True,accepted
20260511_090921,201710,nominal,exporter,0101100,True,accepted
20260511_090921,201711,nominal,exporter,0000110,True,accepted
20260511_090921,201712,nominal,exporter,0101110,True,accepted
20260511_090921,201713,nominal,exporter,0000000,True,accepted
20260511_090921,201714,nominal,exporter,0001010,True,accepted
20260511_090921,201715,nominal,exporter,1101110,True,accepted
20260511_090921,201716,nominal,exporter,1100100,True,accepted
20260511_090921,201717,nominal,exporter,0001110,True,accepted
20260511_090921,201718,nominal,exporter,0001000,True,accepted
20260511_090921,201719,nominal,exporter,0101100,True,accepted
20260511_090921,201720,nominal,exporter,0001100,True,accepted
20260511_090921,201721,nominal,exporter,1110110,True,accepted
20260511_090921,201722,nominal,exporter,0110110,True,accepted
20260511_090921,201723,nominal,exporter,0000100,True,accepted
20260511_090921,201724,nominal,exporter,0000100,True,accepted
20260511_090921,201725,nominal,exporter,0100110,True,accepted
20260511_090921,201726,nominal,exporter,0111110,True,accepted
20260511_090921,201727,nominal,exporter,0001110,True,accepted
20260511_090921,201728,nominal,exporter,1100110,True,accepted
20260511_090921,201729,nominal,exporter,0100100,True,accepted
20260511_090921,201730,nominal,exporter,0000110,True,accepted
20260511_090921,201731,nominal,exporter,0101100,True,accepted
20260511_090921,201732,nominal,exporter,0110100,True,accepted
20260511_090921,201733,nominal,exporter,0000000,True,accepted
20260511_090921,201734,nominal,exporter,0001000,True,accepted
20260511_090921,201735,nominal,exporter,1101100,True,accepted
20260511_090921,201736,nominal,exporter,0000110,True,accepted
20260511_090921,201737,nominal,exporter,0100110,True,accepted
20260511_090921,201738,nominal,exporter,0111100,True,accepted
20260511_090921,201739,nominal,exporter,0001100,True,accepted
20260511_090921,201740,nominal,exporter,0001100,True,accepted
20260511_090921,201741,nominal,exporter,1111110,True,accepted
20260511_090921,201742,nominal,exporter,0110110,True,accepted
20260511_090921,201743,nominal,exporter,0000010,True,accepted
20260511_090921,201744,nominal,exporter,0100110,True,accepted
20260511_090921,201745,nominal,exporter,0000100,True,accepted
20260511_090921,201746,nominal,exporter,0001110,True,accepted
20260511_090921,201747,nominal,exporter,0111110,True,accepted
20260511_090921,201748,nominal,exporter,1110110,True,accepted
20260511_090921,201749,nominal,exporter,0001010,True,accepted
20260511_090921,201750,nominal,exporter,0000010,True,accepted
20260511_090921,201751,nominal,exporter,0111100,True,accepted
20260511_090921,201752,nominal,exporter,0001110,True,accepted
20260511_090921,201753,nominal,exporter,1100100,True,accepted
20260511_090921,201754,nominal,exporter,0101110,True,accepted
20260511_090921,201755,nominal,exporter,0001000,True,accepted
20260511_090921,201756,nominal,exporter,0000000,True,accepted
20260511_090921,201757,nominal,exporter,0101110,True,accepted
20260511_090921,201758,nominal,exporter,1101110,True,accepted
20260511_090921,201759,nominal,exporter,0001010,True,accepted
20260511_090921,201760,nominal,exporter,0000100,True,accepted
20260511_090921,201761,nominal,exporter,0111100,True,accepted
20260511_090921,201762,nominal,exporter,1111100,True,accepted
20260511_090921,201763,nominal,exporter,0001100,True,accepted
20260511_090921,201764,nominal,exporter,0001110,True,accepted
20260511_090921,201765,nominal,exporter,1100100,True,accepted
20260511_090921,201766,nominal,exporter,0100110,True,accepted
20260511_090921,201767,nominal,exporter,0000100,True,accepted
20260511_090921,201768,nominal,exporter,1110100,True,accepted
20260511_090921,201769,nominal,exporter,0001010,True,accepted
20260511_090921,201770,nominal,exporter,0000000,True,accepted
20260511_090921,201771,nominal,exporter,0101110,True,accepted
20260511_090921,201772,nominal,exporter,0101110,True,accepted
20260511_090921,201773,nominal,exporter,0001000,True,accepted
20260511_090921,201774,nominal,exporter,0100100,True,accepted
20260511_090921,201775,nominal,exporter,1100110,True,accepted
20260511_090921,201776,nominal,exporter,0001010,True,accepted
20260511_090921,201777,nominal,exporter,1101110,True,accepted
20260511_090921,201778,nominal,exporter,0110100,True,accepted
20260511_090921,201779,nominal,exporter,0000010,True,accepted
20260511_090921,201780,nominal,exporter,0000110,True,accepted
20260511_090921,201781,nominal,exporter,0101100,True,accepted
20260511_090921,201782,nominal,exporter,1101100,True,accepted
20260511_090921,201783,nominal,exporter,0100100,True,accepted
20260511_090921,201784,nominal,exporter,0110110,True,accepted
20260511_090921,201785,nominal,exporter,0000010,True,accepted
20260511_090921,201786,nominal,exporter,0001100,True,accepted
20260511_090921,201787,nominal,exporter,1111110,True,accepted
20260511_090921,201788,nominal,exporter,0111110,True,accepted
20260511_090921,201789,nominal,exporter,0001110,True,accepted
20260511_090921,201790,nominal,exporter,0000110,True,accepted
20260511_090921,201791,nominal,exporter,0101100,True,accepted
20260511_090921,201792,nominal,exporter,0101100,True,accepted
20260511_090921,201793,nominal,exporter,0001000,True,accepted
20260511_090921,201794,nominal,exporter,0001110,True,accepted
20260511_090921,201795,nominal,exporter,1100100,True,accepted
20260511_090921,201796,nominal,exporter,1101110,True,accepted
20260511_090921,201797,nominal,exporter,0001010,True,accepted
20260511_090921,201798,nominal,exporter,0000000,True,accepted
20260511_090921,201799,nominal,exporter,0101110,True,accepted
20260511_090921,201800,nominal,exporter,0001110,True,accepted
20260511_090921,201801,nominal,exporter,0111110,True,accepted
20260511_090921,201802,nominal,exporter,0100110,True,accepted
20260511_090921,201803,nominal,exporter,0000100,True,accepted
20260511_090921,201804,nominal,exporter,0000100,True,accepted
20260511_090921,201805,nominal,exporter,0110110,True,accepted
20260511_090921,201806,nominal,exporter,1110110,True,accepted
20260511_090921,201807,nominal,exporter,0001010,True,accepted
20260511_090921,201808,nominal,exporter,0111100,True,accepted
20260511_090921,201809,nominal,exporter,0001110,True,accepted
20260511_090921,201810,nominal,exporter,0000110,True,accepted
20260511_090921,201811,nominal,exporter,0100110,True,accepted
20260511_090921,201812,nominal,exporter,0110100,True,accepted
20260511_090921,201813,nominal,exporter,0000010,True,accepted
20260511_090921,201814,nominal,exporter,0001100,True,accepted
20260511_090921,201815,nominal,exporter,1111100,True,accepted
20260511_090921,201816,nominal,exporter,0000110,True,accepted
20260511_090921,201817,nominal,exporter,0101100,True,accepted
20260511_090921,201818,nominal,exporter,1100110,True,accepted
20260511_090921,201819,nominal,exporter,0100100,True,accepted
20260511_090921,201820,nominal,exporter,0001010,True,accepted
20260511_090921,201821,nominal,exporter,1101100,True,accepted
20260511_090921,201822,nominal,exporter,0101110,True,accepted
20260511_090921,201823,nominal,exporter,0000000,True,accepted
20260511_090921,201824,nominal,exporter,0001100,True,accepted
20260511_090921,201825,nominal,exporter,1111110,True,accepted
20260511_090921,201826,nominal,exporter,0110110,True,accepted
20260511_090921,201827,nominal,exporter,0000010,True,accepted
20260511_090921,201828,nominal,exporter,0000110,True,accepted
20260511_090921,201829,nominal,exporter,0101100,True,accepted
20260511_090921,201830,nominal,exporter,0111110,True,accepted
20260511_090921,201831,nominal,exporter,0001110,True,accepted
20260511_090921,201832,nominal,exporter,0110100,True,accepted
20260511_090921,201833,nominal,exporter,0000010,True,accepted
20260511_090921,201834,nominal,exporter,0001010,True,accepted
20260511_090921,201835,nominal,exporter,1101110,True,accepted
20260511_090921,201836,nominal,exporter,1101100,True,accepted
20260511_090921,201837,nominal,exporter,0100100,True,accepted
20260511_090921,201838,nominal,exporter,0001000,True,accepted
20260511_090921,201839,nominal,exporter,0101100,True,accepted
20260511_090921,201840,nominal,exporter,0000000,True,accepted
20260511_090921,201841,nominal,exporter,0101110,True,accepted
20260511_090921,201842,nominal,exporter,1110100,True,accepted
20260511_090921,201843,nominal,exporter,0001010,True,accepted
20260511_090921,201844,nominal,exporter,0100100,True,accepted
20260511_090921,201845,nominal,exporter,1100110,True,accepted
20260511_090921,201846,nominal,exporter,0101110,True,accepted
20260511_090921,201847,nominal,exporter,0001000,True,accepted
20260511_090921,201848,nominal,exporter,1110110,True,accepted
20260511_090921,201849,nominal,exporter,0001100,True,accepted
20260511_090921,201850,nominal,exporter,0000100,True,accepted
20260511_090921,201851,nominal,exporter,0111100,True,accepted
20260511_090921,201852,nominal,exporter,0100110,True,accepted
20260511_090921,201853,nominal,exporter,0000110,True,accepted
20260511_090921,201854,nominal,exporter,0001110,True,accepted
20260511_090921,201855,nominal,exporter,0111110,True,accepted
20260511_090921,201856,nominal,exporter,0100100,True,accepted
20260511_090921,201857,nominal,exporter,1101100,True,accepted
20260511_090921,201858,nominal,exporter,0101100,True,accepted
20260511_090921,201859,nominal,exporter,0000110,True,accepted
20260511_090921,201860,nominal,exporter,0000010,True,accepted
20260511_090921,201861,nominal,exporter,0110100,True,accepted
20260511_090921,201862,nominal,exporter,1101110,True,accepted
20260511_090921,201863,nominal,exporter,0001010,True,accepted
20260511_090921,201864,nominal,exporter,0101100,True,accepted
20260511_090921,201865,nominal,exporter,0000110,True,accepted
20260511_090921,201866,nominal,exporter,0001110,True,accepted
20260511_090921,201867,nominal,exporter,0111110,True,accepted
20260511_090921,201868,nominal,exporter,1111110,True,accepted
20260511_090921,201869,nominal,exporter,0001100,True,accepted
20260511_090921,201870,nominal,exporter,0000010,True,accepted
20260511_090921,201871,nominal,exporter,0110110,True,accepted
20260511_090921,201872,nominal,exporter,0000100,True,accepted
20260511_090921,201873,nominal,exporter,0100110,True,accepted
20260511_090921,201874,nominal,exporter,0111110,True,accepted
20260511_090921,201875,nominal,exporter,0001110,True,accepted
20260511_090921,201876,nominal,exporter,0001100,True,accepted
20260511_090921,201877,nominal,exporter,1111100,True,accepted
20260511_090921,201878,nominal,exporter,0111100,True,accepted
20260511_090921,201879,nominal,exporter,0000100,True,accepted
20260511_090921,201880,nominal,exporter,1100110,True,accepted
20260511_090921,201881,nominal,exporter,0001110,True,accepted
20260511_090921,201882,nominal,exporter,0001000,True,accepted
20260511_090921,201883,nominal,exporter,0101110,True,accepted
20260511_090921,201884,nominal,exporter,0101110,True,accepted
20260511_090921,201885,nominal,exporter,0000000,True,accepted
20260511_090921,201886,nominal,exporter,0001010,True,accepted
20260511_090921,201887,nominal,exporter,1110100,True,accepted
20260511_090921,201888,nominal,exporter,0110110,True,accepted
20260511_090921,201889,nominal,exporter,0000010,True,accepted
20260511_090921,201890,nominal,exporter,0001010,True,accepted
20260511_090921,201891,nominal,exporter,1110110,True,accepted
20260511_090921,201892,nominal,exporter,0111110,True,accepted
20260511_090921,201893,nominal,exporter,0001110,True,accepted
20260511_090921,201894,nominal,exporter,0000100,True,accepted
20260511_090921,201895,nominal,exporter,0100110,True,accepted
20260511_090921,201896,nominal,exporter,0001010,True,accepted
20260511_090921,201897,nominal,exporter,1110100,True,accepted
20260511_090921,201898,nominal,exporter,0101110,True,accepted
20260511_090921,201899,nominal,exporter,0000000,True,accepted
20260511_090921,201900,nominal,exporter,0001000,True,accepted
20260511_090921,201901,nominal,exporter,0101110,True,accepted
20260511_090921,201902,nominal,exporter,1100100,True,accepted
20260511_090921,201903,nominal,exporter,0001110,True,accepted
20260511_090921,201904,nominal,exporter,1101100,True,accepted
20260511_090921,201905,nominal,exporter,0001000,True,accepted
20260511_090921,201906,nominal,exporter,0000000,True,accepted
20260511_090921,201907,nominal,exporter,0110100,True,accepted
20260511_090921,201908,nominal,exporter,0101100,True,accepted
20260511_090921,201909,nominal,exporter,0000110,True,accepted
20260511_090921,201910,nominal,exporter,0100100,True,accepted
20260511_090921,201911,nominal,exporter,1100110,True,accepted
20260511_090921,201912,nominal,exporter,0000010,True,accepted
20260511_090921,201913,nominal,exporter,0110110,True,accepted
20260511_090921,201914,nominal,exporter,1111110,True,accepted
20260511_090921,201915,nominal,exporter,0001100,True,accepted
20260511_090921,201916,nominal,exporter,0001100,True,accepted
20260511_090921,201917,nominal,exporter,0111100,True,accepted
20260511_090921,201918,nominal,exporter,0100110,True,accepted
20260511_090921,201919,nominal,exporter,0000110,True,accepted
20260511_090921,201920,nominal,exporter,0101110,True,accepted
20260511_090921,201921,nominal,exporter,0001000,True,accepted
20260511_090921,201922,nominal,exporter,0100100,True,accepted
20260511_090921,201923,nominal,exporter,1100110,True,accepted
20260511_090921,201924,nominal,exporter,1110100,True,accepted
20260511_090921,201925,nominal,exporter,0001010,True,accepted
20260511_090921,201926,nominal,exporter,0000000,True,accepted
20260511_090921,201927,nominal,exporter,0101110,True,accepted
20260511_090921,201928,nominal,exporter,0001110,True,accepted
20260511_090921,201929,nominal,exporter,1100100,True,accepted
20260511_090921,201930,nominal,exporter,0100110,True,accepted
20260511_090921,201931,nominal,exporter,0000100,True,accepted
20260511_090921,201932,nominal,exporter,0000100,True,accepted
20260511_090921,201933,nominal,exporter,0111100,True,accepted
20260511_090921,201934,nominal,exporter,1111100,True,accepted
20260511_090921,201935,nominal,exporter,0001100,True,accepted
20260511_090921,201936,nominal,exporter,0111110,True,accepted
20260511_090921,201937,nominal,exporter,0001110,True,accepted
20260511_090921,201938,nominal,exporter,0000110,True,accepted
20260511_090921,201939,nominal,exporter,0101100,True,accepted
20260511_090921,201940,nominal,exporter,0110110,True,accepted
20260511_090921,201941,nominal,exporter,0000010,True,accepted
20260511_090921,201942,nominal,exporter,0001100,True,accepted
20260511_090921,201943,nominal,exporter,1111110,True,accepted
20260511_090921,201944,nominal,exporter,0001000,True,accepted
20260511_090921,201945,nominal,exporter,0101100,True,accepted
20260511_090921,201946,nominal,exporter,1101100,True,accepted
20260511_090921,201947,nominal,exporter,0100100,True,accepted
20260511_090921,201948,nominal,exporter,0001010,True,accepted
20260511_090921,201949,nominal,exporter,1101110,True,accepted
20260511_090921,201950,nominal,exporter,0110100,True,accepted
20260511_090921,201951,nominal,exporter,0000010,True,accepted
20260511_090921,201952,nominal,exporter,0001100,True,accepted
20260511_090921,201953,nominal,exporter,1111110,True,accepted
20260511_090921,201954,nominal,exporter,0110110,True,accepted
20260511_090921,201955,nominal,exporter,0000010,True,accepted
20260511_090921,201956,nominal,exporter,0000110,True,accepted
20260511_090921,201957,nominal,exporter,0100110,True,accepted
20260511_090921,201958,nominal,exporter,0111100,True,accepted
20260511_090921,201959,nominal,exporter,0001100,True,accepted
20260511_090921,201960,nominal,exporter,0110100,True,accepted
20260511_090921,201961,nominal,exporter,0000000,True,accepted
20260511_090921,201962,nominal,exporter,0001000,True,accepted
20260511_090921,201963,nominal,exporter,1101110,True,accepted
20260511_090921,201964,nominal,exporter,1100110,True,accepted
20260511_090921,201965,nominal,exporter,0100100,True,accepted
20260511_090921,201966,nominal,exporter,0000110,True,accepted
20260511_090921,201967,nominal,exporter,0101100,True,accepted
20260511_090921,201968,nominal,exporter,0000000,True,accepted
20260511_090921,201969,nominal,exporter,0101110,True,accepted
20260511_090921,201970,nominal,exporter,1101110,True,accepted
20260511_090921,201971,nominal,exporter,0001010,True,accepted
20260511_090921,201972,nominal,exporter,0001110,True,accepted
20260511_090921,201973,nominal,exporter,1100100,True,accepted
20260511_090921,201974,nominal,exporter,0101110,True,accepted
20260511_090921,201975,nominal,exporter,0001000,True,accepted
20260511_090921,201976,nominal,exporter,1110110,True,accepted
20260511_090921,201977,nominal,exporter,0001010,True,accepted
20260511_090921,201978,nominal,exporter,0000100,True,accepted
20260511_090921,201979,nominal,exporter,0111100,True,accepted
20260511_090921,201980,nominal,exporter,0100110,True,accepted
20260511_090921,201981,nominal,exporter,0000100,True,accepted
20260511_090921,201982,nominal,exporter,0001110,True,accepted
20260511_090921,201983,nominal,exporter,0111110,True,accepted
20260511_090921,201984,nominal,exporter,0100100,True,accepted
20260511_090921,201985,nominal,exporter,1100110,True,accepted
20260511_090921,201986,nominal,exporter,0101100,True,accepted
20260511_090921,201987,nominal,exporter,0000110,True,accepted
20260511_090921,201988,nominal,exporter,0000010,True,accepted
20260511_090921,201989,nominal,exporter,0110100,True,accepted
20260511_090921,201990,nominal,exporter,1101100,True,accepted
20260511_090921,201991,nominal,exporter,0001000,True,accepted
20260511_090921,201992,nominal,exporter,0100110,True,accepted
20260511_090921,201993,nominal,exporter,0000110,True,accepted
20260511_090921,201994,nominal,exporter,0001110,True,accepted
20260511_090921,201995,nominal,exporter,0111100,True,accepted
20260511_090921,201996,nominal,exporter,1111100,True,accepted
20260511_090921,201997,nominal,exporter,0001100,True,accepted
20260511_090921,201998,nominal,exporter,0000010,True,accepted
20260511_090921,201999,nominal,exporter,0110110,True,accepted
20260511_090921,202000,nominal,exporter,0000100,True,accepted
20260511_090921,202001,nominal,exporter,0100110,True,accepted
20260511_090921,202002,nominal,exporter,0111110,True,accepted
20260511_090921,202003,nominal,exporter,0001110,True,accepted
20260511_090921,202004,nominal,exporter,0001100,True,accepted
20260511_090921,202005,nominal,exporter,1110110,True,accepted
20260511_090921,202006,nominal,exporter,0110110,True,accepted
20260511_090921,202007,nominal,exporter,0000100,True,accepted
20260511_090921,202008,nominal,exporter,1100100,True,accepted
20260511_090921,202009,nominal,exporter,0001110,True,accepted
20260511_090921,202010,nominal,exporter,0001000,True,accepted
20260511_090921,202011,nominal,exporter,0101100,True,accepted
20260511_090921,202012,nominal,exporter,0101110,True,accepted
20260511_090921,202013,nominal,exporter,0000000,True,accepted
20260511_090921,202014,nominal,exporter,0001010,True,accepted
20260511_090921,202015,nominal,exporter,1101110,True,accepted
20260511_090921,202016,nominal,exporter,0111100,True,accepted
20260511_090921,202017,nominal,exporter,0000100,True,accepted
20260511_090921,202018,nominal,exporter,0001100,True,accepted
20260511_090921,202019,nominal,exporter,1111100,True,accepted
20260511_090921,202020,nominal,exporter,0111110,True,accepted
20260511_090921,202021,nominal,exporter,0001110,True,accepted
20260511_090921,202022,nominal,exporter,0000110,True,accepted
20260511_090921,202023,nominal,exporter,0100110,True,accepted
20260511_090921,301024,nominal,processor,,False,conditional_h_C_interval_empty
20260511_090921,301025,nominal,processor,0001011,True,accepted
20260511_090921,301026,nominal,processor,0000011,True,accepted
20260511_090921,301027,nominal,processor,0111100,True,accepted
20260511_090921,301028,nominal,processor,0101101,True,accepted
20260511_090921,301029,nominal,processor,0000111,True,accepted
20260511_090921,301030,nominal,processor,0001110,True,accepted
20260511_090921,301031,nominal,processor,,False,conditional_h_C_interval_empty
20260511_090921,301032,nominal,processor,0000000,True,accepted
20260511_090921,301033,nominal,processor,0101111,True,accepted
20260511_090921,301034,nominal,processor,1110110,True,accepted
20260511_090921,301035,nominal,processor,0001100,True,accepted
20260511_090921,301036,nominal,processor,0100101,True,accepted
20260511_090921,301037,nominal,processor,1100111,True,accepted
20260511_090921,301038,nominal,processor,0101100,True,accepted
20260511_090921,301039,nominal,processor,,False,conditional_h_C_interval_empty
20260511_090921,301040,nominal,processor,,False,conditional_h_C_interval_empty
20260511_090921,301041,nominal,processor,0000010,True,accepted
20260511_090921,301042,nominal,processor,0001100,True,accepted
20260511_090921,301043,nominal,processor,1111111,True,accepted
20260511_090921,301044,nominal,processor,1100110,True,accepted
20260511_090921,301045,nominal,processor,0001111,True,accepted
20260511_090921,301046,nominal,processor,0000101,True,accepted
20260511_090921,301047,nominal,processor,,False,conditional_h_C_interval_empty
20260511_090921,301048,nominal,processor,0001001,True,accepted
20260511_090921,301049,nominal,processor,1101110,True,accepted
20260511_090921,301050,nominal,processor,0110110,True,accepted
20260511_090921,301051,nominal,processor,0000011,True,accepted
20260511_090921,301052,nominal,processor,0001001,True,accepted
20260511_090921,301053,nominal,processor,0101101,True,accepted
20260511_090921,301054,nominal,processor,0111111,True,accepted
20260511_090921,301055,nominal,processor,,False,conditional_h_C_interval_empty
20260511_090921,301056,nominal,processor,,False,conditional_h_C_interval_empty
20260511_090921,301057,nominal,processor,0100110,True,accepted
20260511_090921,301058,nominal,processor,1100100,True,accepted
20260511_090921,301059,nominal,processor,0100100,True,accepted
20260511_090921,301060,nominal,processor,0001101,True,accepted
20260511_090921,301061,nominal,processor,1111110,True,accepted
20260511_090921,301062,nominal,processor,0110101,True,accepted
20260511_090921,301063,nominal,processor,0000001,True,accepted
20260511_090921,301064,nominal,processor,,False,conditional_h_C_interval_empty
20260511_090921,301065,nominal,processor,0001111,True,accepted
20260511_090921,301066,nominal,processor,0001000,True,accepted
20260511_090921,301067,nominal,processor,0101110,True,accepted
20260511_090921,301068,nominal,processor,0110111,True,accepted
20260511_090921,301069,nominal,processor,0000010,True,accepted
20260511_090921,301070,nominal,processor,0001010,True,accepted
20260511_090921,301071,nominal,processor,,False,conditional_h_C_interval_empty
20260511_090921,301072,nominal,processor,,False,conditional_h_C_interval_empty
20260511_090921,301073,nominal,processor,0111110,True,accepted
20260511_090921,301074,nominal,processor,0101100,True,accepted
20260511_090921,301075,nominal,processor,0001000,True,accepted
20260511_090921,301076,nominal,processor,0000100,True,accepted
20260511_090921,301077,nominal,processor,0110111,True,accepted
20260511_090921,301078,nominal,processor,1110100,True,accepted
20260511_090921,301079,nominal,processor,0001010,True,accepted
20260511_090921,301080,nominal,processor,,False,conditional_h_C_interval_empty
20260511_090921,301081,nominal,processor,0000111,True,accepted
20260511_090921,301082,nominal,processor,0100101,True,accepted
20260511_090921,301083,nominal,processor,1101101,True,accepted
20260511_090921,301084,nominal,processor,1110111,True,accepted
20260511_090921,301085,nominal,processor,0001011,True,accepted
20260511_090921,301086,nominal,processor,0000000,True,accepted
20260511_090921,301087,nominal,processor,,False,conditional_h_C_interval_empty
20260511_090921,301088,nominal,processor,,False,conditional_h_C_interval_empty
20260511_090921,301089,nominal,processor,0110110,True,accepted
20260511_090921,301090,nominal,processor,1101101,True,accepted
20260511_090921,301091,nominal,processor,0001010,True,accepted
20260511_090921,301092,nominal,processor,0001111,True,accepted
20260511_090921,301093,nominal,processor,0111111,True,accepted
20260511_090921,301094,nominal,processor,0101110,True,accepted
20260511_090921,301095,nominal,processor,,False,conditional_h_C_interval_empty
20260511_090921,301096,nominal,processor,,False,conditional_h_C_interval_empty
20260511_090921,301097,nominal,processor,0001101,True,accepted
20260511_090921,301098,nominal,processor,0000001,True,accepted
20260511_090921,301099,nominal,processor,0110100,True,accepted
20260511_090921,301100,nominal,processor,0100111,True,accepted
20260511_090921,301101,nominal,processor,0000101,True,accepted
20260511_090921,301102,nominal,processor,0100100,True,accepted
20260511_090921,301103,nominal,processor,,False,conditional_h_C_interval_empty
20260511_090921,301104,nominal,processor,,False,conditional_h_C_interval_empty
20260511_090921,301105,nominal,processor,1111100,True,accepted
20260511_090921,301106,nominal,processor,0101111,True,accepted
20260511_090921,301107,nominal,processor,0000001,True,accepted
20260511_090921,301108,nominal,processor,0000110,True,accepted
20260511_090921,301109,nominal,processor,0100111,True,accepted
20260511_090921,301110,nominal,processor,1101100,True,accepted
20260511_090921,301111,nominal,processor,0100100,True,accepted
20260511_090921,301112,nominal,processor,,False,conditional_h_C_interval_empty
20260511_090921,301113,nominal,processor,0000101,True,accepted
20260511_090921,301114,nominal,processor,0001010,True,accepted
20260511_090921,301115,nominal,processor,1110101,True,accepted
20260511_090921,301116,nominal,processor,0111110,True,accepted
20260511_090921,301117,nominal,processor,0001101,True,accepted
20260511_090921,301118,nominal,processor,0000111,True,accepted
20260511_090921,301119,nominal,processor,,False,conditional_h_C_interval_empty
20260511_090921,301120,nominal,processor,,False,conditional_h_C_interval_empty
20260511_090921,301121,nominal,processor,0100101,True,accepted
20260511_090921,301122,nominal,processor,0000110,True,accepted
20260511_090921,301123,nominal,processor,0101100,True,accepted
20260511_090921,301124,nominal,processor,0101111,True,accepted
20260511_090921,301125,nominal,processor,0000000,True,accepted
20260511_090921,301126,nominal,processor,0001100,True,accepted
20260511_090921,301127,nominal,processor,,False,conditional_h_C_interval_empty
20260511_090921,301128,nominal,processor,0000111,True,accepted
20260511_090921,301129,nominal,processor,0101101,True,accepted
20260511_090921,301130,nominal,processor,0111101,True,accepted
20260511_090921,301131,nominal,processor,0001110,True,accepted
20260511_090921,301132,nominal,processor,0001011,True,accepted
20260511_090921,301133,nominal,processor,1101111,True,accepted
20260511_090921,301134,nominal,processor,0111100,True,accepted
20260511_090921,301135,nominal,processor,0000100,True,accepted
20260511_090921,301136,nominal,processor,,False,conditional_h_C_interval_empty
20260511_090921,301137,nominal,processor,0001001,True,accepted
20260511_090921,301138,nominal,processor,0001111,True,accepted
20260511_090921,301139,nominal,processor,1100100,True,accepted
20260511_090921,301140,nominal,processor,1101110,True,accepted
20260511_090921,301141,nominal,processor,0001001,True,accepted
20260511_090921,301142,nominal,processor,0000011,True,accepted
20260511_090921,301143,nominal,processor,,False,conditional_h_C_interval_empty
20260511_090921,301144,nominal,processor,0001111,True,accepted
20260511_090921,301145,nominal,processor,1100110,True,accepted
20260511_090921,301146,nominal,processor,0100110,True,accepted
20260511_090921,301147,nominal,processor,0000110,True,accepted
20260511_090921,301148,nominal,processor,0000010,True,accepted
20260511_090921,301149,nominal,processor,0110100,True,accepted
20260511_090921,301150,nominal,processor,1111110,True,accepted
20260511_090921,301151,nominal,processor,,False,conditional_h_C_interval_empty
20260511_090921,301152,nominal,processor,,False,conditional_h_C_interval_empty
20260511_090921,301153,nominal,processor,0001011,True,accepted
20260511_090921,301154,nominal,processor,0000100,True,accepted
20260511_090921,301155,nominal,processor,0111100,True,accepted
20260511_090921,301156,nominal,processor,0101100,True,accepted
20260511_090921,301157,nominal,processor,0001000,True,accepted
20260511_090921,301158,nominal,processor,0001101,True,accepted
20260511_090921,301159,nominal,processor,,False,conditional_h_C_interval_empty
20260511_090921,301160,nominal,processor,0000001,True,accepted
20260511_090921,301161,nominal,processor,0101111,True,accepted
20260511_090921,301162,nominal,processor,1111101,True,accepted
20260511_090921,301163,nominal,processor,0001100,True,accepted
20260511_090921,301164,nominal,processor,0100100,True,accepted
20260511_090921,301165,nominal,processor,1101100,True,accepted
20260511_090921,301166,nominal,processor,0100111,True,accepted
20260511_090921,301167,nominal,processor,,False,conditional_h_C_interval_empty
20260511_090921,301168,nominal,processor,,False,conditional_h_C_interval_empty
20260511_090921,301169,nominal,processor,0000001,True,accepted
20260511_090921,301170,nominal,processor,0001101,True,accepted
20260511_090921,301171,nominal,processor,1111101,True,accepted
20260511_090921,301172,nominal,processor,1100101,True,accepted
20260511_090921,301173,nominal,processor,0100100,True,accepted
20260511_090921,301174,nominal,processor,0000101,True,accepted
20260511_090921,301175,nominal,processor,,False,conditional_h_C_interval_empty
20260511_090921,301176,nominal,processor,0001010,True,accepted
20260511_090921,301177,nominal,processor,1101101,True,accepted
20260511_090921,301178,nominal,processor,0110110,True,accepted
20260511_090921,301179,nominal,processor,0000010,True,accepted
20260511_090921,301180,nominal,processor,0001000,True,accepted
20260511_090921,301181,nominal,processor,0101110,True,accepted
20260511_090921,301182,nominal,processor,0111111,True,accepted
20260511_090921,301183,nominal,processor,,False,conditional_h_C_interval_empty
20260511_090921,301184,nominal,processor,,False,conditional_h_C_interval_empty
20260511_090921,301185,nominal,processor,0100110,True,accepted
20260511_090921,301186,nominal,processor,1100110,True,accepted
20260511_090921,301187,nominal,processor,0001111,True,accepted
20260511_090921,301188,nominal,processor,0001100,True,accepted
20260511_090921,301189,nominal,processor,1111111,True,accepted
20260511_090921,301190,nominal,processor,0101111,True,accepted
20260511_090921,301191,nominal,processor,0000010,True,accepted
20260511_090921,301192,nominal,processor,1100100,True,accepted
20260511_090921,301193,nominal,processor,0001110,True,accepted
20260511_090921,301194,nominal,processor,0001001,True,accepted
20260511_090921,301195,nominal,processor,0101110,True,accepted
20260511_090921,301196,nominal,processor,0110101,True,accepted
20260511_090921,301197,nominal,processor,0000011,True,accepted
20260511_090921,301198,nominal,processor,0001001,True,accepted
20260511_090921,301199,nominal,processor,,False,conditional_h_C_interval_empty
20260511_090921,301200,nominal,processor,,False,conditional_h_C_interval_empty
20260511_090921,301201,nominal,processor,0111101,True,accepted
20260511_090921,301202,nominal,processor,0101101,True,accepted
20260511_090921,301203,nominal,processor,0000111,True,accepted
20260511_090921,301204,nominal,processor,0000100,True,accepted
20260511_090921,301205,nominal,processor,0111101,True,accepted
20260511_090921,301206,nominal,processor,1101111,True,accepted
20260511_090921,301207,nominal,processor,0001011,True,accepted
20260511_090921,301208,nominal,processor,,False,conditional_h_C_interval_empty
20260511_090921,301209,nominal,processor,0000110,True,accepted
20260511_090921,301210,nominal,processor,0100101,True,accepted
20260511_090921,301211,nominal,processor,1100111,True,accepted
20260511_090921,301212,nominal,processor,1110110,True,accepted
20260511_090921,301213,nominal,processor,0001100,True,accepted
20260511_090921,301214,nominal,processor,0000000,True,accepted
20260511_090921,301215,nominal,processor,,False,conditional_h_C_interval_empty
20260511_090921,301216,nominal,processor,,False,conditional_h_C_interval_empty
20260511_090921,301217,nominal,processor,0110110,True,accepted
20260511_090921,301218,nominal,processor,1101110,True,accepted
20260511_090921,301219,nominal,processor,0001010,True,accepted
20260511_090921,301220,nominal,processor,0001110,True,accepted
20260511_090921,301221,nominal,processor,0111111,True,accepted
20260511_090921,301222,nominal,processor,0101101,True,accepted
20260511_090921,301223,nominal,processor,0001001,True,accepted
20260511_090921,301224,nominal,processor,,False,conditional_h_C_interval_empty
20260511_090921,301225,nominal,processor,0001101,True,accepted
20260511_090921,301226,nominal,processor,0000010,True,accepted
20260511_090921,301227,nominal,processor,0110100,True,accepted
20260511_090921,301228,nominal,processor,0100110,True,accepted
20260511_090921,301229,nominal,processor,0000101,True,accepted
20260511_090921,301230,nominal,processor,0001111,True,accepted
20260511_090921,301231,nominal,processor,,False,conditional_h_C_interval_empty
20260511_090921,301232,nominal,processor,0001100,True,accepted
20260511_090921,301233,nominal,processor,1110110,True,accepted
20260511_090921,301234,nominal,processor,0101111,True,accepted
20260511_090921,301235,nominal,processor,0000000,True,accepted
20260511_090921,301236,nominal,processor,0000110,True,accepted
20260511_090921,301237,nominal,processor,0101100,True,accepted
20260511_090921,301238,nominal,processor,1100111,True,accepted
20260511_090921,301239,nominal,processor,0100101,True,accepted
20260511_090921,301240,nominal,processor,,False,conditional_h_C_interval_empty
20260511_090921,301241,nominal,processor,0000100,True,accepted
20260511_090921,301242,nominal,processor,0001011,True,accepted
20260511_090921,301243,nominal,processor,1101111,True,accepted
20260511_090921,301244,nominal,processor,0111101,True,accepted
20260511_090921,301245,nominal,processor,0001110,True,accepted
20260511_090921,301246,nominal,processor,0000111,True,accepted
20260511_090921,301247,nominal,processor,,False,conditional_h_C_interval_empty
20260511_090921,301248,nominal,processor,,False,conditional_h_C_interval_empty
20260511_090921,301249,nominal,processor,0100101,True,accepted
20260511_090921,301250,nominal,processor,0000111,True,accepted
20260511_090921,301251,nominal,processor,0100111,True,accepted
20260511_090921,301252,nominal,processor,0101110,True,accepted
20260511_090921,301253,nominal,processor,0000000,True,accepted
20260511_090921,301254,nominal,processor,0001011,True,accepted
20260511_090921,301255,nominal,processor,,False,conditional_h_C_interval_empty
20260511_090921,301256,nominal,processor,0001000,True,accepted
20260511_090921,301257,nominal,processor,0101100,True,accepted
20260511_090921,301258,nominal,processor,0111110,True,accepted
20260511_090921,301259,nominal,processor,0001101,True,accepted
20260511_090921,301260,nominal,processor,0001010,True,accepted
20260511_090921,301261,nominal,processor,1110100,True,accepted
20260511_090921,301262,nominal,processor,0110111,True,accepted
20260511_090921,301263,nominal,processor,,False,conditional_h_C_interval_empty
20260511_090921,301264,nominal,processor,,False,conditional_h_C_interval_empty
20260511_090921,301265,nominal,processor,0001000,True,accepted
20260511_090921,301266,nominal,processor,0001111,True,accepted
20260511_090921,301267,nominal,processor,0111111,True,accepted
20260511_090921,301268,nominal,processor,1101101,True,accepted
20260511_090921,301269,nominal,processor,0001010,True,accepted
20260511_090921,301270,nominal,processor,0000011,True,accepted
20260511_090921,301271,nominal,processor,0110111,True,accepted
20260511_090921,301272,nominal,processor,,False,conditional_h_C_interval_empty
20260511_090921,301273,nominal,processor,1100100,True,accepted
20260511_090921,301274,nominal,processor,0100110,True,accepted
20260511_090921,301275,nominal,processor,0000101,True,accepted
20260511_090921,301276,nominal,processor,0000001,True,accepted
20260511_090921,301277,nominal,processor,0110101,True,accepted
20260511_090921,301278,nominal,processor,1111110,True,accepted
20260511_090921,301279,nominal,processor,,False,conditional_h_C_interval_empty
20260511_090921,301280,nominal,processor,,False,conditional_h_C_interval_empty
20260511_090921,301281,nominal,processor,1101111,True,accepted
20260511_090921,301282,nominal,processor,0111101,True,accepted
20260511_090921,301283,nominal,processor,0000100,True,accepted
20260511_090921,301284,nominal,processor,0000111,True,accepted
20260511_090921,301285,nominal,processor,0101101,True,accepted
20260511_090921,301286,nominal,processor,0111101,True,accepted
20260511_090921,301287,nominal,processor,,False,conditional_h_C_interval_empty
20260511_090921,301288,nominal,processor,,False,conditional_h_C_interval_empty
20260511_090921,301289,nominal,processor,0000000,True,accepted
20260511_090921,301290,nominal,processor,0001100,True,accepted
20260511_090921,301291,nominal,processor,1110111,True,accepted
20260511_090921,301292,nominal,processor,1100111,True,accepted
20260511_090921,301293,nominal,processor,0100101,True,accepted
20260511_090921,301294,nominal,processor,0000110,True,accepted
20260511_090921,301295,nominal,processor,,False,conditional_h_C_interval_empty
20260511_090921,301296,nominal,processor,0000010,True,accepted
20260511_090921,301297,nominal,processor,0101111,True,accepted
20260511_090921,301298,nominal,processor,1111110,True,accepted
20260511_090921,301299,nominal,processor,0001100,True,accepted
20260511_090921,301300,nominal,processor,0001111,True,accepted
20260511_090921,301301,nominal,processor,1100110,True,accepted
20260511_090921,301302,nominal,processor,0100110,True,accepted
20260511_090921,301303,nominal,processor,0000110,True,accepted
20260511_090921,301304,nominal,processor,,False,conditional_h_C_interval_empty
20260511_090921,301305,nominal,processor,0001001,True,accepted
20260511_090921,301306,nominal,processor,0000011,True,accepted
20260511_090921,301307,nominal,processor,0110101,True,accepted
20260511_090921,301308,nominal,processor,0101110,True,accepted
20260511_090921,301309,nominal,processor,0001001,True,accepted
20260511_090921,301310,nominal,processor,0001110,True,accepted
20260511_090921,301311,nominal,processor,,False,conditional_h_C_interval_empty
20260511_090921,301312,nominal,processor,,False,conditional_h_C_interval_empty
20260511_090921,301313,nominal,processor,0000101,True,accepted
20260511_090921,301314,nominal,processor,0100100,True,accepted
20260511_090921,301315,nominal,processor,1100101,True,accepted
20260511_090921,301316,nominal,processor,1111101,True,accepted
20260511_090921,301317,nominal,processor,0001101,True,accepted
20260511_090921,301318,nominal,processor,0000001,True,accepted
20260511_090921,301319,nominal,processor,,False,conditional_h_C_interval_empty
20260511_090921,301320,nominal,processor,0001111,True,accepted
20260511_090921,301321,nominal,processor,0111111,True,accepted
20260511_090921,301322,nominal,processor,0101110,True,accepted
20260511_090921,301323,nominal,processor,0001000,True,accepted
20260511_090921,301324,nominal,processor,0000010,True,accepted
20260511_090921,301325,nominal,processor,0110110,True,accepted
20260511_090921,301326,nominal,processor,1101101,True,accepted
20260511_090921,301327,nominal,processor,,False,conditional_h_C_interval_empty
20260511_090921,301328,nominal,processor,,False,conditional_h_C_interval_empty
20260511_090921,301329,nominal,processor,0001101,True,accepted
20260511_090921,301330,nominal,processor,0001000,True,accepted
20260511_090921,301331,nominal,processor,0101100,True,accepted
20260511_090921,301332,nominal,processor,0111100,True,accepted
20260511_090921,301333,nominal,processor,0000100,True,accepted
20260511_090921,301334,nominal,processor,0001011,True,accepted
20260511_090921,301335,nominal,processor,1110101,True,accepted
20260511_090921,301336,nominal,processor,0000110,True,accepted
20260511_090921,301337,nominal,processor,0100111,True,accepted
20260511_090921,301338,nominal,processor,1101100,True,accepted
20260511_090921,301339,nominal,processor,0100100,True,accepted
20260511_090921,301340,nominal,processor,0001100,True,accepted
20260511_090921,301341,nominal,processor,1111100,True,accepted
20260511_090921,301342,nominal,processor,0101111,True,accepted
20260511_090921,301343,nominal,processor,0000001,True,accepted
20260511_090921,301344,nominal,processor,,False,conditional_h_C_interval_empty
20260511_090921,301345,nominal,processor,0000011,True,accepted
20260511_090921,301346,nominal,processor,0001010,True,accepted
20260511_090921,301347,nominal,processor,1101101,True,accepted
20260511_090921,301348,nominal,processor,0111111,True,accepted
20260511_090921,301349,nominal,processor,0001111,True,accepted
20260511_090921,301350,nominal,processor,0001000,True,accepted
20260511_090921,301351,nominal,processor,,False,conditional_h_C_interval_empty
20260511_090921,301352,nominal,processor,0001101,True,accepted
20260511_090921,301353,nominal,processor,1111110,True,accepted
20260511_090921,301354,nominal,processor,0110101,True,accepted
20260511_090921,301355,nominal,processor,0000010,True,accepted
20260511_090921,301356,nominal,processor,0000101,True,accepted
20260511_090921,301357,nominal,processor,0100110,True,accepted
20260511_090921,301358,nominal,processor,1100100,True,accepted
20260511_090921,301359,nominal,processor,,False,conditional_h_C_interval_empty
20260511_090921,301360,nominal,processor,,False,conditional_h_C_interval_empty
20260511_090921,301361,nominal,processor,0001011,True,accepted
20260511_090921,301362,nominal,processor,0000000,True,accepted
20260511_090921,301363,nominal,processor,0101110,True,accepted
20260511_090921,301364,nominal,processor,0100111,True,accepted
20260511_090921,301365,nominal,processor,0000111,True,accepted
20260511_090921,301366,nominal,processor,0100100,True,accepted
20260511_090921,301367,nominal,processor,,False,conditional_h_C_interval_empty
20260511_090921,301368,nominal,processor,0000100,True,accepted
20260511_090921,301369,nominal,processor,0110111,True,accepted
20260511_090921,301370,nominal,processor,1110101,True,accepted
20260511_090921,301371,nominal,processor,0001010,True,accepted
20260511_090921,301372,nominal,processor,0001110,True,accepted
20260511_090921,301373,nominal,processor,0111110,True,accepted
20260511_090921,301374,nominal,processor,0101101,True,accepted
20260511_090921,301375,nominal,processor,,False,conditional_h_C_interval_empty
20260511_090921,301376,nominal,processor,,False,conditional_h_C_interval_empty
20260511_090921,301377,nominal,processor,1100111,True,accepted
20260511_090921,301378,nominal,processor,0101100,True,accepted
20260511_090921,301379,nominal,processor,0000110,True,accepted
20260511_090921,301380,nominal,processor,0000000,True,accepted
20260511_090921,301381,nominal,processor,0101111,True,accepted
20260511_090921,301382,nominal,processor,1110110,True,accepted
20260511_090921,301383,nominal,processor,0001100,True,accepted
20260511_090921,301384,nominal,processor,,False,conditional_h_C_interval_empty
20260511_090921,301385,nominal,processor,0000111,True,accepted
20260511_090921,301386,nominal,processor,0001110,True,accepted
20260511_090921,301387,nominal,processor,0111101,True,accepted
20260511_090921,301388,nominal,processor,1101111,True,accepted
20260511_090921,301389,nominal,processor,0001011,True,accepted
20260511_090921,301390,nominal,processor,0000100,True,accepted
20260511_090921,301391,nominal,processor,,False,conditional_h_C_interval_empty
20260511_090921,301392,nominal,processor,,False,conditional_h_C_interval_empty
20260511_090921,301393,nominal,processor,0101101,True,accepted
20260511_090921,301394,nominal,processor,0111111,True,accepted
20260511_090921,301395,nominal,processor,0001110,True,accepted
20260511_090921,301396,nominal,processor,0001010,True,accepted
20260511_090921,301397,nominal,processor,1101111,True,accepted
20260511_090921,301398,nominal,processor,0110110,True,accepted
20260511_090921,301399,nominal,processor,0000011,True,accepted
20260511_090921,301400,nominal,processor,,False,conditional_h_C_interval_empty
20260511_090921,301401,nominal,processor,0001111,True,accepted
20260511_090921,301402,nominal,processor,0000101,True,accepted
20260511_090921,301403,nominal,processor,0100110,True,accepted
20260511_090921,301404,nominal,processor,0110100,True,accepted
20260511_090921,301405,nominal,processor,0000010,True,accepted
20260511_090921,301406,nominal,processor,0001101,True,accepted
20260511_090921,301407,nominal,processor,,False,conditional_h_C_interval_empty
20260511_090921,301408,nominal,processor,,False,conditional_h_C_interval_empty
20260511_090921,301409,nominal,processor,1110100,True,accepted
20260511_090921,301410,nominal,processor,0110111,True,accepted
20260511_090921,301411,nominal,processor,0000100,True,accepted
20260511_090921,301412,nominal,processor,0001000,True,accepted
20260511_090921,301413,nominal,processor,0101100,True,accepted
20260511_090921,301414,nominal,processor,0111110,True,accepted
20260511_090921,301415,nominal,processor,,False,conditional_h_C_interval_empty
20260511_090921,301416,nominal,processor,,False,conditional_h_C_interval_empty
20260511_090921,301417,nominal,processor,0000000,True,accepted
20260511_090921,301418,nominal,processor,0001011,True,accepted
20260511_090921,301419,nominal,processor,1111100,True,accepted
20260511_090921,301420,nominal,processor,1101100,True,accepted
20260511_090921,301421,nominal,processor,0100101,True,accepted
20260511_090921,301422,nominal,processor,0000111,True,accepted
20260511_090921,301423,nominal,processor,,False,conditional_h_C_interval_empty
20260511_090921,301424,nominal,processor,,False,conditional_h_C_interval_empty
20260511_090921,301425,nominal,processor,0110101,True,accepted
20260511_090921,301426,nominal,processor,1111110,True,accepted
20260511_090921,301427,nominal,processor,0001101,True,accepted
20260511_090921,301428,nominal,processor,0001111,True,accepted
20260511_090921,301429,nominal,processor,1100100,True,accepted
20260511_090921,301430,nominal,processor,0100110,True,accepted
20260511_090921,301431,nominal,processor,0000101,True,accepted
20260511_090921,301432,nominal,processor,,False,conditional_h_C_interval_empty
20260511_090921,301433,nominal,processor,0001010,True,accepted
20260511_090921,301434,nominal,processor,0000011,True,accepted
20260511_090921,301435,nominal,processor,0110111,True,accepted
20260511_090921,301436,nominal,processor,0101110,True,accepted
20260511_090921,301437,nominal,processor,0001000,True,accepted
20260511_090921,301438,nominal,processor,0001111,True,accepted
20260511_090921,301439,nominal,processor,,False,conditional_h_C_interval_empty
20260511_090921,301440,nominal,processor,,False,conditional_h_C_interval_empty
20260511_090921,301441,nominal,processor,0000101,True,accepted
20260511_090921,301442,nominal,processor,0001111,True,accepted
20260511_090921,301443,nominal,processor,1100110,True,accepted
20260511_090921,301444,nominal,processor,1111111,True,accepted
20260511_090921,301445,nominal,processor,0001100,True,accepted
20260511_090921,301446,nominal,processor,0000010,True,accepted
20260511_090921,301447,nominal,processor,,False,conditional_h_C_interval_empty
20260511_090921,301448,nominal,processor,0001110,True,accepted
20260511_090921,301449,nominal,processor,0111111,True,accepted
20260511_090921,301450,nominal,processor,0101101,True,accepted
20260511_090921,301451,nominal,processor,0001001,True,accepted
20260511_090921,301452,nominal,processor,0000011,True,accepted
20260511_090921,301453,nominal,processor,0110110,True,accepted
20260511_090921,301454,nominal,processor,1101110,True,accepted
20260511_090921,301455,nominal,processor,,False,conditional_h_C_interval_empty
20260511_090921,301456,nominal,processor,,False,conditional_h_C_interval_empty
20260511_090921,301457,nominal,processor,0001110,True,accepted
20260511_090921,301458,nominal,processor,0000111,True,accepted
20260511_090921,301459,nominal,processor,0101101,True,accepted
20260511_090921,301460,nominal,processor,0111100,True,accepted
20260511_090921,301461,nominal,processor,0000100,True,accepted
20260511_090921,301462,nominal,processor,0001011,True,accepted
20260511_090921,301463,nominal,processor,,False,conditional_h_C_interval_empty
20260511_090921,301464,nominal,processor,0000110,True,accepted
20260511_090921,301465,nominal,processor,0101100,True,accepted
20260511_090921,301466,nominal,processor,1100111,True,accepted
20260511_090921,301467,nominal,processor,0100101,True,accepted
20260511_090921,301468,nominal,processor,0001100,True,accepted
20260511_090921,301469,nominal,processor,1110110,True,accepted
20260511_090921,301470,nominal,processor,0101111,True,accepted
20260511_090921,301471,nominal,processor,,False,conditional_h_C_interval_empty
20260511_090921,301472,nominal,processor,,False,conditional_h_C_interval_empty
20260511_090921,301473,nominal,processor,0000011,True,accepted
20260511_090921,301474,nominal,processor,0001001,True,accepted
20260511_090921,301475,nominal,processor,1101110,True,accepted
20260511_090921,301476,nominal,processor,1100100,True,accepted
20260511_090921,301477,nominal,processor,0001110,True,accepted
20260511_090921,301478,nominal,processor,0001001,True,accepted
20260511_090921,301479,nominal,processor,,False,conditional_h_C_interval_empty
20260511_090921,301480,nominal,processor,0001100,True,accepted
20260511_090921,301481,nominal,processor,1111110,True,accepted
20260511_090921,301482,nominal,processor,0101111,True,accepted
20260511_090921,301483,nominal,processor,0000010,True,accepted
20260511_090921,301484,nominal,processor,0000110,True,accepted
20260511_090921,301485,nominal,processor,0100110,True,accepted
20260511_090921,301486,nominal,processor,1100110,True,accepted
20260511_090921,301487,nominal,processor,,False,conditional_h_C_interval_empty
20260511_090921,301488,nominal,processor,,False,conditional_h_C_interval_empty
20260511_090921,301489,nominal,processor,0001100,True,accepted
20260511_090921,301490,nominal,processor,0000000,True,accepted
20260511_090921,301491,nominal,processor,0101111,True,accepted
20260511_090921,301492,nominal,processor,0101100,True,accepted
20260511_090921,301493,nominal,processor,0000110,True,accepted
20260511_090921,301494,nominal,processor,0100101,True,accepted
20260511_090921,301495,nominal,processor,1100111,True,accepted
20260511_090921,301496,nominal,processor,0000100,True,accepted
20260511_090921,301497,nominal,processor,0111100,True,accepted
20260511_090921,301498,nominal,processor,1101111,True,accepted
20260511_090921,301499,nominal,processor,0001011,True,accepted
20260511_090921,301500,nominal,processor,0001110,True,accepted
20260511_090921,301501,nominal,processor,0111101,True,accepted
20260511_090921,301502,nominal,processor,0101101,True,accepted
20260511_090921,301503,nominal,processor,,False,conditional_h_C_interval_empty
20260511_090921,301504,nominal,processor,,False,conditional_h_C_interval_empty
20260511_090921,301505,nominal,processor,1101100,True,accepted
20260511_090921,301506,nominal,processor,0100111,True,accepted
20260511_090921,301507,nominal,processor,0000110,True,accepted
20260511_090921,301508,nominal,processor,0000001,True,accepted
20260511_090921,301509,nominal,processor,0101111,True,accepted
20260511_090921,301510,nominal,processor,1111100,True,accepted
20260511_090921,301511,nominal,processor,0001011,True,accepted
20260511_090921,301512,nominal,processor,,False,conditional_h_C_interval_empty
20260511_090921,301513,nominal,processor,0000111,True,accepted
20260511_090921,301514,nominal,processor,0001101,True,accepted
20260511_090921,301515,nominal,processor,0111110,True,accepted
20260511_090921,301516,nominal,processor,1110101,True,accepted
20260511_090921,301517,nominal,processor,0001010,True,accepted
20260511_090921,301518,nominal,processor,0000100,True,accepted
20260511_090921,301519,nominal,processor,,False,conditional_h_C_interval_empty
20260511_090921,301520,nominal,processor,,False,conditional_h_C_interval_empty
20260511_090921,301521,nominal,processor,0101110,True,accepted
20260511_090921,301522,nominal,processor,0111111,True,accepted
20260511_090921,301523,nominal,processor,0001111,True,accepted
20260511_090921,301524,nominal,processor,0001010,True,accepted
20260511_090921,301525,nominal,processor,1101101,True,accepted
20260511_090921,301526,nominal,processor,0110110,True,accepted
20260511_090921,301527,nominal,processor,0000010,True,accepted
20260511_090921,301528,nominal,processor,,False,conditional_h_C_interval_empty
20260511_090921,301529,nominal,processor,0100100,True,accepted
20260511_090921,301530,nominal,processor,0000101,True,accepted
20260511_090921,301531,nominal,processor,0100111,True,accepted
20260511_090921,301532,nominal,processor,0110100,True,accepted
20260511_090921,301533,nominal,processor,0000001,True,accepted
20260511_090921,301534,nominal,processor,0001101,True,accepted
20260511_090921,301535,nominal,processor,,False,conditional_h_C_interval_empty
20260511_090921,301536,nominal,processor,,False,conditional_h_C_interval_empty
20260511_090921,301537,nominal,processor,0000100,True,accepted
20260511_090921,301538,nominal,processor,0001011,True,accepted
20260511_090921,301539,nominal,processor,1101111,True,accepted
20260511_090921,301540,nominal,processor,0111101,True,accepted
20260511_090921,301541,nominal,processor,0001110,True,accepted
20260511_090921,301542,nominal,processor,0000111,True,accepted
20260511_090921,301543,nominal,processor,,False,conditional_h_C_interval_empty
20260511_090921,301544,nominal,processor,0001100,True,accepted
20260511_090921,301545,nominal,processor,1110111,True,accepted
20260511_090921,301546,nominal,processor,0101111,True,accepted
20260511_090921,301547,nominal,processor,0000000,True,accepted
20260511_090921,301548,nominal,processor,0000110,True,accepted
20260511_090921,301549,nominal,processor,0101100,True,accepted
20260511_090921,301550,nominal,processor,1100110,True,accepted
20260511_090921,301551,nominal,processor,,False,conditional_h_C_interval_empty
20260511_090921,301552,nominal,processor,,False,conditional_h_C_interval_empty
20260511_090921,301553,nominal,processor,0001100,True,accepted
20260511_090921,301554,nominal,processor,0000010,True,accepted
20260511_090921,301555,nominal,processor,0110100,True,accepted
20260511_090921,301556,nominal,processor,0100110,True,accepted
20260511_090921,301557,nominal,processor,0000110,True,accepted
20260511_090921,301558,nominal,processor,0001111,True,accepted
20260511_090921,301559,nominal,processor,1100110,True,accepted
20260511_090921,301560,nominal,processor,,False,conditional_h_C_interval_empty
20260511_090921,301561,nominal,processor,0110101,False,no_active_currency
20260511_090921,301562,nominal,processor,1101110,True,accepted
20260511_090921,301563,nominal,processor,0001001,True,accepted
20260511_090921,301564,nominal,processor,0001110,True,accepted
20260511_090921,301565,nominal,processor,1100100,True,accepted
20260511_090921,301566,nominal,processor,0101110,True,accepted
20260511_090921,301567,nominal,processor,,False,conditional_h_C_interval_empty
20260511_090921,301568,nominal,processor,,False,conditional_h_C_interval_empty
20260511_090921,301569,nominal,processor,1100101,True,accepted
20260511_090921,301570,nominal,processor,0100111,True,accepted
20260511_090921,301571,nominal,processor,0000101,True,accepted
20260511_090921,301572,nominal,processor,0000001,True,accepted
20260511_090921,301573,nominal,processor,0110100,True,accepted
20260511_090921,301574,nominal,processor,1111101,True,accepted
20260511_090921,301575,nominal,processor,,False,conditional_h_C_interval_empty
20260511_090921,301576,nominal,processor,0101110,True,accepted
20260511_090921,301577,nominal,processor,0001000,True,accepted
20260511_090921,301578,nominal,processor,0001111,True,accepted
20260511_090921,301579,nominal,processor,0111111,True,accepted
20260511_090921,301580,nominal,processor,1101101,True,accepted
20260511_090921,301581,nominal,processor,0001010,True,accepted
20260511_090921,301582,nominal,processor,0000010,True,accepted
20260511_090921,301583,nominal,processor,,False,conditional_h_C_interval_empty
20260511_090921,301584,nominal,processor,,False,conditional_h_C_interval_empty
20260511_090921,301585,nominal,processor,0101100,True,accepted
20260511_090921,301586,nominal,processor,0111110,True,accepted
20260511_090921,301587,nominal,processor,0001101,True,accepted
20260511_090921,301588,nominal,processor,0001010,True,accepted
20260511_090921,301589,nominal,processor,1110101,True,accepted
20260511_090921,301590,nominal,processor,0111100,True,accepted
20260511_090921,301591,nominal,processor,,False,conditional_h_C_interval_empty
20260511_090921,301592,nominal,processor,1101100,True,accepted
20260511_090921,301593,nominal,processor,0100100,True,accepted
20260511_090921,301594,nominal,processor,0000110,True,accepted
20260511_090921,301595,nominal,processor,0100111,True,accepted
20260511_090921,301596,nominal,processor,,False,conditional_h_C_interval_empty
20260511_090921,301597,nominal,processor,0000001,True,accepted
20260511_090921,301598,nominal,processor,0001100,True,accepted
20260511_090921,301599,nominal,processor,,False,conditional_h_C_interval_empty
20260511_090921,301600,nominal,processor,,False,conditional_h_C_interval_empty
20260511_090921,301601,nominal,processor,1101101,True,accepted
20260511_090921,301602,nominal,processor,0110111,True,accepted
20260511_090921,301603,nominal,processor,0000011,True,accepted
20260511_090921,301604,nominal,processor,0001000,True,accepted
20260511_090921,301605,nominal,processor,0101110,True,accepted
20260511_090921,301606,nominal,processor,0111110,True,accepted
20260511_090921,301607,nominal,processor,,False,conditional_h_C_interval_empty
20260511_090921,301608,nominal,processor,0110101,True,accepted
20260511_090921,301609,nominal,processor,0000001,True,accepted
20260511_090921,301610,nominal,processor,0001101,True,accepted
20260511_090921,301611,nominal,processor,1111110,True,accepted
20260511_090921,301612,nominal,processor,1100100,True,accepted
20260511_090921,301613,nominal,processor,0100100,True,accepted
20260511_090921,301614,nominal,processor,0000101,True,accepted
20260511_090921,301615,nominal,processor,,False,conditional_h_C_interval_empty
20260511_090921,301616,nominal,processor,,False,conditional_h_C_interval_empty
20260511_090921,301617,nominal,processor,0101110,True,accepted
20260511_090921,301618,nominal,processor,1110111,True,accepted
20260511_090921,301619,nominal,processor,0001011,True,accepted
20260511_090921,301620,nominal,processor,0100101,True,accepted
20260511_090921,301621,nominal,processor,1101100,True,accepted
20260511_090921,301622,nominal,processor,0100111,True,accepted
20260511_090921,301623,nominal,processor,0000111,True,accepted
20260511_090921,301624,nominal,processor,1110100,True,accepted
20260511_090921,301625,nominal,processor,0001010,True,accepted
20260511_090921,301626,nominal,processor,0000100,True,accepted
20260511_090921,301627,nominal,processor,0110111,True,accepted
20260511_090921,301628,nominal,processor,,False,conditional_h_C_interval_empty
20260511_090921,301629,nominal,processor,0001000,True,accepted
20260511_090921,301630,nominal,processor,0001110,True,accepted
20260511_090921,301631,nominal,processor,,False,conditional_h_C_interval_empty
20260511_090921,301632,nominal,processor,,False,conditional_h_C_interval_empty
20260511_090921,301633,nominal,processor,0000110,True,accepted
20260511_090921,301634,nominal,processor,0100101,True,accepted
20260511_090921,301635,nominal,processor,1100111,True,accepted
20260511_090921,301636,nominal,processor,1110110,True,accepted
20260511_090921,301637,nominal,processor,0001100,True,accepted
20260511_090921,301638,nominal,processor,0000000,True,accepted
20260511_090921,301639,nominal,processor,0101111,True,accepted
20260511_090921,301640,nominal,processor,,False,conditional_h_C_interval_empty
20260511_090921,301641,nominal,processor,0111101,True,accepted
20260511_090921,301642,nominal,processor,0101101,True,accepted
20260511_090921,301643,nominal,processor,0000111,True,accepted
20260511_090921,301644,nominal,processor,0000011,True,accepted
20260511_090921,301645,nominal,processor,0111100,True,accepted
20260511_090921,301646,nominal,processor,1101111,True,accepted
20260511_090921,301647,nominal,processor,,False,conditional_h_C_interval_empty
20260511_090921,301648,nominal,processor,,False,conditional_h_C_interval_empty
20260511_090921,301649,nominal,processor,0001110,True,accepted
20260511_090921,301650,nominal,processor,0001000,True,accepted
20260511_090921,301651,nominal,processor,0101101,True,accepted
20260511_090921,301652,nominal,processor,0110110,True,accepted
20260511_090921,301653,nominal,processor,0000011,True,accepted
20260511_090921,301654,nominal,processor,0001001,True,accepted
20260511_090921,301655,nominal,processor,1101110,True,accepted
20260511_090921,301656,nominal,processor,,False,conditional_h_C_interval_empty
20260511_090921,301657,nominal,processor,0100110,True,accepted
20260511_090921,301658,nominal,processor,1100110,True,accepted
20260511_090921,301659,nominal,processor,0001111,True,accepted
20260511_090921,301660,nominal,processor,0001100,True,accepted
20260511_090921,301661,nominal,processor,1111111,True,accepted
20260511_090921,301662,nominal,processor,0110100,True,accepted
20260511_090921,301663,nominal,processor,,False,conditional_h_C_interval_empty
20260511_090921,301664,nominal,processor,,False,conditional_h_C_interval_empty
20260511_090921,301665,nominal,processor,0000100,True,accepted
20260511_090921,301666,nominal,processor,0001010,True,accepted
20260511_090921,301667,nominal,processor,1110100,True,accepted
20260511_090921,301668,nominal,processor,0111110,True,accepted
20260511_090921,301669,nominal,processor,0001101,True,accepted
20260511_090921,301670,nominal,processor,0001000,True,accepted
20260511_090921,301671,nominal,processor,,False,conditional_h_C_interval_empty
20260511_090921,301672,nominal,processor,,False,conditional_h_C_interval_empty
20260511_090921,301673,nominal,processor,1111100,True,accepted
20260511_090921,301674,nominal,processor,0101110,True,accepted
20260511_090921,301675,nominal,processor,0000000,True,accepted
20260511_090921,301676,nominal,processor,0000111,True,accepted
20260511_090921,301677,nominal,processor,0100111,True,accepted
20260511_090921,301678,nominal,processor,1101100,True,accepted
20260511_090921,301679,nominal,processor,,False,conditional_h_C_interval_empty
20260511_090921,301680,nominal,processor,,False,conditional_h_C_interval_empty
20260511_090921,301681,nominal,processor,0001101,True,accepted
20260511_090921,301682,nominal,processor,0000001,True,accepted
20260511_090921,301683,nominal,processor,0110101,True,accepted
20260511_090921,301684,nominal,processor,0100110,True,accepted
20260511_090921,301685,nominal,processor,0000101,True,accepted
20260511_090921,301686,nominal,processor,0100100,True,accepted
20260511_090921,301687,nominal,processor,1100101,True,accepted
20260511_090921,301688,nominal,processor,0000011,True,accepted
20260511_090921,301689,nominal,processor,0110111,True,accepted
20260511_090921,301690,nominal,processor,1101101,True,accepted
20260511_090921,301691,nominal,processor,0001010,True,accepted
20260511_090921,301692,nominal,processor,0001111,True,accepted
20260511_090921,301693,nominal,processor,0111110,True,accepted
20260511_090921,301694,nominal,processor,0101110,True,accepted
20260511_090921,301695,nominal,processor,,False,conditional_h_C_interval_empty
20260511_090921,301696,nominal,processor,,False,conditional_h_C_interval_empty
20260511_090921,301697,nominal,processor,1100101,True,accepted
20260511_090921,301698,nominal,processor,0100110,True,accepted
20260511_090921,301699,nominal,processor,0000101,True,accepted
20260511_090921,301700,nominal,processor,0000010,True,accepted
20260511_090921,301701,nominal,processor,0110100,True,accepted
20260511_090921,301702,nominal,processor,1111111,True,accepted
20260511_090921,301703,nominal,processor,,False,conditional_h_C_interval_empty
20260511_090921,301704,nominal,processor,0101101,True,accepted
20260511_090921,301705,nominal,processor,0001001,True,accepted
20260511_090921,301706,nominal,processor,0001110,True,accepted
20260511_090921,301707,nominal,processor,0111111,True,accepted
20260511_090921,301708,nominal,processor,1101110,True,accepted
20260511_090921,301709,nominal,processor,0001010,True,accepted
20260511_090921,301710,nominal,processor,0000011,True,accepted
20260511_090921,301711,nominal,processor,,False,conditional_h_C_interval_empty
20260511_090921,301712,nominal,processor,,False,conditional_h_C_interval_empty
20260511_090921,301713,nominal,processor,0101101,True,accepted
20260511_090921,301714,nominal,processor,0111101,True,accepted
20260511_090921,301715,nominal,processor,0001110,True,accepted
20260511_090921,301716,nominal,processor,0001011,True,accepted
20260511_090921,301717,nominal,processor,1101111,True,accepted
20260511_090921,301718,nominal,processor,0111100,True,accepted
20260511_090921,301719,nominal,processor,0000100,True,accepted
20260511_090921,301720,nominal,processor,,False,conditional_h_C_interval_empty
20260511_090921,301721,nominal,processor,0100101,True,accepted
20260511_090921,301722,nominal,processor,0000110,True,accepted
20260511_090921,301723,nominal,processor,0101100,True,accepted
20260511_090921,301724,nominal,processor,0101111,True,accepted
20260511_090921,301725,nominal,processor,0000000,True,accepted
20260511_090921,301726,nominal,processor,0001100,True,accepted
20260511_090921,301727,nominal,processor,,False,conditional_h_C_interval_empty
20260511_090921,301728,nominal,processor,,False,conditional_h_C_interval_empty
20260511_090921,301729,nominal,processor,1101110,True,accepted
20260511_090921,301730,nominal,processor,0110101,True,accepted
20260511_090921,301731,nominal,processor,0000011,True,accepted
20260511_090921,301732,nominal,processor,0001001,True,accepted
20260511_090921,301733,nominal,processor,0101110,True,accepted
20260511_090921,301734,nominal,processor,1100100,True,accepted
20260511_090921,301735,nominal,processor,,False,conditional_h_C_interval_empty
20260511_090921,301736,nominal,processor,,False,conditional_h_C_interval_empty
20260511_090921,301737,nominal,processor,0000010,True,accepted
20260511_090921,301738,nominal,processor,0001100,True,accepted
20260511_090921,301739,nominal,processor,1111111,True,accepted
20260511_090921,301740,nominal,processor,1100110,True,accepted
20260511_090921,301741,nominal,processor,0001111,True,accepted
20260511_090921,301742,nominal,processor,0000110,True,accepted
20260511_090921,301743,nominal,processor,,False,conditional_h_C_interval_empty
20260511_090921,301744,nominal,processor,,False,conditional_h_C_interval_empty
20260511_090921,301745,nominal,processor,0101111,True,accepted
20260511_090921,301746,nominal,processor,1110110,True,accepted
20260511_090921,301747,nominal,processor,0001100,True,accepted
20260511_090921,301748,nominal,processor,0100101,True,accepted
20260511_090921,301749,nominal,processor,1100111,True,accepted
20260511_090921,301750,nominal,processor,0100111,True,accepted
20260511_090921,301751,nominal,processor,,False,conditional_h_C_interval_empty
20260511_090921,301752,nominal,processor,1101111,True,accepted
20260511_090921,301753,nominal,processor,0001011,True,accepted
20260511_090921,301754,nominal,processor,0000100,True,accepted
20260511_090921,301755,nominal,processor,0111101,True,accepted
20260511_090921,301756,nominal,processor,,False,conditional_h_C_interval_empty
20260511_090921,301757,nominal,processor,0000111,True,accepted
20260511_090921,301758,nominal,processor,0001110,True,accepted
20260511_090921,301759,nominal,processor,,False,conditional_h_C_interval_empty
20260511_090921,301760,nominal,processor,,False,conditional_h_C_interval_empty
20260511_090921,301761,nominal,processor,0000110,True,accepted
20260511_090921,301762,nominal,processor,0100100,True,accepted
20260511_090921,301763,nominal,processor,1101100,True,accepted
20260511_090921,301764,nominal,processor,1111100,True,accepted
20260511_090921,301765,nominal,processor,0001100,True,accepted
20260511_090921,301766,nominal,processor,0000001,True,accepted
20260511_090921,301767,nominal,processor,,False,conditional_h_C_interval_empty
20260511_090921,301768,nominal,processor,,False,conditional_h_C_interval_empty
20260511_090921,301769,nominal,processor,0111110,True,accepted
20260511_090921,301770,nominal,processor,0101100,True,accepted
20260511_090921,301771,nominal,processor,0001000,True,accepted
20260511_090921,301772,nominal,processor,0000100,True,accepted
20260511_090921,301773,nominal,processor,0111100,True,accepted
20260511_090921,301774,nominal,processor,1110101,True,accepted
20260511_090921,301775,nominal,processor,,False,conditional_h_C_interval_empty
20260511_090921,301776,nominal,processor,,False,conditional_h_C_interval_empty
20260511_090921,301777,nominal,processor,0001111,True,accepted
20260511_090921,301778,nominal,processor,0001000,True,accepted
20260511_090921,301779,nominal,processor,0101110,True,accepted
20260511_090921,301780,nominal,processor,0110110,True,accepted
20260511_090921,301781,nominal,processor,0000010,True,accepted
20260511_090921,301782,nominal,processor,0001010,True,accepted
20260511_090921,301783,nominal,processor,1101101,True,accepted
20260511_090921,301784,nominal,processor,,False,conditional_h_C_interval_empty
20260511_090921,301785,nominal,processor,0100110,True,accepted
20260511_090921,301786,nominal,processor,1100101,True,accepted
20260511_090921,301787,nominal,processor,0100100,True,accepted
20260511_090921,301788,nominal,processor,0001101,True,accepted
20260511_090921,301789,nominal,processor,1111101,True,accepted
20260511_090921,301790,nominal,processor,0110101,True,accepted
20260511_090921,301791,nominal,processor,,False,conditional_h_C_interval_empty
20260511_090921,301792,nominal,processor,,False,conditional_h_C_interval_empty
20260511_090921,301793,nominal,processor,0111100,True,accepted
20260511_090921,301794,nominal,processor,1101111,True,accepted
20260511_090921,301795,nominal,processor,0001011,True,accepted
20260511_090921,301796,nominal,processor,0001110,True,accepted
20260511_090921,301797,nominal,processor,0111110,True,accepted
20260511_090921,301798,nominal,processor,0101101,True,accepted
20260511_090921,301799,nominal,processor,,False,conditional_h_C_interval_empty
20260511_090921,301800,nominal,processor,1110110,True,accepted
20260511_090921,301801,nominal,processor,0001100,True,accepted
20260511_090921,301802,nominal,processor,0000000,True,accepted
20260511_090921,301803,nominal,processor,0101111,True,accepted
20260511_090921,301804,nominal,processor,0101100,True,accepted
20260511_090921,301805,nominal,processor,0000110,True,accepted
20260511_090921,301806,nominal,processor,0100101,True,accepted
20260511_090921,301807,nominal,processor,,False,conditional_h_C_interval_empty
20260511_090921,301808,nominal,processor,,False,conditional_h_C_interval_empty
20260511_090921,301809,nominal,processor,1111111,True,accepted
20260511_090921,301810,nominal,processor,0110100,True,accepted
20260511_090921,301811,nominal,processor,0000010,True,accepted
20260511_090921,301812,nominal,processor,0000101,True,accepted
20260511_090921,301813,nominal,processor,0100110,True,accepted
20260511_090921,301814,nominal,processor,1100101,True,accepted
20260511_090921,301815,nominal,processor,,False,conditional_h_C_interval_empty
20260511_090921,301816,nominal,processor,0110110,True,accepted
20260511_090921,301817,nominal,processor,0000011,True,accepted
20260511_090921,301818,nominal,processor,0001010,True,accepted
20260511_090921,301819,nominal,processor,1101111,True,accepted
20260511_090921,301820,nominal,processor,,False,conditional_h_C_interval_empty
20260511_090921,301821,nominal,processor,0001110,True,accepted
20260511_090921,301822,nominal,processor,0001001,True,accepted
20260511_090921,301823,nominal,processor,,False,conditional_h_C_interval_empty
20260511_090921,301824,nominal,processor,,False,conditional_h_C_interval_empty
20260511_090921,301825,nominal,processor,0100100,True,accepted
20260511_090921,301826,nominal,processor,0000101,True,accepted
20260511_090921,301827,nominal,processor,0100110,True,accepted
20260511_090921,301828,nominal,processor,0110101,True,accepted
20260511_090921,301829,nominal,processor,0000001,True,accepted
20260511_090921,301830,nominal,processor,0001101,True,accepted
20260511_090921,301831,nominal,processor,,False,conditional_h_C_interval_empty
20260511_090921,301832,nominal,processor,,False,conditional_h_C_interval_empty
20260511_090921,301833,nominal,processor,0101110,True,accepted
20260511_090921,301834,nominal,processor,0111111,True,accepted
20260511_090921,301835,nominal,processor,0001111,True,accepted
20260511_090921,301836,nominal,processor,0001010,True,accepted
20260511_090921,301837,nominal,processor,1101101,True,accepted
20260511_090921,301838,nominal,processor,0110111,True,accepted
20260511_090921,301839,nominal,processor,,False,conditional_h_C_interval_empty
20260511_090921,301840,nominal,processor,,False,conditional_h_C_interval_empty
20260511_090921,301841,nominal,processor,0001000,True,accepted
20260511_090921,301842,nominal,processor,0001110,True,accepted
20260511_090921,301843,nominal,processor,,False,conditional_h_C_interval_empty
20260511_090921,301844,nominal,processor,1110100,True,accepted
20260511_090921,301845,nominal,processor,0001010,True,accepted
20260511_090921,301846,nominal,processor,0000100,True,accepted
20260511_090921,301847,nominal,processor,0110111,True,accepted
20260511_090921,301848,nominal,processor,,False,conditional_h_C_interval_empty
20260511_090921,301849,nominal,processor,1101100,True,accepted
20260511_090921,301850,nominal,processor,0100111,True,accepted
20260511_090921,301851,nominal,processor,0000111,True,accepted
20260511_090921,301852,nominal,processor,0000000,True,accepted
20260511_090921,301853,nominal,processor,0101110,True,accepted
20260511_090921,301854,nominal,processor,1111100,True,accepted
20260511_090921,301855,nominal,processor,,False,conditional_h_C_interval_empty
20260511_090921,301856,nominal,processor,,False,conditional_h_C_interval_empty
20260511_090921,301857,nominal,processor,0001010,True,accepted
20260511_090921,301858,nominal,processor,0000010,True,accepted
20260511_090921,301859,nominal,processor,,False,conditional_h_C_interval_empty
20260511_090921,301860,nominal,processor,0101110,True,accepted
20260511_090921,301861,nominal,processor,0001000,True,accepted
20260511_090921,301862,nominal,processor,0001111,True,accepted
20260511_090921,301863,nominal,processor,,False,conditional_h_C_interval_empty
20260511_090921,301864,nominal,processor,0000001,True,accepted
20260511_090921,301865,nominal,processor,0110100,True,accepted
20260511_090921,301866,nominal,processor,1111101,True,accepted
20260511_090921,301867,nominal,processor,0001101,True,accepted
20260511_090921,301868,nominal,processor,0100100,True,accepted
20260511_090921,301869,nominal,processor,1100101,True,accepted
20260511_090921,301870,nominal,processor,0100111,True,accepted
20260511_090921,301871,nominal,processor,,False,conditional_h_C_interval_empty
20260511_090921,301872,nominal,processor,,False,conditional_h_C_interval_empty
20260511_090921,301873,nominal,processor,0000001,True,accepted
20260511_090921,301874,nominal,processor,0001100,True,accepted
20260511_090921,301875,nominal,processor,1111100,True,accepted
20260511_090921,301876,nominal,processor,1101100,True,accepted
20260511_090921,301877,nominal,processor,0100100,True,accepted
20260511_090921,301878,nominal,processor,0000111,True,accepted
20260511_090921,301879,nominal,processor,0100111,True,accepted
20260511_090921,301880,nominal,processor,,False,conditional_h_C_interval_empty
20260511_090921,301881,nominal,processor,1110101,True,accepted
20260511_090921,301882,nominal,processor,0110111,True,accepted
20260511_090921,301883,nominal,processor,0000100,True,accepted
20260511_090921,301884,nominal,processor,0001000,True,accepted
20260511_090921,301885,nominal,processor,0101100,True,accepted
20260511_090921,301886,nominal,processor,0111110,True,accepted
20260511_090921,301887,nominal,processor,,False,conditional_h_C_interval_empty
20260511_090921,301888,nominal,processor,,False,conditional_h_C_interval_empty
20260511_090921,301889,nominal,processor,0101100,True,accepted
20260511_090921,301890,nominal,processor,1100111,True,accepted
20260511_090921,301891,nominal,processor,0100101,True,accepted
20260511_090921,301892,nominal,processor,0001100,True,accepted
20260511_090921,301893,nominal,processor,1110111,True,accepted
20260511_090921,301894,nominal,processor,0101111,True,accepted
20260511_090921,301895,nominal,processor,,False,conditional_h_C_interval_empty
20260511_090921,301896,nominal,processor,,False,conditional_h_C_interval_empty
20260511_090921,301897,nominal,processor,0001110,True,accepted
20260511_090921,301898,nominal,processor,0000111,True,accepted
20260511_090921,301899,nominal,processor,0101101,True,accepted
20260511_090921,301900,nominal,processor,0111101,True,accepted
20260511_090921,301901,nominal,processor,0000100,True,accepted
20260511_090921,301902,nominal,processor,0001011,True,accepted
20260511_090921,301903,nominal,processor,,False,conditional_h_C_interval_empty
20260511_090921,301904,nominal,processor,,False,conditional_h_C_interval_empty
20260511_090921,301905,nominal,processor,0111111,True,accepted
20260511_090921,301906,nominal,processor,0101110,True,accepted
20260511_090921,301907,nominal,processor,0001001,True,accepted
20260511_090921,301908,nominal,processor,0000011,True,accepted
20260511_090921,301909,nominal,processor,0110101,True,accepted
20260511_090921,301910,nominal,processor,1101110,True,accepted
20260511_090921,301911,nominal,processor,0001001,True,accepted
20260511_090921,301912,nominal,processor,,False,conditional_h_C_interval_empty
20260511_090921,301913,nominal,processor,0000110,True,accepted
20260511_090921,301914,nominal,processor,0001111,True,accepted
20260511_090921,301915,nominal,processor,1100110,True,accepted
20260511_090921,301916,nominal,processor,1111111,True,accepted
20260511_090921,301917,nominal,processor,0001100,True,accepted
20260511_090921,301918,nominal,processor,0000010,True,accepted
20260511_090921,301919,nominal,processor,,False,conditional_h_C_interval_empty
20260511_090921,301920,nominal,processor,,False,conditional_h_C_interval_empty
20260511_090921,301921,nominal,processor,0111100,True,accepted
20260511_090921,301922,nominal,processor,1110101,True,accepted
20260511_090921,301923,nominal,processor,0001010,True,accepted
20260511_090921,301924,nominal,processor,0001101,True,accepted
20260511_090921,301925,nominal,processor,0111110,True,accepted
20260511_090921,301926,nominal,processor,0101100,True,accepted
20260511_090921,301927,nominal,processor,,False,conditional_h_C_interval_empty
20260511_090921,301928,nominal,processor,1111100,True,accepted
20260511_090921,301929,nominal,processor,0001011,True,accepted
20260511_090921,301930,nominal,processor,0000001,True,accepted
20260511_090921,301931,nominal,processor,0101111,True,accepted
20260511_090921,301932,nominal,processor,0100111,True,accepted
20260511_090921,301933,nominal,processor,0000110,True,accepted
20260511_090921,301934,nominal,processor,0100100,True,accepted
20260511_090921,301935,nominal,processor,,False,conditional_h_C_interval_empty
20260511_090921,301936,nominal,processor,,False,conditional_h_C_interval_empty
20260511_090921,301937,nominal,processor,1111101,True,accepted
20260511_090921,301938,nominal,processor,0110100,True,accepted
20260511_090921,301939,nominal,processor,0000001,True,accepted
20260511_090921,301940,nominal,processor,0000101,True,accepted
20260511_090921,301941,nominal,processor,0100111,True,accepted
20260511_090921,301942,nominal,processor,1100101,True,accepted
20260511_090921,301943,nominal,processor,,False,conditional_h_C_interval_empty
20260511_090921,301944,nominal,processor,,False,conditional_h_C_interval_empty
20260511_090921,301945,nominal,processor,0000010,True,accepted
20260511_090921,301946,nominal,processor,0001010,True,accepted
20260511_090921,301947,nominal,processor,1101101,True,accepted
20260511_090921,301948,nominal,processor,,False,conditional_h_C_interval_empty
20260511_090921,301949,nominal,processor,0001111,True,accepted
20260511_090921,301950,nominal,processor,0001000,True,accepted
20260511_090921,301951,nominal,processor,,False,conditional_h_C_interval_empty
20260511_090921,301952,nominal,processor,,False,conditional_h_C_interval_empty
20260511_090921,301953,nominal,processor,0001111,True,accepted
20260511_090921,301954,nominal,processor,0000101,True,accepted
20260511_090921,301955,nominal,processor,0100110,True,accepted
20260511_090921,301956,nominal,processor,0101111,True,accepted
20260511_090921,301957,nominal,processor,0000010,True,accepted
20260511_090921,301958,nominal,processor,0001100,True,accepted
20260511_090921,301959,nominal,processor,1111110,True,accepted
20260511_090921,301960,nominal,processor,,False,conditional_h_C_interval_empty
20260511_090921,301961,nominal,processor,0101101,True,accepted
20260511_090921,301962,nominal,processor,1100100,True,accepted
20260511_090921,301963,nominal,processor,0001110,True,accepted
20260511_090921,301964,nominal,processor,0001001,True,accepted
20260511_090921,301965,nominal,processor,1101110,True,accepted
20260511_090921,301966,nominal,processor,0110110,True,accepted
20260511_090921,301967,nominal,processor,,False,conditional_h_C_interval_empty
20260511_090921,301968,nominal,processor,,False,conditional_h_C_interval_empty
20260511_090921,301969,nominal,processor,0000111,True,accepted
20260511_090921,301970,nominal,processor,0001110,True,accepted
20260511_090921,301971,nominal,processor,0111101,True,accepted
20260511_090921,301972,nominal,processor,1110100,True,accepted
20260511_090921,301973,nominal,processor,0001011,True,accepted
20260511_090921,301974,nominal,processor,0000100,True,accepted
20260511_090921,301975,nominal,processor,,False,conditional_h_C_interval_empty
20260511_090921,301976,nominal,processor,,False,conditional_h_C_interval_empty
20260511_090921,301977,nominal,processor,1100111,True,accepted
20260511_090921,301978,nominal,processor,0101100,True,accepted
20260511_090921,301979,nominal,processor,0000110,True,accepted
20260511_090921,301980,nominal,processor,0000000,True,accepted
20260511_090921,301981,nominal,processor,0101111,True,accepted
20260511_090921,301982,nominal,processor,1110111,True,accepted
20260511_090921,301983,nominal,processor,,False,conditional_h_C_interval_empty
20260511_090921,301984,nominal,processor,,False,conditional_h_C_interval_empty
20260511_090921,301985,nominal,processor,0001001,True,accepted
20260511_090921,301986,nominal,processor,0000011,True,accepted
20260511_090921,301987,nominal,processor,0110110,True,accepted
20260511_090921,301988,nominal,processor,0101101,True,accepted
20260511_090921,301989,nominal,processor,0001001,True,accepted
20260511_090921,301990,nominal,processor,0001110,True,accepted
20260511_090921,301991,nominal,processor,,False,conditional_h_C_interval_empty
20260511_090921,301992,nominal,processor,0000010,True,accepted
20260511_090921,301993,nominal,processor,0110100,True,accepted
20260511_090921,301994,nominal,processor,1111111,True,accepted
20260511_090921,301995,nominal,processor,0001100,True,accepted
20260511_090921,301996,nominal,processor,0001111,True,accepted
20260511_090921,301997,nominal,processor,1100110,True,accepted
20260511_090921,301998,nominal,processor,0100110,True,accepted
20260511_090921,301999,nominal,processor,,False,conditional_h_C_interval_empty
20260511_090921,302000,nominal,processor,,False,conditional_h_C_interval_empty
20260511_090921,302001,nominal,processor,0000000,True,accepted
20260511_090921,302002,nominal,processor,0001100,True,accepted
20260511_090921,302003,nominal,processor,1110110,True,accepted
20260511_090921,302004,nominal,processor,1100111,True,accepted
20260511_090921,302005,nominal,processor,0100101,True,accepted
20260511_090921,302006,nominal,processor,0000110,True,accepted
20260511_090921,302007,nominal,processor,0101100,True,accepted
20260511_090921,302008,nominal,processor,,False,conditional_h_C_interval_empty
20260511_090921,302009,nominal,processor,1101111,True,accepted
20260511_090921,302010,nominal,processor,0111100,True,accepted
20260511_090921,302011,nominal,processor,0000011,True,accepted
20260511_090921,302012,nominal,processor,0000111,True,accepted
20260511_090921,302013,nominal,processor,0101101,True,accepted
20260511_090921,302014,nominal,processor,0111101,True,accepted
20260511_090921,302015,nominal,processor,,False,conditional_h_C_interval_empty
20260511_090921,302016,nominal,processor,,False,conditional_h_C_interval_empty
20260511_090921,302017,nominal,processor,0100111,True,accepted
20260511_090921,302018,nominal,processor,1101100,True,accepted
20260511_090921,302019,nominal,processor,0100101,True,accepted
20260511_090921,302020,nominal,processor,0001011,True,accepted
20260511_090921,302021,nominal,processor,1110111,True,accepted
20260511_090921,302022,nominal,processor,0101110,True,accepted
20260511_090921,302023,nominal,processor,0000000,True,accepted
20260511_090921,302024,nominal,processor,,False,conditional_h_C_interval_empty
20260511_090921,302025,nominal,processor,0001110,True,accepted
20260511_090921,302026,nominal,processor,0001000,True,accepted
20260511_090921,302027,nominal,processor,0101100,True,accepted
20260511_090921,302028,nominal,processor,0110111,True,accepted
20260511_090921,302029,nominal,processor,0000100,True,accepted
20260511_090921,302030,nominal,processor,0001010,True,accepted
20260511_090921,302031,nominal,processor,1110100,True,accepted
20260511_090921,302032,nominal,processor,,False,conditional_h_C_interval_empty
20260511_090921,302033,nominal,processor,0111110,True,accepted
20260511_090921,302034,nominal,processor,0101110,True,accepted
20260511_090921,302035,nominal,processor,0001000,True,accepted
20260511_090921,302036,nominal,processor,0000011,True,accepted
20260511_090921,302037,nominal,processor,0110111,True,accepted
20260511_090921,302038,nominal,processor,1101110,True,accepted
20260511_090921,302039,nominal,processor,,False,conditional_h_C_interval_empty
20260511_090921,302040,nominal,processor,0100110,True,accepted
20260511_090921,302041,nominal,processor,0000101,True,accepted
20260511_090921,302042,nominal,processor,0001111,True,accepted
20260511_090921,302043,nominal,processor,1100100,True,accepted
20260511_090921,302044,nominal,processor,1111110,True,accepted
20260511_090921,302045,nominal,processor,0001101,True,accepted
20260511_090921,302046,nominal,processor,0000001,True,accepted
20260511_090921,302047,nominal,processor,,False,conditional_h_C_interval_empty
20260511_090921,302048,nominal,processor,,False,conditional_h_C_interval_empty
20260511_090921,302049,nominal,processor,0101111,True,accepted
20260511_090921,302050,nominal,processor,1110110,True,accepted
20260511_090921,302051,nominal,processor,0001100,True,accepted
20260511_090921,302052,nominal,processor,0100101,True,accepted
20260511_090921,302053,nominal,processor,1100111,True,accepted
20260511_090921,302054,nominal,processor,0101100,True,accepted
20260511_090921,302055,nominal,processor,0000110,True,accepted
20260511_090921,302056,nominal,processor,1101111,True,accepted
20260511_090921,302057,nominal,processor,0001011,True,accepted
20260511_090921,302058,nominal,processor,0000100,True,accepted
20260511_090921,302059,nominal,processor,0111100,True,accepted
20260511_090921,302060,nominal,processor,0101101,True,accepted
20260511_090921,302061,nominal,processor,0000111,True,accepted
20260511_090921,302062,nominal,processor,0001110,True,accepted
20260511_090921,302063,nominal,processor,,False,conditional_h_C_interval_empty
20260511_090921,302064,nominal,processor,,False,conditional_h_C_interval_empty
20260511_090921,302065,nominal,processor,1101110,True,accepted
20260511_090921,302066,nominal,processor,0110110,True,accepted
20260511_090921,302067,nominal,processor,0000011,True,accepted
20260511_090921,302068,nominal,processor,0001001,True,accepted
20260511_090921,302069,nominal,processor,0101101,True,accepted
20260511_090921,302070,nominal,processor,0111111,True,accepted
20260511_090921,302071,nominal,processor,0001110,True,accepted
20260511_090921,302072,nominal,processor,,False,conditional_h_C_interval_empty
20260511_090921,302073,nominal,processor,0000010,True,accepted
20260511_090921,302074,nominal,processor,0001101,True,accepted
20260511_090921,302075,nominal,processor,1111111,True,accepted
20260511_090921,302076,nominal,processor,1100101,True,accepted
20260511_090921,302077,nominal,processor,0001111,True,accepted
20260511_090921,302078,nominal,processor,0000101,True,accepted
20260511_090921,302079,nominal,processor,,False,conditional_h_C_interval_empty
20260511_090921,302080,nominal,processor,,False,conditional_h_C_interval_empty
20260511_090921,302081,nominal,processor,0001111,True,accepted
20260511_090921,302082,nominal,processor,0001000,True,accepted
20260511_090921,302083,nominal,processor,0101110,True,accepted
20260511_090921,302084,nominal,processor,0110111,True,accepted
20260511_090921,302085,nominal,processor,0000011,True,accepted
20260511_090921,302086,nominal,processor,0001010,True,accepted
20260511_090921,302087,nominal,processor,,False,conditional_h_C_interval_empty
20260511_090921,302088,nominal,processor,0000101,True,accepted
20260511_090921,302089,nominal,processor,0100110,True,accepted
20260511_090921,302090,nominal,processor,1100100,True,accepted
20260511_090921,302091,nominal,processor,0100100,True,accepted
20260511_090921,302092,nominal,processor,0001101,True,accepted
20260511_090921,302093,nominal,processor,1111110,True,accepted
20260511_090921,302094,nominal,processor,0110101,True,accepted
20260511_090921,302095,nominal,processor,0000001,True,accepted
20260511_090921,302096,nominal,processor,,False,conditional_h_C_interval_empty
20260511_090921,302097,nominal,processor,0000111,True,accepted
20260511_090921,302098,nominal,processor,0100100,True,accepted
20260511_090921,302099,nominal,processor,1101100,True,accepted
20260511_090921,302100,nominal,processor,1111100,True,accepted
20260511_090921,302101,nominal,processor,0001011,True,accepted
20260511_090921,302102,nominal,processor,0000000,True,accepted
20260511_090921,302103,nominal,processor,,False,conditional_h_C_interval_empty
20260511_090921,302104,nominal,processor,0001101,True,accepted
20260511_090921,302105,nominal,processor,0111110,True,accepted
20260511_090921,302106,nominal,processor,0101101,True,accepted
20260511_090921,302107,nominal,processor,0001000,True,accepted
20260511_090921,302108,nominal,processor,0000100,True,accepted
20260511_090921,302109,nominal,processor,0110111,True,accepted
20260511_090921,302110,nominal,processor,1110100,True,accepted
20260511_090921,302111,nominal,processor,,False,conditional_h_C_interval_empty
20260511_090921,302112,nominal,processor,,False,conditional_h_C_interval_empty
20260511_090921,302113,nominal,processor,0001101,True,accepted
20260511_090921,302114,nominal,processor,0000001,True,accepted
20260511_090921,302115,nominal,processor,0110100,True,accepted
20260511_090921,302116,nominal,processor,0100111,True,accepted
20260511_090921,302117,nominal,processor,0000101,True,accepted
20260511_090921,302118,nominal,processor,0100100,True,accepted
20260511_090921,302119,nominal,processor,,False,conditional_h_C_interval_empty
20260511_090921,302120,nominal,processor,0000010,True,accepted
20260511_090921,302121,nominal,processor,0110110,True,accepted
20260511_090921,302122,nominal,processor,1101101,True,accepted
20260511_090921,302123,nominal,processor,0001010,True,accepted
20260511_090921,302124,nominal,processor,0001111,True,accepted
20260511_090921,302125,nominal,processor,0111111,True,accepted
20260511_090921,302126,nominal,processor,0101110,True,accepted
20260511_090921,302127,nominal,processor,,False,conditional_h_C_interval_empty
20260511_090921,302128,nominal,processor,,False,conditional_h_C_interval_empty
20260511_090921,302129,nominal,processor,0000100,True,accepted
20260511_090921,302130,nominal,processor,0001011,True,accepted
20260511_090921,302131,nominal,processor,1110101,True,accepted
20260511_090921,302132,nominal,processor,0111110,True,accepted
20260511_090921,302133,nominal,processor,0001101,True,accepted
20260511_090921,302134,nominal,processor,0001000,True,accepted
20260511_090921,302135,nominal,processor,,False,conditional_h_C_interval_empty
20260511_090921,302136,nominal,processor,,False,conditional_h_C_interval_empty
20260511_090921,302137,nominal,processor,1111100,True,accepted
20260511_090921,302138,nominal,processor,0101111,True,accepted
20260511_090921,302139,nominal,processor,0000001,True,accepted
20260511_090921,302140,nominal,processor,0000111,True,accepted
20260511_090921,302141,nominal,processor,0100111,True,accepted
20260511_090921,302142,nominal,processor,1101100,True,accepted
20260511_090921,302143,nominal,processor,,False,conditional_h_C_interval_empty
20260511_090921,302144,nominal,processor,,False,conditional_h_C_interval_empty
20260511_090921,302145,nominal,processor,0101101,True,accepted
20260511_090921,302146,nominal,processor,0111101,True,accepted
20260511_090921,302147,nominal,processor,0001110,True,accepted
20260511_090921,302148,nominal,processor,0001011,True,accepted
20260511_090921,302149,nominal,processor,1101111,True,accepted
20260511_090921,302150,nominal,processor,0111101,True,accepted
20260511_090921,302151,nominal,processor,0000100,True,accepted
20260511_090921,302152,nominal,processor,,False,conditional_h_C_interval_empty
20260511_090921,302153,nominal,processor,0100101,True,accepted
20260511_090921,302154,nominal,processor,0000110,True,accepted
20260511_090921,302155,nominal,processor,0101100,True,accepted
20260511_090921,302156,nominal,processor,0101111,True,accepted
20260511_090921,302157,nominal,processor,0000000,True,accepted
20260511_090921,302158,nominal,processor,0001100,True,accepted
20260511_090921,302159,nominal,processor,,False,conditional_h_C_interval_empty
20260511_090921,302160,nominal,processor,,False,conditional_h_C_interval_empty
20260511_090921,302161,nominal,processor,1100110,True,accepted
20260511_090921,302162,nominal,processor,0100110,True,accepted
20260511_090921,302163,nominal,processor,0000110,True,accepted
20260511_090921,302164,nominal,processor,0000010,True,accepted
20260511_090921,302165,nominal,processor,0101111,True,accepted
20260511_090921,302166,nominal,processor,1111111,True,accepted
20260511_090921,302167,nominal,processor,0001100,True,accepted
20260511_090921,302168,nominal,processor,,False,conditional_h_C_interval_empty
20260511_090921,302169,nominal,processor,0001001,True,accepted
20260511_090921,302170,nominal,processor,0001110,True,accepted
20260511_090921,302171,nominal,processor,0111111,True,accepted
20260511_090921,302172,nominal,processor,1101110,True,accepted
20260511_090921,302173,nominal,processor,0001001,True,accepted
20260511_090921,302174,nominal,processor,0000011,True,accepted
20260511_090921,302175,nominal,processor,,False,conditional_h_C_interval_empty
20260511_090921,302176,nominal,processor,,False,conditional_h_C_interval_empty
20260511_090921,302177,nominal,processor,0101111,True,accepted
20260511_090921,302178,nominal,processor,1111100,True,accepted
20260511_090921,302179,nominal,processor,0001011,True,accepted
20260511_090921,302180,nominal,processor,0100100,True,accepted
20260511_090921,302181,nominal,processor,1101100,True,accepted
20260511_090921,302182,nominal,processor,0100111,True,accepted
20260511_090921,302183,nominal,processor,0000110,True,accepted
20260511_090921,302184,nominal,processor,1110101,True,accepted
20260511_090921,302185,nominal,processor,0001010,True,accepted
20260511_090921,302186,nominal,processor,0000100,True,accepted
20260511_090921,302187,nominal,processor,0111100,True,accepted
20260511_090921,302188,nominal,processor,0101100,True,accepted
20260511_090921,302189,nominal,processor,0000111,True,accepted
20260511_090921,302190,nominal,processor,0001101,True,accepted
20260511_090921,302191,nominal,processor,,False,conditional_h_C_interval_empty
20260511_090921,302192,nominal,processor,,False,conditional_h_C_interval_empty
20260511_090921,302193,nominal,processor,1101101,True,accepted
20260511_090921,302194,nominal,processor,0110110,True,accepted
20260511_090921,302195,nominal,processor,0000010,True,accepted
20260511_090921,302196,nominal,processor,0001000,True,accepted
20260511_090921,302197,nominal,processor,0101110,True,accepted
20260511_090921,302198,nominal,processor,0111111,True,accepted
20260511_090921,302199,nominal,processor,0001111,True,accepted
20260511_090921,302200,nominal,processor,,False,conditional_h_C_interval_empty
20260511_090921,302201,nominal,processor,0000001,True,accepted
20260511_090921,302202,nominal,processor,0001101,True,accepted
20260511_090921,302203,nominal,processor,1111101,True,accepted
20260511_090921,302204,nominal,processor,1100101,True,accepted
20260511_090921,302205,nominal,processor,0100100,True,accepted
20260511_090921,302206,nominal,processor,0000101,True,accepted
20260511_090921,302207,nominal,processor,,False,conditional_h_C_interval_empty
20260511_090921,302208,nominal,processor,,False,conditional_h_C_interval_empty
20260511_090921,302209,nominal,processor,0001110,True,accepted
20260511_090921,302210,nominal,processor,0001001,True,accepted
20260511_090921,302211,nominal,processor,0101101,True,accepted
20260511_090921,302212,nominal,processor,0110110,True,accepted
20260511_090921,302213,nominal,processor,0000011,True,accepted
20260511_090921,302214,nominal,processor,0001001,True,accepted
20260511_090921,302215,nominal,processor,,False,conditional_h_C_interval_empty
20260511_090921,302216,nominal,processor,0000101,True,accepted
20260511_090921,302217,nominal,processor,0100110,True,accepted
20260511_090921,302218,nominal,processor,1100110,True,accepted
20260511_090921,302219,nominal,processor,0001111,True,accepted
20260511_090921,302220,nominal,processor,0001100,True,accepted
20260511_090921,302221,nominal,processor,1111110,True,accepted
20260511_090921,302222,nominal,processor,0101111,True,accepted
20260511_090921,302223,nominal,processor,0000010,True,accepted
20260511_090921,302224,nominal,processor,,False,conditional_h_C_interval_empty
20260511_090921,302225,nominal,processor,0000110,True,accepted
20260511_090921,302226,nominal,processor,0100101,True,accepted
20260511_090921,302227,nominal,processor,1100111,True,accepted
20260511_090921,302228,nominal,processor,1110111,True,accepted
20260511_090921,302229,nominal,processor,0001100,True,accepted
20260511_090921,302230,nominal,processor,0000000,True,accepted
20260511_090921,302231,nominal,processor,,False,conditional_h_C_interval_empty
20260511_090921,302232,nominal,processor,,False,conditional_h_C_interval_empty
20260511_090921,302233,nominal,processor,0111101,True,accepted
20260511_090921,302234,nominal,processor,0101101,True,accepted
20260511_090921,302235,nominal,processor,0000111,True,accepted
20260511_090921,302236,nominal,processor,0000100,True,accepted
20260511_090921,302237,nominal,processor,0111100,True,accepted
20260511_090921,302238,nominal,processor,1110100,True,accepted
20260511_090921,302239,nominal,processor,,False,conditional_h_C_interval_empty
20260511_090921,302240,nominal,processor,,False,conditional_h_C_interval_empty
20260511_090921,302241,nominal,processor,0001100,True,accepted
20260511_090921,302242,nominal,processor,0000010,True,accepted
20260511_090921,302243,nominal,processor,0110100,True,accepted
20260511_090921,302244,nominal,processor,0100110,True,accepted
20260511_090921,302245,nominal,processor,0000101,True,accepted
20260511_090921,302246,nominal,processor,0001111,True,accepted
20260511_090921,302247,nominal,processor,,False,conditional_h_C_interval_empty
20260511_090921,302248,nominal,processor,0000011,True,accepted
20260511_090921,302249,nominal,processor,0110110,True,accepted
20260511_090921,302250,nominal,processor,1101110,True,accepted
20260511_090921,302251,nominal,processor,0001001,True,accepted
20260511_090921,302252,nominal,processor,0001110,True,accepted
20260511_090921,302253,nominal,processor,0111111,True,accepted
20260511_090921,302254,nominal,processor,0101101,True,accepted
20260511_090921,302255,nominal,processor,,False,conditional_h_C_interval_empty
20260511_090921,302256,nominal,processor,,False,conditional_h_C_interval_empty
20260511_090921,302257,nominal,processor,0000011,True,accepted
20260511_090921,302258,nominal,processor,0001011,True,accepted
20260511_090921,302259,nominal,processor,1101111,True,accepted
20260511_090921,302260,nominal,processor,0111101,True,accepted
20260511_090921,302261,nominal,processor,0001110,True,accepted
20260511_090921,302262,nominal,processor,0000111,True,accepted
20260511_090921,302263,nominal,processor,,False,conditional_h_C_interval_empty
20260511_090921,302264,nominal,processor,0001100,True,accepted
20260511_090921,302265,nominal,processor,1110110,True,accepted
20260511_090921,302266,nominal,processor,0101111,True,accepted
20260511_090921,302267,nominal,processor,0000000,True,accepted
20260511_090921,302268,nominal,processor,0000110,True,accepted
20260511_090921,302269,nominal,processor,0101100,True,accepted
20260511_090921,302270,nominal,processor,1100111,True,accepted
20260511_090921,302271,nominal,processor,,False,conditional_h_C_interval_empty
20260511_090921,302272,nominal,processor,,False,conditional_h_C_interval_empty
20260511_090921,302273,nominal,processor,0101100,True,accepted
20260511_090921,302274,nominal,processor,0111110,True,accepted
20260511_090921,302275,nominal,processor,0001110,True,accepted
20260511_090921,302276,nominal,processor,0001010,True,accepted
20260511_090921,302277,nominal,processor,1110100,True,accepted
20260511_090921,302278,nominal,processor,0110111,True,accepted
20260511_090921,302279,nominal,processor,0000100,True,accepted
20260511_090921,302280,nominal,processor,,False,conditional_h_C_interval_empty
20260511_090921,302281,nominal,processor,0100101,True,accepted
20260511_090921,302282,nominal,processor,0000111,True,accepted
20260511_090921,302283,nominal,processor,0100111,True,accepted
20260511_090921,302284,nominal,processor,0101110,True,accepted
20260511_090921,302285,nominal,processor,0000000,True,accepted
20260511_090921,302286,nominal,processor,0001011,True,accepted
20260511_090921,302287,nominal,processor,,False,conditional_h_C_interval_empty
20260511_090921,302288,nominal,processor,,False,conditional_h_C_interval_empty
20260511_090921,302289,nominal,processor,1100100,True,accepted
20260511_090921,302290,nominal,processor,0100110,True,accepted
20260511_090921,302291,nominal,processor,0000101,True,accepted
20260511_090921,302292,nominal,processor,0000001,True,accepted
20260511_090921,302293,nominal,processor,0110101,True,accepted
20260511_090921,302294,nominal,processor,1111110,True,accepted
20260511_090921,302295,nominal,processor,0001101,True,accepted
20260511_090921,302296,nominal,processor,,False,conditional_h_C_interval_empty
20260511_090921,302297,nominal,processor,0001000,True,accepted
20260511_090921,302298,nominal,processor,0001111,True,accepted
20260511_090921,302299,nominal,processor,0111110,True,accepted
20260511_090921,302300,nominal,processor,1101110,True,accepted
20260511_090921,302301,nominal,processor,0001010,True,accepted
20260511_090921,302302,nominal,processor,0000011,True,accepted
20260511_090921,302303,nominal,processor,,False,conditional_h_C_interval_empty
20260511_090921,302304,nominal,processor,,False,conditional_h_C_interval_empty
20260511_090921,302305,nominal,processor,0000000,True,accepted
20260511_090921,302306,nominal,processor,0001100,True,accepted
20260511_090921,302307,nominal,processor,1110111,True,accepted
20260511_090921,302308,nominal,processor,1100110,True,accepted
20260511_090921,302309,nominal,processor,0100101,True,accepted
20260511_090921,302310,nominal,processor,0000110,True,accepted
20260511_090921,302311,nominal,processor,,False,conditional_h_C_interval_empty
20260511_090921,302312,nominal,processor,0001011,True,accepted
20260511_090921,302313,nominal,processor,1101111,True,accepted
20260511_090921,302314,nominal,processor,0111100,True,accepted
20260511_090921,302315,nominal,processor,0000100,True,accepted
20260511_090921,302316,nominal,processor,0000111,True,accepted
20260511_090921,302317,nominal,processor,0101101,True,accepted
20260511_090921,302318,nominal,processor,0111101,True,accepted
20260511_090921,302319,nominal,processor,,False,conditional_h_C_interval_empty
20260511_090921,302320,nominal,processor,,False,conditional_h_C_interval_empty
20260511_090921,302321,nominal,processor,0001001,True,accepted
20260511_090921,302322,nominal,processor,0000011,True,accepted
20260511_090921,302323,nominal,processor,0110101,True,accepted
20260511_090921,302324,nominal,processor,0101110,True,accepted
20260511_090921,302325,nominal,processor,0001001,True,accepted
20260511_090921,302326,nominal,processor,0001110,True,accepted
20260511_090921,302327,nominal,processor,,False,conditional_h_C_interval_empty
20260511_090921,302328,nominal,processor,0000010,True,accepted
20260511_090921,302329,nominal,processor,0110100,True,accepted
20260511_090921,302330,nominal,processor,1111110,True,accepted
20260511_090921,302331,nominal,processor,0001100,True,accepted
20260511_090921,302332,nominal,processor,,False,conditional_h_C_interval_empty
20260511_090921,302333,nominal,processor,1100110,True,accepted
20260511_090921,302334,nominal,processor,0100110,True,accepted
20260511_090921,302335,nominal,processor,,False,conditional_h_C_interval_empty
20260511_090921,302336,nominal,processor,,False,conditional_h_C_interval_empty
20260511_090921,302337,nominal,processor,0111111,True,accepted
20260511_090921,302338,nominal,processor,0101110,True,accepted
20260511_090921,302339,nominal,processor,0001000,True,accepted
20260511_090921,302340,nominal,processor,0000010,True,accepted
20260511_090921,302341,nominal,processor,0110110,True,accepted
20260511_090921,302342,nominal,processor,1101101,True,accepted
20260511_090921,302343,nominal,processor,0001010,True,accepted
20260511_090921,302344,nominal,processor,,False,conditional_h_C_interval_empty
20260511_090921,302345,nominal,processor,0000101,True,accepted
20260511_090921,302346,nominal,processor,0100100,True,accepted
20260511_090921,302347,nominal,processor,1100101,True,accepted
20260511_090921,302348,nominal,processor,1111101,True,accepted
20260511_090921,302349,nominal,processor,0001101,True,accepted
20260511_090921,302350,nominal,processor,0000001,True,accepted
20260511_090921,302351,nominal,processor,,False,conditional_h_C_interval_empty
20260511_090921,302352,nominal,processor,,False,conditional_h_C_interval_empty
20260511_090921,302353,nominal,processor,0100111,True,accepted
20260511_090921,302354,nominal,processor,1101100,True,accepted
20260511_090921,302355,nominal,processor,0100100,True,accepted
20260511_090921,302356,nominal,processor,0001100,True,accepted
20260511_090921,302357,nominal,processor,1111100,True,accepted
20260511_090921,302358,nominal,processor,0101111,True,accepted
20260511_090921,302359,nominal,processor,0000001,True,accepted
20260511_090921,302360,nominal,processor,,False,conditional_h_C_interval_empty
20260511_090921,302361,nominal,processor,0001101,True,accepted
20260511_090921,302362,nominal,processor,0000111,True,accepted
20260511_090921,302363,nominal,processor,0101100,True,accepted
20260511_090921,302364,nominal,processor,0111100,True,accepted
20260511_090921,302365,nominal,processor,0000101,True,accepted
20260511_090921,302366,nominal,processor,0001010,True,accepted
20260511_090921,302367,nominal,processor,,False,conditional_h_C_interval_empty
20260511_090921,302368,nominal,processor,,False,conditional_h_C_interval_empty
20260511_090921,302369,nominal,processor,1111110,True,accepted
20260511_090921,302370,nominal,processor,0110101,True,accepted
20260511_090921,302371,nominal,processor,0000001,True,accepted
20260511_090921,302372,nominal,processor,0000101,True,accepted
20260511_090921,302373,nominal,processor,0100110,True,accepted
20260511_090921,302374,nominal,processor,1100100,True,accepted
20260511_090921,302375,nominal,processor,0100100,True,accepted
20260511_090921,302376,nominal,processor,,False,conditional_h_C_interval_empty
20260511_090921,302377,nominal,processor,0000011,True,accepted
20260511_090921,302378,nominal,processor,0001010,True,accepted
20260511_090921,302379,nominal,processor,1101101,True,accepted
20260511_090921,302380,nominal,processor,0111110,True,accepted
20260511_090921,302381,nominal,processor,0001111,True,accepted
20260511_090921,302382,nominal,processor,0001000,True,accepted
20260511_090921,302383,nominal,processor,,False,conditional_h_C_interval_empty
20260511_090921,302384,nominal,processor,0000100,True,accepted
20260511_090921,302385,nominal,processor,0110111,True,accepted
20260511_090921,302386,nominal,processor,1110100,True,accepted
20260511_090921,302387,nominal,processor,0001010,True,accepted
20260511_090921,302388,nominal,processor,0001110,True,accepted
20260511_090921,302389,nominal,processor,0111110,True,accepted
20260511_090921,302390,nominal,processor,0101100,True,accepted
20260511_090921,302391,nominal,processor,0001000,True,accepted
20260511_090921,302392,nominal,processor,,False,conditional_h_C_interval_empty
20260511_090921,302393,nominal,processor,0001011,True,accepted
20260511_090921,302394,nominal,processor,0000000,True,accepted
20260511_090921,302395,nominal,processor,0101110,True,accepted
20260511_090921,302396,nominal,processor,0100111,True,accepted
20260511_090921,302397,nominal,processor,0000111,True,accepted
20260511_090921,302398,nominal,processor,0100101,True,accepted
20260511_090921,302399,nominal,processor,,False,conditional_h_C_interval_empty
20260511_090921,302400,nominal,processor,,False,conditional_h_C_interval_empty
20260511_090921,302401,nominal,processor,0000111,True,accepted
20260511_090921,302402,nominal,processor,0001110,True,accepted
20260511_090921,302403,nominal,processor,0111101,True,accepted
20260511_090921,302404,nominal,processor,1101111,True,accepted
20260511_090921,302405,nominal,processor,0001011,True,accepted
20260511_090921,302406,nominal,processor,0000011,True,accepted
20260511_090921,302407,nominal,processor,,False,conditional_h_C_interval_empty
20260511_090921,302408,nominal,processor,0100101,True,accepted
20260511_090921,302409,nominal,processor,1100111,True,accepted
20260511_090921,302410,nominal,processor,0101100,True,accepted
20260511_090921,302411,nominal,processor,0000110,True,accepted
20260511_090921,302412,nominal,processor,0000000,True,accepted
20260511_090921,302413,nominal,processor,0101111,True,accepted
20260511_090921,302414,nominal,processor,1110110,True,accepted
20260511_090921,302415,nominal,processor,,False,conditional_h_C_interval_empty
20260511_090921,302416,nominal,processor,,False,conditional_h_C_interval_empty
20260511_090921,302417,nominal,processor,0001111,True,accepted
20260511_090921,302418,nominal,processor,0000101,True,accepted
20260511_090921,302419,nominal,processor,0100110,True,accepted
20260511_090921,302420,nominal,processor,0110100,True,accepted
20260511_090921,302421,nominal,processor,0000010,True,accepted
20260511_090921,302422,nominal,processor,0001100,True,accepted
20260511_090921,302423,nominal,processor,,False,conditional_h_C_interval_empty
20260511_090921,302424,nominal,processor,,False,conditional_h_C_interval_empty
20260511_090921,302425,nominal,processor,0101101,True,accepted
20260511_090921,302426,nominal,processor,0111111,True,accepted
20260511_090921,302427,nominal,processor,0001110,True,accepted
20260511_090921,302428,nominal,processor,0001001,True,accepted
20260511_090921,302429,nominal,processor,1101110,True,accepted
20260511_090921,302430,nominal,processor,0110110,True,accepted
20260511_090921,302431,nominal,processor,,False,conditional_h_C_interval_empty
20260511_090921,302432,nominal,processor,,False,conditional_h_C_interval_empty
20260511_090921,302433,nominal,processor,0000000,True,accepted
20260511_090921,302434,nominal,processor,0001011,True,accepted
20260511_090921,302435,nominal,processor,1111100,True,accepted
20260511_090921,302436,nominal,processor,1101100,True,accepted
20260511_090921,302437,nominal,processor,0100101,True,accepted
20260511_090921,302438,nominal,processor,0000111,True,accepted
20260511_090921,302439,nominal,processor,,False,conditional_h_C_interval_empty
20260511_090921,302440,nominal,processor,0001010,True,accepted
20260511_090921,302441,nominal,processor,1110100,True,accepted
20260511_090921,302442,nominal,processor,0110111,True,accepted
20260511_090921,302443,nominal,processor,0000100,True,accepted
20260511_090921,302444,nominal,processor,0001000,True,accepted
20260511_090921,302445,nominal,processor,0101100,True,accepted
20260511_090921,302446,nominal,processor,0111110,True,accepted
20260511_090921,302447,nominal,processor,,False,conditional_h_C_interval_empty
20260511_090921,302448,nominal,processor,,False,conditional_h_C_interval_empty
20260511_090921,302449,nominal,processor,0001010,True,accepted
20260511_090921,302450,nominal,processor,0000011,True,accepted
20260511_090921,302451,nominal,processor,0110111,True,accepted
20260511_090921,302452,nominal,processor,0101110,True,accepted
20260511_090921,302453,nominal,processor,0001000,True,accepted
20260511_090921,302454,nominal,processor,0001111,True,accepted
20260511_090921,302455,nominal,processor,,False,conditional_h_C_interval_empty
20260511_090921,302456,nominal,processor,0000001,True,accepted
20260511_090921,302457,nominal,processor,0110101,True,accepted
20260511_090921,302458,nominal,processor,1111101,True,accepted
20260511_090921,302459,nominal,processor,0001101,True,accepted
20260511_090921,302460,nominal,processor,0100100,True,accepted
20260511_090921,302461,nominal,processor,1100101,True,accepted
20260511_090921,302462,nominal,processor,0100110,True,accepted
20260511_090921,302463,nominal,processor,,False,conditional_h_C_interval_empty
20260511_090921,302464,nominal,processor,,False,conditional_h_C_interval_empty
20260511_090921,302465,nominal,processor,0111111,True,accepted
20260511_090921,302466,nominal,processor,0101101,True,accepted
20260511_090921,302467,nominal,processor,0001001,True,accepted
20260511_090921,302468,nominal,processor,0000011,True,accepted
20260511_090921,302469,nominal,processor,0110110,True,accepted
20260511_090921,302470,nominal,processor,1101110,True,accepted
20260511_090921,302471,nominal,processor,0001010,True,accepted
20260511_090921,302472,nominal,processor,,False,conditional_h_C_interval_empty
20260511_090921,302473,nominal,processor,0000101,True,accepted
20260511_090921,302474,nominal,processor,0001111,True,accepted
20260511_090921,302475,nominal,processor,1100101,True,accepted
20260511_090921,302476,nominal,processor,1111111,True,accepted
20260511_090921,302477,nominal,processor,0001101,True,accepted
20260511_090921,302478,nominal,processor,0000010,True,accepted
20260511_090921,302479,nominal,processor,,False,conditional_h_C_interval_empty
20260511_090921,302480,nominal,processor,,False,conditional_h_C_interval_empty
20260511_090921,302481,nominal,processor,0101100,True,accepted
20260511_090921,302482,nominal,processor,1101100,True,accepted
20260511_090921,302483,nominal,processor,0100101,True,accepted
20260511_090921,302484,nominal,processor,0001100,True,accepted
20260511_090921,302485,nominal,processor,1110110,True,accepted
20260511_090921,302486,nominal,processor,0101111,True,accepted
20260511_090921,302487,nominal,processor,0000000,True,accepted
20260511_090921,302488,nominal,processor,,False,conditional_h_C_interval_empty
20260511_090921,302489,nominal,processor,0001110,True,accepted
20260511_090921,302490,nominal,processor,0000111,True,accepted
20260511_090921,302491,nominal,processor,0101101,True,accepted
20260511_090921,302492,nominal,processor,0111100,True,accepted
20260511_090921,302493,nominal,processor,0000100,True,accepted
20260511_090921,302494,nominal,processor,0001011,True,accepted
20260511_090921,302495,nominal,processor,,False,conditional_h_C_interval_empty
20260511_090921,302496,nominal,processor,,False,conditional_h_C_interval_empty
20260511_090921,302497,nominal,processor,1111111,True,accepted
20260511_090921,302498,nominal,processor,0101111,True,accepted
20260511_090921,302499,nominal,processor,0000010,True,accepted
20260511_090921,302500,nominal,processor,0000110,True,accepted
20260511_090921,302501,nominal,processor,0100110,True,accepted
20260511_090921,302502,nominal,processor,1100110,True,accepted
20260511_090921,302503,nominal,processor,,False,conditional_h_C_interval_empty
20260511_090921,302504,nominal,processor,,False,conditional_h_C_interval_empty
20260511_090921,302505,nominal,processor,0000011,True,accepted
20260511_090921,302506,nominal,processor,0001001,True,accepted
20260511_090921,302507,nominal,processor,1101110,True,accepted
20260511_090921,302508,nominal,processor,1100100,True,accepted
20260511_090921,302509,nominal,processor,0001110,True,accepted
20260511_090921,302510,nominal,processor,0001001,True,accepted
20260511_090921,302511,nominal,processor,,False,conditional_h_C_interval_empty
20260511_090921,302512,nominal,processor,,False,conditional_h_C_interval_empty
20260511_090921,302513,nominal,processor,0111101,True,accepted
20260511_090921,302514,nominal,processor,1101111,True,accepted
20260511_090921,302515,nominal,processor,0001011,True,accepted
20260511_090921,302516,nominal,processor,0001110,True,accepted
20260511_090921,302517,nominal,processor,0111101,True,accepted
20260511_090921,302518,nominal,processor,0101101,True,accepted
20260511_090921,302519,nominal,processor,0000111,True,accepted
20260511_090921,302520,nominal,processor,,False,conditional_h_C_interval_empty
20260511_090921,302521,nominal,processor,0001100,True,accepted
20260511_090921,302522,nominal,processor,0000000,True,accepted
20260511_090921,302523,nominal,processor,0101111,True,accepted
20260511_090921,302524,nominal,processor,0100111,True,accepted
20260511_090921,302525,nominal,processor,0000110,True,accepted
20260511_090921,302526,nominal,processor,0100101,True,accepted
20260511_090921,302527,nominal,processor,,False,conditional_h_C_interval_empty
20260511_090921,302528,nominal,processor,,False,conditional_h_C_interval_empty
20260511_090921,302529,nominal,processor,0001000,True,accepted
20260511_090921,302530,nominal,processor,0001101,True,accepted
20260511_090921,302531,nominal,processor,0111110,True,accepted
20260511_090921,302532,nominal,processor,1110101,True,accepted
20260511_090921,302533,nominal,processor,0001011,True,accepted
20260511_090921,302534,nominal,processor,0000100,True,accepted
20260511_090921,302535,nominal,processor,,False,conditional_h_C_interval_empty
20260511_090921,302536,nominal,processor,0100100,True,accepted
20260511_090921,302537,nominal,processor,1101100,True,accepted
20260511_090921,302538,nominal,processor,0100111,True,accepted
20260511_090921,302539,nominal,processor,0000110,True,accepted
20260511_090921,302540,nominal,processor,0000001,True,accepted
20260511_090921,302541,nominal,processor,0101111,True,accepted
20260511_090921,302542,nominal,processor,1111100,True,accepted
20260511_090921,302543,nominal,processor,,False,conditional_h_C_interval_empty
20260511_090921,302544,nominal,processor,,False,conditional_h_C_interval_empty
20260511_090921,302545,nominal,processor,0100100,True,accepted
20260511_090921,302546,nominal,processor,0000101,True,accepted
20260511_090921,302547,nominal,processor,0100110,True,accepted
20260511_090921,302548,nominal,processor,0110101,True,accepted
20260511_090921,302549,nominal,processor,0000001,True,accepted
20260511_090921,302550,nominal,processor,0001101,True,accepted
20260511_090921,302551,nominal,processor,,False,conditional_h_C_interval_empty
20260511_090921,302552,nominal,processor,,False,conditional_h_C_interval_empty
20260511_090921,302553,nominal,processor,0101110,True,accepted
20260511_090921,302554,nominal,processor,0111111,True,accepted
20260511_090921,302555,nominal,processor,0001111,True,accepted
20260511_090921,302556,nominal,processor,0001010,True,accepted
20260511_090921,302557,nominal,processor,1101101,True,accepted
20260511_090921,302558,nominal,processor,0110110,True,accepted
20260511_090921,302559,nominal,processor,,False,conditional_h_C_interval_empty
20260511_090921,302560,nominal,processor,,False,conditional_h_C_interval_empty
20260511_090921,302561,nominal,processor,1110111,True,accepted
20260511_090921,302562,nominal,processor,0101111,True,accepted
20260511_090921,302563,nominal,processor,0000000,True,accepted
20260511_090921,302564,nominal,processor,0000110,True,accepted
20260511_090921,302565,nominal,processor,0101100,True,accepted
20260511_090921,302566,nominal,processor,1100111,True,accepted
20260511_090921,302567,nominal,processor,,False,conditional_h_C_interval_empty
20260511_090921,302568,nominal,processor,0111101,True,accepted
20260511_090921,302569,nominal,processor,0000100,True,accepted
20260511_090921,302570,nominal,processor,0001011,True,accepted
20260511_090921,302571,nominal,processor,1101111,True,accepted
20260511_090921,302572,nominal,processor,,False,conditional_h_C_interval_empty
20260511_090921,302573,nominal,processor,0001110,True,accepted
20260511_090921,302574,nominal,processor,0000111,True,accepted
20260511_090921,302575,nominal,processor,,False,conditional_h_C_interval_empty
20260511_090921,302576,nominal,processor,,False,conditional_h_C_interval_empty
20260511_090921,302577,nominal,processor,0110101,True,accepted
20260511_090921,302578,nominal,processor,1101110,True,accepted
20260511_090921,302579,nominal,processor,0001001,True,accepted
20260511_090921,302580,nominal,processor,0001110,True,accepted
20260511_090921,302581,nominal,processor,0111111,True,accepted
20260511_090921,302582,nominal,processor,0101110,True,accepted
20260511_090921,302583,nominal,processor,,False,conditional_h_C_interval_empty
20260511_090921,302584,nominal,processor,,False,conditional_h_C_interval_empty
20260511_090921,302585,nominal,processor,0001100,True,accepted
20260511_090921,302586,nominal,processor,0000010,True,accepted
20260511_090921,302587,nominal,processor,0101111,True,accepted
20260511_090921,302588,nominal,processor,0100110,True,accepted
20260511_090921,302589,nominal,processor,0000110,True,accepted
20260511_090921,302590,nominal,processor,0001111,True,accepted
20260511_090921,302591,nominal,processor,,False,conditional_h_C_interval_empty
20260511_090921,302592,nominal,processor,,False,conditional_h_C_interval_empty
20260511_090921,302593,nominal,processor,0001000,True,accepted
20260511_090921,302594,nominal,processor,0001111,True,accepted
20260511_090921,302595,nominal,processor,,False,conditional_h_C_interval_empty
20260511_090921,302596,nominal,processor,1101101,True,accepted
20260511_090921,302597,nominal,processor,0001010,True,accepted
20260511_090921,302598,nominal,processor,0000010,True,accepted
20260511_090921,302599,nominal,processor,0110110,True,accepted
20260511_090921,302600,nominal,processor,,False,conditional_h_C_interval_empty
20260511_090921,302601,nominal,processor,1100101,True,accepted
20260511_090921,302602,nominal,processor,0100111,True,accepted
20260511_090921,302603,nominal,processor,0000101,True,accepted
20260511_090921,302604,nominal,processor,0000001,True,accepted
20260511_090921,302605,nominal,processor,0110100,True,accepted
20260511_090921,302606,nominal,processor,1111101,True,accepted
20260511_090921,302607,nominal,processor,,False,conditional_h_C_interval_empty
20260511_090921,302608,nominal,processor,,False,conditional_h_C_interval_empty
20260511_090921,302609,nominal,processor,0100100,True,accepted
20260511_090921,302610,nominal,processor,0000110,True,accepted
20260511_090921,302611,nominal,processor,0100111,True,accepted
20260511_090921,302612,nominal,processor,0101111,True,accepted
20260511_090921,302613,nominal,processor,0000001,True,accepted
20260511_090921,302614,nominal,processor,0001100,True,accepted
20260511_090921,302615,nominal,processor,1111100,True,accepted
20260511_090921,302616,nominal,processor,,False,conditional_h_C_interval_empty
20260511_090921,302617,nominal,processor,0101100,True,accepted
20260511_090921,302618,nominal,processor,0111110,True,accepted
20260511_090921,302619,nominal,processor,0001101,True,accepted
20260511_090921,302620,nominal,processor,0001011,True,accepted
20260511_090921,302621,nominal,processor,1110101,True,accepted
20260511_090921,302622,nominal,processor,0110111,True,accepted
20260511_090921,302623,nominal,processor,,False,conditional_h_C_interval_empty
20260511_090921,302624,nominal,processor,,False,conditional_h_C_interval_empty
20260511_090921,302625,nominal,processor,0000010,True,accepted
20260511_090921,302626,nominal,processor,0001101,True,accepted
20260511_090921,302627,nominal,processor,1111110,True,accepted
20260511_090921,302628,nominal,processor,1100100,True,accepted
20260511_090921,302629,nominal,processor,0100100,True,accepted
20260511_090921,302630,nominal,processor,0000101,True,accepted
20260511_090921,302631,nominal,processor,,False,conditional_h_C_interval_empty
20260511_090921,302632,nominal,processor,0001010,True,accepted
20260511_090921,302633,nominal,processor,1101101,True,accepted
20260511_090921,302634,nominal,processor,0110111,True,accepted
20260511_090921,302635,nominal,processor,0000011,True,accepted
20260511_090921,302636,nominal,processor,0001000,True,accepted
20260511_090921,302637,nominal,processor,0101110,True,accepted
20260511_090921,302638,nominal,processor,0111111,True,accepted
20260511_090921,302639,nominal,processor,,False,conditional_h_C_interval_empty
20260511_090921,302640,nominal,processor,,False,conditional_h_C_interval_empty
20260511_090921,302641,nominal,processor,0001010,True,accepted
20260511_090921,302642,nominal,processor,0000100,True,accepted
20260511_090921,302643,nominal,processor,0110111,True,accepted
20260511_090921,302644,nominal,processor,0101101,True,accepted
20260511_090921,302645,nominal,processor,0001000,True,accepted
20260511_090921,302646,nominal,processor,0001110,True,accepted
20260511_090921,302647,nominal,processor,0111110,True,accepted
20260511_090921,302648,nominal,processor,,False,conditional_h_C_interval_empty
20260511_090921,302649,nominal,processor,0101110,True,accepted
20260511_090921,302650,nominal,processor,1111100,True,accepted
20260511_090921,302651,nominal,processor,0001011,True,accepted
20260511_090921,302652,nominal,processor,0100100,True,accepted
20260511_090921,302653,nominal,processor,1101100,True,accepted
20260511_090921,302654,nominal,processor,0100111,True,accepted
20260511_090921,302655,nominal,processor,,False,conditional_h_C_interval_empty
20260511_090921,302656,nominal,processor,,False,conditional_h_C_interval_empty
20260511_090921,302657,nominal,processor,0111101,True,accepted
20260511_090921,302658,nominal,processor,0101101,True,accepted
20260511_090921,302659,nominal,processor,0000111,True,accepted
20260511_090921,302660,nominal,processor,0000100,True,accepted
20260511_090921,302661,nominal,processor,0111100,True,accepted
20260511_090921,302662,nominal,processor,1101111,True,accepted
20260511_090921,302663,nominal,processor,,False,conditional_h_C_interval_empty
20260511_090921,302664,nominal,processor,0101100,True,accepted
20260511_090921,302665,nominal,processor,0000110,True,accepted
20260511_090921,302666,nominal,processor,0100101,True,accepted
20260511_090921,302667,nominal,processor,1100111,True,accepted
20260511_090921,302668,nominal,processor,1110110,True,accepted
20260511_090921,302669,nominal,processor,0001100,True,accepted
20260511_090921,302670,nominal,processor,0000000,True,accepted
20260511_090921,302671,nominal,processor,,False,conditional_h_C_interval_empty
20260511_090921,302672,nominal,processor,,False,conditional_h_C_interval_empty
20260511_090921,302673,nominal,processor,0100110,True,accepted
20260511_090921,302674,nominal,processor,1100110,True,accepted
20260511_090921,302675,nominal,processor,0001111,True,accepted
20260511_090921,302676,nominal,processor,0001101,True,accepted
20260511_090921,302677,nominal,processor,1111111,True,accepted
20260511_090921,302678,nominal,processor,0110100,True,accepted
20260511_090921,302679,nominal,processor,0000010,True,accepted
20260511_090921,302680,nominal,processor,,False,conditional_h_C_interval_empty
20260511_090921,302681,nominal,processor,0001110,True,accepted
20260511_090921,302682,nominal,processor,0001001,True,accepted
20260511_090921,302683,nominal,processor,0101101,True,accepted
20260511_090921,302684,nominal,processor,0110110,True,accepted
20260511_090921,302685,nominal,processor,0000011,True,accepted
20260511_090921,302686,nominal,processor,0001010,True,accepted
20260511_090921,302687,nominal,processor,,False,conditional_h_C_interval_empty
20260511_090921,302688,nominal,processor,,False,conditional_h_C_interval_empty
20260511_090921,302689,nominal,processor,1111100,True,accepted
20260511_090921,302690,nominal,processor,0101110,True,accepted
20260511_090921,302691,nominal,processor,0000000,True,accepted
20260511_090921,302692,nominal,processor,0000111,True,accepted
20260511_090921,302693,nominal,processor,0100111,True,accepted
20260511_090921,302694,nominal,processor,1101100,True,accepted
20260511_090921,302695,nominal,processor,,False,conditional_h_C_interval_empty
20260511_090921,302696,nominal,processor,0110111,True,accepted
20260511_090921,302697,nominal,processor,0000100,True,accepted
20260511_090921,302698,nominal,processor,0001010,True,accepted
20260511_090921,302699,nominal,processor,1110100,True,accepted
20260511_090921,302700,nominal,processor,0111110,True,accepted
20260511_090921,302701,nominal,processor,0001110,True,accepted
20260511_090921,302702,nominal,processor,0001000,True,accepted
20260511_090921,302703,nominal,processor,,False,conditional_h_C_interval_empty
20260511_090921,302704,nominal,processor,,False,conditional_h_C_interval_empty
20260511_090921,302705,nominal,processor,0110111,True,accepted
20260511_090921,302706,nominal,processor,1101110,True,accepted
20260511_090921,302707,nominal,processor,0001010,True,accepted
20260511_090921,302708,nominal,processor,0001111,True,accepted
20260511_090921,302709,nominal,processor,0111110,True,accepted
20260511_090921,302710,nominal,processor,0101110,True,accepted
20260511_090921,302711,nominal,processor,,False,conditional_h_C_interval_empty
20260511_090921,302712,nominal,processor,1111110,True,accepted
20260511_090921,302713,nominal,processor,0001101,True,accepted
20260511_090921,302714,nominal,processor,0000001,True,accepted
20260511_090921,302715,nominal,processor,0110101,True,accepted
20260511_090921,302716,nominal,processor,,False,conditional_h_C_interval_empty
20260511_090921,302717,nominal,processor,0000101,True,accepted
20260511_090921,302718,nominal,processor,0001111,True,accepted
20260511_090921,302719,nominal,processor,,False,conditional_h_C_interval_empty
20260511_090921,302720,nominal,processor,,False,conditional_h_C_interval_empty
20260511_090921,302721,nominal,processor,0001001,True,accepted
20260511_090921,302722,nominal,processor,0001110,True,accepted
20260511_090921,302723,nominal,processor,,False,conditional_h_C_interval_empty
20260511_090921,302724,nominal,processor,1101110,True,accepted
20260511_090921,302725,nominal,processor,0001001,True,accepted
20260511_090921,302726,nominal,processor,0000011,True,accepted
20260511_090921,302727,nominal,processor,,False,conditional_h_C_interval_empty
20260511_090921,302728,nominal,processor,0001111,True,accepted
20260511_090921,302729,nominal,processor,1100110,True,accepted
20260511_090921,302730,nominal,processor,0100110,True,accepted
20260511_090921,302731,nominal,processor,0000101,True,accepted
20260511_090921,302732,nominal,processor,0000010,True,accepted
20260511_090921,302733,nominal,processor,0110100,True,accepted
20260511_090921,302734,nominal,processor,1111111,True,accepted
20260511_090921,302735,nominal,processor,,False,conditional_h_C_interval_empty
20260511_090921,302736,nominal,processor,,False,conditional_h_C_interval_empty
20260511_090921,302737,nominal,processor,0100101,True,accepted
20260511_090921,302738,nominal,processor,0000110,True,accepted
20260511_090921,302739,nominal,processor,0101100,True,accepted
20260511_090921,302740,nominal,processor,0101111,True,accepted
20260511_090921,302741,nominal,processor,0000000,True,accepted
20260511_090921,302742,nominal,processor,0001100,True,accepted
20260511_090921,302743,nominal,processor,1110110,True,accepted
20260511_090921,302744,nominal,processor,,False,conditional_h_C_interval_empty
20260511_090921,302745,nominal,processor,0101101,True,accepted
20260511_090921,302746,nominal,processor,0111101,True,accepted
20260511_090921,302747,nominal,processor,0001110,True,accepted
20260511_090921,302748,nominal,processor,0001011,True,accepted
20260511_090921,302749,nominal,processor,1101111,True,accepted
20260511_090921,302750,nominal,processor,0111100,True,accepted
20260511_090921,302751,nominal,processor,,False,conditional_h_C_interval_empty
20260511_090921,302752,nominal,processor,,False,conditional_h_C_interval_empty
20260511_090921,302753,nominal,processor,0000010,True,accepted
20260511_090921,302754,nominal,processor,0001100,True,accepted
20260511_090921,302755,nominal,processor,1111110,True,accepted
20260511_090921,302756,nominal,processor,1100110,True,accepted
20260511_090921,302757,nominal,processor,0001111,True,accepted
20260511_090921,302758,nominal,processor,0000110,True,accepted
20260511_090921,302759,nominal,processor,0100110,True,accepted
20260511_090921,302760,nominal,processor,,False,conditional_h_C_interval_empty
20260511_090921,302761,nominal,processor,1101110,True,accepted
20260511_090921,302762,nominal,processor,0110110,True,accepted
20260511_090921,302763,nominal,processor,0000011,True,accepted
20260511_090921,302764,nominal,processor,0001001,True,accepted
20260511_090921,302765,nominal,processor,0101110,True,accepted
20260511_090921,302766,nominal,processor,1100100,True,accepted
20260511_090921,302767,nominal,processor,,False,conditional_h_C_interval_empty
20260511_090921,302768,nominal,processor,,False,conditional_h_C_interval_empty
20260511_090921,302769,nominal,processor,0001011,True,accepted
20260511_090921,302770,nominal,processor,0000100,True,accepted
20260511_090921,302771,nominal,processor,0111100,True,accepted
20260511_090921,302772,nominal,processor,0101101,True,accepted
20260511_090921,302773,nominal,processor,0000111,True,accepted
20260511_090921,302774,nominal,processor,0001110,True,accepted
20260511_090921,302775,nominal,processor,,False,conditional_h_C_interval_empty
20260511_090921,302776,nominal,processor,,False,conditional_h_C_interval_empty
20260511_090921,302777,nominal,processor,0101111,True,accepted
20260511_090921,302778,nominal,processor,1110111,True,accepted
20260511_090921,302779,nominal,processor,0001100,True,accepted
20260511_090921,302780,nominal,processor,0100101,True,accepted
20260511_090921,302781,nominal,processor,1100111,True,accepted
20260511_090921,302782,nominal,processor,0101100,True,accepted
20260511_090921,302783,nominal,processor,,False,conditional_h_C_interval_empty
20260511_090921,302784,nominal,processor,,False,conditional_h_C_interval_empty
20260511_090921,302785,nominal,processor,0111110,True,accepted
20260511_090921,302786,nominal,processor,0101100,True,accepted
20260511_090921,302787,nominal,processor,0000111,True,accepted
20260511_090921,302788,nominal,processor,0000100,True,accepted
20260511_090921,302789,nominal,processor,0111100,True,accepted
20260511_090921,302790,nominal,processor,1110101,True,accepted
20260511_090921,302791,nominal,processor,,False,conditional_h_C_interval_empty
20260511_090921,302792,nominal,processor,0100111,True,accepted
20260511_090921,302793,nominal,processor,0000110,True,accepted
20260511_090921,302794,nominal,processor,0100100,True,accepted
20260511_090921,302795,nominal,processor,1101100,True,accepted
20260511_090921,302796,nominal,processor,1111100,True,accepted
20260511_090921,302797,nominal,processor,0001011,True,accepted
20260511_090921,302798,nominal,processor,0000001,True,accepted
20260511_090921,302799,nominal,processor,,False,conditional_h_C_interval_empty
20260511_090921,302800,nominal,processor,,False,conditional_h_C_interval_empty
20260511_090921,302801,nominal,processor,0100111,True,accepted
20260511_090921,302802,nominal,processor,1100101,True,accepted
20260511_090921,302803,nominal,processor,0100100,True,accepted
20260511_090921,302804,nominal,processor,0001101,True,accepted
20260511_090921,302805,nominal,processor,1111101,True,accepted
20260511_090921,302806,nominal,processor,0110100,True,accepted
20260511_090921,302807,nominal,processor,0000001,True,accepted
20260511_090921,302808,nominal,processor,,False,conditional_h_C_interval_empty
20260511_090921,302809,nominal,processor,0001111,True,accepted
20260511_090921,302810,nominal,processor,0001000,True,accepted
20260511_090921,302811,nominal,processor,0101110,True,accepted
20260511_090921,302812,nominal,processor,0110110,True,accepted
20260511_090921,302813,nominal,processor,0000010,True,accepted
20260511_090921,302814,nominal,processor,0001010,True,accepted
20260511_090921,302815,nominal,processor,,False,conditional_h_C_interval_empty
20260511_090921,302816,nominal,processor,,False,conditional_h_C_interval_empty
20260511_090921,302817,nominal,processor,0001100,True,accepted
20260511_090921,302818,nominal,processor,0000000,True,accepted
20260511_090921,302819,nominal,processor,,False,conditional_h_C_interval_empty
20260511_090921,302820,nominal,processor,0101100,True,accepted
20260511_090921,302821,nominal,processor,0000110,True,accepted
20260511_090921,302822,nominal,processor,0100101,True,accepted
20260511_090921,302823,nominal,processor,1100111,True,accepted
20260511_090921,302824,nominal,processor,0000011,True,accepted
20260511_090921,302825,nominal,processor,0111100,True,accepted
20260511_090921,302826,nominal,processor,1101111,True,accepted
20260511_090921,302827,nominal,processor,0001011,True,accepted
20260511_090921,302828,nominal,processor,0001110,True,accepted
20260511_090921,302829,nominal,processor,0111101,True,accepted
20260511_090921,302830,nominal,processor,0101101,True,accepted
20260511_090921,302831,nominal,processor,,False,conditional_h_C_interval_empty
20260511_090921,302832,nominal,processor,,False,conditional_h_C_interval_empty
20260511_090921,302833,nominal,processor,0000011,True,accepted
20260511_090921,302834,nominal,processor,0001001,True,accepted
20260511_090921,302835,nominal,processor,1101110,True,accepted
20260511_090921,302836,nominal,processor,0111111,True,accepted
20260511_090921,302837,nominal,processor,0001110,True,accepted
20260511_090921,302838,nominal,processor,0001001,True,accepted
20260511_090921,302839,nominal,processor,,False,conditional_h_C_interval_empty
20260511_090921,302840,nominal,processor,,False,conditional_h_C_interval_empty
20260511_090921,302841,nominal,processor,1111111,True,accepted
20260511_090921,302842,nominal,processor,0110100,True,accepted
20260511_090921,302843,nominal,processor,0000010,True,accepted
20260511_090921,302844,nominal,processor,0000101,True,accepted
20260511_090921,302845,nominal,processor,0100110,True,accepted
20260511_090921,302846,nominal,processor,1100110,True,accepted
20260511_090921,302847,nominal,processor,,False,conditional_h_C_interval_empty
20260511_090921,302848,nominal,processor,,False,conditional_h_C_interval_empty
20260511_090921,302849,nominal,processor,0101110,True,accepted
20260511_090921,302850,nominal,processor,0111110,True,accepted
20260511_090921,302851,nominal,processor,0001111,True,accepted
20260511_090921,302852,nominal,processor,0001010,True,accepted
20260511_090921,302853,nominal,processor,1101110,True,accepted
20260511_090921,302854,nominal,processor,0110111,True,accepted
20260511_090921,302855,nominal,processor,,False,conditional_h_C_interval_empty
20260511_090921,302856,nominal,processor,1100100,True,accepted
20260511_090921,302857,nominal,processor,0100100,True,accepted
20260511_090921,302858,nominal,processor,0000101,True,accepted
20260511_090921,302859,nominal,processor,0100110,True,accepted
20260511_090921,302860,nominal,processor,0110101,True,accepted
20260511_090921,302861,nominal,processor,0000001,True,accepted
20260511_090921,302862,nominal,processor,0001101,True,accepted
20260511_090921,302863,nominal,processor,,False,conditional_h_C_interval_empty
20260511_090921,302864,nominal,processor,,False,conditional_h_C_interval_empty
20260511_090921,302865,nominal,processor,1101101,True,accepted
20260511_090921,302866,nominal,processor,0100111,True,accepted
20260511_090921,302867,nominal,processor,0000111,True,accepted
20260511_090921,302868,nominal,processor,0000000,True,accepted
20260511_090921,302869,nominal,processor,0101110,True,accepted
20260511_090921,302870,nominal,processor,1110111,True,accepted
20260511_090921,302871,nominal,processor,0001011,True,accepted
20260511_090921,302872,nominal,processor,,False,conditional_h_C_interval_empty
20260511_090921,302873,nominal,processor,0001000,True,accepted
20260511_090921,302874,nominal,processor,0001110,True,accepted
20260511_090921,302875,nominal,processor,0111110,True,accepted
20260511_090921,302876,nominal,processor,1110100,True,accepted
20260511_090921,302877,nominal,processor,0001010,True,accepted
20260511_090921,302878,nominal,processor,0000100,True,accepted
20260511_090921,302879,nominal,processor,,False,conditional_h_C_interval_empty
20260511_090921,302880,nominal,processor,,False,conditional_h_C_interval_empty
20260511_090921,302881,nominal,processor,0110100,True,accepted
20260511_090921,302882,nominal,processor,1111101,True,accepted
20260511_090921,302883,nominal,processor,0001101,True,accepted
20260511_090921,302884,nominal,processor,0100100,True,accepted
20260511_090921,302885,nominal,processor,1100101,True,accepted
20260511_090921,302886,nominal,processor,0100111,True,accepted
20260511_090921,302887,nominal,processor,,False,conditional_h_C_interval_empty
20260511_090921,302888,nominal,processor,1101101,True,accepted
20260511_090921,302889,nominal,processor,0001010,True,accepted
20260511_090921,401024,nominal,trader,0000101,True,accepted
20260511_090921,401025,nominal,trader,1101110,True,accepted
20260511_090921,401026,nominal,trader,0101101,True,accepted
20260511_090921,401027,nominal,trader,0001011,True,accepted
20260511_090921,401028,nominal,trader,0001101,True,accepted
20260511_090921,401029,nominal,trader,0101111,True,accepted
20260511_090921,401030,nominal,trader,1100110,True,accepted
20260511_090921,401031,nominal,trader,0000010,True,accepted
20260511_090921,401032,nominal,trader,0100110,True,accepted
20260511_090921,401033,nominal,trader,0001010,True,accepted
20260511_090921,401034,nominal,trader,0001000,True,accepted
20260511_090921,401035,nominal,trader,1110110,True,accepted
20260511_090921,401036,nominal,trader,0111101,True,accepted
20260511_090921,401037,nominal,trader,0000001,True,accepted
20260511_090921,401038,nominal,trader,0100100,True,accepted
20260511_090921,401039,nominal,trader,0110101,True,accepted
20260511_090921,401040,nominal,trader,0001010,True,accepted
20260511_090921,401041,nominal,trader,0101100,True,accepted
20260511_090921,401042,nominal,trader,1111111,True,accepted
20260511_090921,401043,nominal,trader,0001000,True,accepted
20260511_090921,401044,nominal,trader,0000001,True,accepted
20260511_090921,401045,nominal,trader,1100100,True,accepted
20260511_090921,401046,nominal,trader,0111101,True,accepted
20260511_090921,401047,nominal,trader,0100100,True,accepted
20260511_090921,401048,nominal,trader,1101111,True,accepted
20260511_090921,401049,nominal,trader,0000111,True,accepted
20260511_090921,401050,nominal,trader,0001101,True,accepted
20260511_090921,401051,nominal,trader,0101101,True,accepted
20260511_090921,401052,nominal,trader,0101111,True,accepted
20260511_090921,401053,nominal,trader,0001111,True,accepted
20260511_090921,401054,nominal,trader,0000100,True,accepted
20260511_090921,401055,nominal,trader,1100111,True,accepted
20260511_090921,401056,nominal,trader,0110111,True,accepted
20260511_090921,401057,nominal,trader,0100101,True,accepted
20260511_090921,401058,nominal,trader,0000010,True,accepted
20260511_090921,401059,nominal,trader,0111110,True,accepted
20260511_090921,401060,nominal,trader,1111101,True,accepted
20260511_090921,401061,nominal,trader,0001001,True,accepted
20260511_090921,401062,nominal,trader,0001011,True,accepted
20260511_090921,401063,nominal,trader,0100111,True,accepted
20260511_090921,401064,nominal,trader,0000100,True,accepted
20260511_090921,401065,nominal,trader,1101100,True,accepted
20260511_090921,401066,nominal,trader,0110101,True,accepted
20260511_090921,401067,nominal,trader,0001110,True,accepted
20260511_090921,401068,nominal,trader,0001100,True,accepted
20260511_090921,401069,nominal,trader,0101110,True,accepted
20260511_090921,401070,nominal,trader,1110101,True,accepted
20260511_090921,401071,nominal,trader,0000110,True,accepted
20260511_090921,401072,nominal,trader,1100100,True,accepted
20260511_090921,401073,nominal,trader,0000011,True,accepted
20260511_090921,401074,nominal,trader,0001110,True,accepted
20260511_090921,401075,nominal,trader,0101110,True,accepted
20260511_090921,401076,nominal,trader,0101100,True,accepted
20260511_090921,401077,nominal,trader,0001100,True,accepted
20260511_090921,401078,nominal,trader,0000110,True,accepted
20260511_090921,401079,nominal,trader,1101101,True,accepted
20260511_090921,401080,nominal,trader,0001111,True,accepted
20260511_090921,401081,nominal,trader,0110111,True,accepted
20260511_090921,401082,nominal,trader,0111110,True,accepted
20260511_090921,401083,nominal,trader,0000000,True,accepted
20260511_090921,401084,nominal,trader,0000111,True,accepted
20260511_090921,401085,nominal,trader,1111100,True,accepted
20260511_090921,401086,nominal,trader,0100110,True,accepted
20260511_090921,401087,nominal,trader,0001001,True,accepted
20260511_090921,401088,nominal,trader,0101110,True,accepted
20260511_090921,401089,nominal,trader,0001101,True,accepted
20260511_090921,401090,nominal,trader,0000110,True,accepted
20260511_090921,401091,nominal,trader,1110100,True,accepted
20260511_090921,401092,nominal,trader,1101100,True,accepted
20260511_090921,401093,nominal,trader,0000100,True,accepted
20260511_090921,401094,nominal,trader,0001110,True,accepted
20260511_090921,401095,nominal,trader,0110100,True,accepted
20260511_090921,401096,nominal,trader,0001001,True,accepted
20260511_090921,401097,nominal,trader,1111110,True,accepted
20260511_090921,401098,nominal,trader,0100111,True,accepted
20260511_090921,401099,nominal,trader,0001011,True,accepted
20260511_090921,401100,nominal,trader,0100101,True,accepted
20260511_090921,401101,nominal,trader,0111100,True,accepted
20260511_090921,401102,nominal,trader,0111111,True,accepted
20260511_090921,401103,nominal,trader,0000010,True,accepted
20260511_090921,401104,nominal,trader,1110111,True,accepted
20260511_090921,401105,nominal,trader,0000111,True,accepted
20260511_090921,401106,nominal,trader,0001010,True,accepted
20260511_090921,401107,nominal,trader,0100110,True,accepted
20260511_090921,401108,nominal,trader,0110110,True,accepted
20260511_090921,401109,nominal,trader,0001111,True,accepted
20260511_090921,401110,nominal,trader,0000000,True,accepted
20260511_090921,401111,nominal,trader,0111110,True,accepted
20260511_090921,401112,nominal,trader,0001100,True,accepted
20260511_090921,401113,nominal,trader,0101101,True,accepted
20260511_090921,401114,nominal,trader,1101101,True,accepted
20260511_090921,401115,nominal,trader,0000101,True,accepted
20260511_090921,401116,nominal,trader,0000011,True,accepted
20260511_090921,401117,nominal,trader,1100101,True,accepted
20260511_090921,401118,nominal,trader,0101110,True,accepted
20260511_090921,401119,nominal,trader,0001110,True,accepted
20260511_090921,401120,nominal,trader,0000000,True,accepted
20260511_090921,401121,nominal,trader,0111101,True,accepted
20260511_090921,401122,nominal,trader,0110110,True,accepted
20260511_090921,401123,nominal,trader,0100100,True,accepted
20260511_090921,401124,nominal,trader,0001010,True,accepted
20260511_090921,401125,nominal,trader,0100110,True,accepted
20260511_090921,401126,nominal,trader,1110111,True,accepted
20260511_090921,401127,nominal,trader,0000111,True,accepted
20260511_090921,401128,nominal,trader,0101111,True,accepted
20260511_090921,401129,nominal,trader,0001101,True,accepted
20260511_090921,401130,nominal,trader,0000010,True,accepted
20260511_090921,401131,nominal,trader,1100110,True,accepted
20260511_090921,401132,nominal,trader,1101110,True,accepted
20260511_090921,401133,nominal,trader,0000101,True,accepted
20260511_090921,401134,nominal,trader,0001100,True,accepted
20260511_090921,401135,nominal,trader,0101101,True,accepted
20260511_090921,401136,nominal,trader,0001111,True,accepted
20260511_090921,401137,nominal,trader,0110100,True,accepted
20260511_090921,401138,nominal,trader,1100111,True,accepted
20260511_090921,401139,nominal,trader,0000100,True,accepted
20260511_090921,401140,nominal,trader,0000110,True,accepted
20260511_090921,401141,nominal,trader,1110100,True,accepted
20260511_090921,401142,nominal,trader,0101110,True,accepted
20260511_090921,401143,nominal,trader,0001101,True,accepted
20260511_090921,401144,nominal,trader,0111111,True,accepted
20260511_090921,401145,nominal,trader,0000001,True,accepted
20260511_090921,401146,nominal,trader,0100100,True,accepted
20260511_090921,401147,nominal,trader,0111100,True,accepted
20260511_090921,401148,nominal,trader,0101100,True,accepted
20260511_090921,401149,nominal,trader,0001011,True,accepted
20260511_090921,401150,nominal,trader,0001000,True,accepted
20260511_090921,401151,nominal,trader,1111110,True,accepted
20260511_090921,401152,nominal,trader,0000101,True,accepted
20260511_090921,401153,nominal,trader,1101101,True,accepted
20260511_090921,401154,nominal,trader,0101100,True,accepted
20260511_090921,401155,nominal,trader,0001100,True,accepted
20260511_090921,401156,nominal,trader,0001110,True,accepted
20260511_090921,401157,nominal,trader,0101111,True,accepted
20260511_090921,401158,nominal,trader,1100101,True,accepted
20260511_090921,401159,nominal,trader,0000011,True,accepted
20260511_090921,401160,nominal,trader,0100110,True,accepted
20260511_090921,401161,nominal,trader,0001001,True,accepted
20260511_090921,401162,nominal,trader,0000111,True,accepted
20260511_090921,401163,nominal,trader,1111100,True,accepted
20260511_090921,401164,nominal,trader,0111110,True,accepted
20260511_090921,401165,nominal,trader,0000000,True,accepted
20260511_090921,401166,nominal,trader,0001111,True,accepted
20260511_090921,401167,nominal,trader,0110110,True,accepted
20260511_090921,401168,nominal,trader,0001011,True,accepted
20260511_090921,401169,nominal,trader,0100111,True,accepted
20260511_090921,401170,nominal,trader,1111110,True,accepted
20260511_090921,401171,nominal,trader,0001001,True,accepted
20260511_090921,401172,nominal,trader,0000010,True,accepted
20260511_090921,401173,nominal,trader,0111111,True,accepted
20260511_090921,401174,nominal,trader,0111100,True,accepted
20260511_090921,401175,nominal,trader,0100101,True,accepted
20260511_090921,401176,nominal,trader,1110101,True,accepted
20260511_090921,401177,nominal,trader,0000110,True,accepted
20260511_090921,401178,nominal,trader,0001100,True,accepted
20260511_090921,401179,nominal,trader,0101110,True,accepted
20260511_090921,401180,nominal,trader,0110100,True,accepted
20260511_090921,401181,nominal,trader,0001110,True,accepted
20260511_090921,401182,nominal,trader,0000100,True,accepted
20260511_090921,401183,nominal,trader,1101100,True,accepted
20260511_090921,401184,nominal,trader,0111100,True,accepted
20260511_090921,401185,nominal,trader,0100101,True,accepted
20260511_090921,401186,nominal,trader,0000001,True,accepted
20260511_090921,401187,nominal,trader,0111111,True,accepted
20260511_090921,401188,nominal,trader,1111111,True,accepted
20260511_090921,401189,nominal,trader,0001000,True,accepted
20260511_090921,401190,nominal,trader,0001010,True,accepted
20260511_090921,401191,nominal,trader,0101100,True,accepted
20260511_090921,401192,nominal,trader,0000100,True,accepted
20260511_090921,401193,nominal,trader,1100111,True,accepted
20260511_090921,401194,nominal,trader,0110100,True,accepted
20260511_090921,401195,nominal,trader,0001111,True,accepted
20260511_090921,401196,nominal,trader,0001101,True,accepted
20260511_090921,401197,nominal,trader,0101110,True,accepted
20260511_090921,401198,nominal,trader,1101111,True,accepted
20260511_090921,401199,nominal,trader,0000110,True,accepted
20260511_090921,401200,nominal,trader,1100101,True,accepted
20260511_090921,401201,nominal,trader,0000011,True,accepted
20260511_090921,401202,nominal,trader,0001110,True,accepted
20260511_090921,401203,nominal,trader,0101111,True,accepted
20260511_090921,401204,nominal,trader,0101101,True,accepted
20260511_090921,401205,nominal,trader,0001100,True,accepted
20260511_090921,401206,nominal,trader,0000101,True,accepted
20260511_090921,401207,nominal,trader,1101110,True,accepted
20260511_090921,401208,nominal,trader,0100100,True,accepted
20260511_090921,401209,nominal,trader,0110110,True,accepted
20260511_090921,401210,nominal,trader,0111101,True,accepted
20260511_090921,401211,nominal,trader,0000000,True,accepted
20260511_090921,401212,nominal,trader,0001000,True,accepted
20260511_090921,401213,nominal,trader,1110111,True,accepted
20260511_090921,401214,nominal,trader,0100110,True,accepted
20260511_090921,401215,nominal,trader,0001010,True,accepted
20260511_090921,401216,nominal,trader,0101101,True,accepted
20260511_090921,401217,nominal,trader,0001101,True,accepted
20260511_090921,401218,nominal,trader,0000111,True,accepted
20260511_090921,401219,nominal,trader,1101111,True,accepted
20260511_090921,401220,nominal,trader,1100111,True,accepted
20260511_090921,401221,nominal,trader,0000100,True,accepted
20260511_090921,401222,nominal,trader,0001111,True,accepted
20260511_090921,401223,nominal,trader,0101111,True,accepted
20260511_090921,401224,nominal,trader,0001000,True,accepted
20260511_090921,401225,nominal,trader,1111111,True,accepted
20260511_090921,401226,nominal,trader,0101100,True,accepted
20260511_090921,401227,nominal,trader,0001010,True,accepted
20260511_090921,401228,nominal,trader,0100100,True,accepted
20260511_090921,401229,nominal,trader,0111100,True,accepted
20260511_090921,401230,nominal,trader,0111111,True,accepted
20260511_090921,401231,nominal,trader,0000001,True,accepted
20260511_090921,401232,nominal,trader,1110110,True,accepted
20260511_090921,401233,nominal,trader,0001000,True,accepted
20260511_090921,401234,nominal,trader,0001010,True,accepted
20260511_090921,401235,nominal,trader,0100110,True,accepted
20260511_090921,401236,nominal,trader,0110110,True,accepted
20260511_090921,401237,nominal,trader,0100100,True,accepted
20260511_090921,401238,nominal,trader,0000001,True,accepted
20260511_090921,401239,nominal,trader,0111101,True,accepted
20260511_090921,401240,nominal,trader,0001011,True,accepted
20260511_090921,401241,nominal,trader,0101101,True,accepted
20260511_090921,401242,nominal,trader,1101110,True,accepted
20260511_090921,401243,nominal,trader,0000101,True,accepted
20260511_090921,401244,nominal,trader,0000010,True,accepted
20260511_090921,401245,nominal,trader,1100110,True,accepted
20260511_090921,401246,nominal,trader,0101111,True,accepted
20260511_090921,401247,nominal,trader,0001101,True,accepted
20260511_090921,401248,nominal,trader,0000000,True,accepted
20260511_090921,401249,nominal,trader,0111110,True,accepted
20260511_090921,401250,nominal,trader,0110111,True,accepted
20260511_090921,401251,nominal,trader,0001111,True,accepted
20260511_090921,401252,nominal,trader,0001001,True,accepted
20260511_090921,401253,nominal,trader,0100111,True,accepted
20260511_090921,401254,nominal,trader,1111100,True,accepted
20260511_090921,401255,nominal,trader,0000111,True,accepted
20260511_090921,401256,nominal,trader,0101110,True,accepted
20260511_090921,401257,nominal,trader,0001110,True,accepted
20260511_090921,401258,nominal,trader,0000011,True,accepted
20260511_090921,401259,nominal,trader,1100100,True,accepted
20260511_090921,401260,nominal,trader,1101101,True,accepted
20260511_090921,401261,nominal,trader,0000110,True,accepted
20260511_090921,401262,nominal,trader,0001100,True,accepted
20260511_090921,401263,nominal,trader,0101100,True,accepted
20260511_090921,401264,nominal,trader,0001110,True,accepted
20260511_090921,401265,nominal,trader,0110101,True,accepted
20260511_090921,401266,nominal,trader,1101100,True,accepted
20260511_090921,401267,nominal,trader,0000100,True,accepted
20260511_090921,401268,nominal,trader,0000110,True,accepted
20260511_090921,401269,nominal,trader,1110101,True,accepted
20260511_090921,401270,nominal,trader,0101110,True,accepted
20260511_090921,401271,nominal,trader,0001100,True,accepted
20260511_090921,401272,nominal,trader,0111111,True,accepted
20260511_090921,401273,nominal,trader,0000010,True,accepted
20260511_090921,401274,nominal,trader,0100101,True,accepted
20260511_090921,401275,nominal,trader,0110111,True,accepted
20260511_090921,401276,nominal,trader,0100111,True,accepted
20260511_090921,401277,nominal,trader,0001011,True,accepted
20260511_090921,401278,nominal,trader,0001001,True,accepted
20260511_090921,401279,nominal,trader,1111101,True,accepted
20260511_090921,401280,nominal,trader,1101110,True,accepted
20260511_090921,401281,nominal,trader,0000101,True,accepted
20260511_090921,401282,nominal,trader,0001011,True,accepted
20260511_090921,401283,nominal,trader,0101101,True,accepted
20260511_090921,401284,nominal,trader,0101111,True,accepted
20260511_090921,401285,nominal,trader,0001110,True,accepted
20260511_090921,401286,nominal,trader,0000011,True,accepted
20260511_090921,401287,nominal,trader,1100101,True,accepted
20260511_090921,401288,nominal,trader,0001010,True,accepted
20260511_090921,401289,nominal,trader,0100110,True,accepted
20260511_090921,401290,nominal,trader,1110110,True,accepted
20260511_090921,401291,nominal,trader,0001000,True,accepted
20260511_090921,401292,nominal,trader,0000000,True,accepted
20260511_090921,401293,nominal,trader,0111110,True,accepted
20260511_090921,401294,nominal,trader,0110110,True,accepted
20260511_090921,401295,nominal,trader,0001111,True,accepted
20260511_090921,401296,nominal,trader,0101100,True,accepted
20260511_090921,401297,nominal,trader,0001010,True,accepted
20260511_090921,401298,nominal,trader,0001000,True,accepted
20260511_090921,401299,nominal,trader,1111111,True,accepted
20260511_090921,401300,nominal,trader,0111111,True,accepted
20260511_090921,401301,nominal,trader,0000001,True,accepted
20260511_090921,401302,nominal,trader,0100101,True,accepted
20260511_090921,401303,nominal,trader,0111100,True,accepted
20260511_090921,401304,nominal,trader,0000110,True,accepted
20260511_090921,401305,nominal,trader,1101111,True,accepted
20260511_090921,401306,nominal,trader,0101110,True,accepted
20260511_090921,401307,nominal,trader,0001101,True,accepted
20260511_090921,401308,nominal,trader,0001111,True,accepted
20260511_090921,401309,nominal,trader,0110100,True,accepted
20260511_090921,401310,nominal,trader,1100111,True,accepted
20260511_090921,401311,nominal,trader,0000100,True,accepted
20260511_090921,401312,nominal,trader,0100101,True,accepted
20260511_090921,401313,nominal,trader,0111100,True,accepted
20260511_090921,401314,nominal,trader,0111111,True,accepted
20260511_090921,401315,nominal,trader,0000010,True,accepted
20260511_090921,401316,nominal,trader,0001001,True,accepted
20260511_090921,401317,nominal,trader,1111110,True,accepted
20260511_090921,401318,nominal,trader,0100111,True,accepted
20260511_090921,401319,nominal,trader,0001011,True,accepted
20260511_090921,401320,nominal,trader,1101100,True,accepted
20260511_090921,401321,nominal,trader,0000100,True,accepted
20260511_090921,401322,nominal,trader,0001110,True,accepted
20260511_090921,401323,nominal,trader,0110100,True,accepted
20260511_090921,401324,nominal,trader,0101110,True,accepted
20260511_090921,401325,nominal,trader,0001101,True,accepted
20260511_090921,401326,nominal,trader,0000110,True,accepted
20260511_090921,401327,nominal,trader,1110100,True,accepted
20260511_090921,401328,nominal,trader,0000011,True,accepted
20260511_090921,401329,nominal,trader,1100101,True,accepted
20260511_090921,401330,nominal,trader,0101111,True,accepted
20260511_090921,401331,nominal,trader,0001110,True,accepted
20260511_090921,401332,nominal,trader,0001100,True,accepted
20260511_090921,401333,nominal,trader,0101100,True,accepted
20260511_090921,401334,nominal,trader,1101101,True,accepted
20260511_090921,401335,nominal,trader,0000101,True,accepted
20260511_090921,401336,nominal,trader,0110110,True,accepted
20260511_090921,401337,nominal,trader,0001111,True,accepted
20260511_090921,401338,nominal,trader,0000000,True,accepted
20260511_090921,401339,nominal,trader,0111110,True,accepted
20260511_090921,401340,nominal,trader,1111100,True,accepted
20260511_090921,401341,nominal,trader,0000111,True,accepted
20260511_090921,401342,nominal,trader,0001001,True,accepted
20260511_090921,401343,nominal,trader,0100110,True,accepted
20260511_090921,401344,nominal,trader,0001100,True,accepted
20260511_090921,401345,nominal,trader,0101110,True,accepted
20260511_090921,401346,nominal,trader,1110101,True,accepted
20260511_090921,401347,nominal,trader,0000110,True,accepted
20260511_090921,401348,nominal,trader,0000100,True,accepted
20260511_090921,401349,nominal,trader,1101100,True,accepted
20260511_090921,401350,nominal,trader,0110101,True,accepted
20260511_090921,401351,nominal,trader,0001110,True,accepted
20260511_090921,401352,nominal,trader,1111101,True,accepted
20260511_090921,401353,nominal,trader,0001001,True,accepted
20260511_090921,401354,nominal,trader,0001011,True,accepted
20260511_090921,401355,nominal,trader,0100111,True,accepted
20260511_090921,401356,nominal,trader,0110111,True,accepted
20260511_090921,401357,nominal,trader,0100101,True,accepted
20260511_090921,401358,nominal,trader,0000010,True,accepted
20260511_090921,401359,nominal,trader,0111110,True,accepted
20260511_090921,401360,nominal,trader,0000111,True,accepted
20260511_090921,401361,nominal,trader,1111100,True,accepted
20260511_090921,401362,nominal,trader,0100111,True,accepted
20260511_090921,401363,nominal,trader,0001001,True,accepted
20260511_090921,401364,nominal,trader,0001111,True,accepted
20260511_090921,401365,nominal,trader,0110111,True,accepted
20260511_090921,401366,nominal,trader,0111110,True,accepted
20260511_090921,401367,nominal,trader,0000000,True,accepted
20260511_090921,401368,nominal,trader,0101100,True,accepted
20260511_090921,401369,nominal,trader,0001100,True,accepted
20260511_090921,401370,nominal,trader,0000110,True,accepted
20260511_090921,401371,nominal,trader,1101101,True,accepted
20260511_090921,401372,nominal,trader,1100100,True,accepted
20260511_090921,401373,nominal,trader,0000011,True,accepted
20260511_090921,401374,nominal,trader,0001110,True,accepted
20260511_090921,401375,nominal,trader,0101110,True,accepted
20260511_090921,401376,nominal,trader,0111101,True,accepted
20260511_090921,401377,nominal,trader,0000001,True,accepted
20260511_090921,401378,nominal,trader,0100100,True,accepted
20260511_090921,401379,nominal,trader,0110101,True,accepted
20260511_090921,401380,nominal,trader,0100110,True,accepted
20260511_090921,401381,nominal,trader,0001010,True,accepted
20260511_090921,401382,nominal,trader,0001000,True,accepted
20260511_090921,401383,nominal,trader,1110110,True,accepted
20260511_090921,401384,nominal,trader,0001101,True,accepted
20260511_090921,401385,nominal,trader,0101111,True,accepted
20260511_090921,401386,nominal,trader,1100110,True,accepted
20260511_090921,401387,nominal,trader,0000010,True,accepted
20260511_090921,401388,nominal,trader,0000101,True,accepted
20260511_090921,401389,nominal,trader,1101111,True,accepted
20260511_090921,401390,nominal,trader,0101101,True,accepted
20260511_090921,401391,nominal,trader,0001011,True,accepted
20260511_090921,401392,nominal,trader,0110100,True,accepted
20260511_090921,401393,nominal,trader,0001111,True,accepted
20260511_090921,401394,nominal,trader,0000100,True,accepted
20260511_090921,401395,nominal,trader,1100111,True,accepted
20260511_090921,401396,nominal,trader,1101111,True,accepted
20260511_090921,401397,nominal,trader,0000111,True,accepted
20260511_090921,401398,nominal,trader,0001101,True,accepted
20260511_090921,401399,nominal,trader,0101101,True,accepted
20260511_090921,401400,nominal,trader,0000001,True,accepted
20260511_090921,401401,nominal,trader,1100100,True,accepted
20260511_090921,401402,nominal,trader,0111100,True,accepted
20260511_090921,401403,nominal,trader,0100100,True,accepted
20260511_090921,401404,nominal,trader,0001010,True,accepted
20260511_090921,401405,nominal,trader,0101100,True,accepted
20260511_090921,401406,nominal,trader,1111111,True,accepted
20260511_090921,401407,nominal,trader,0001000,True,accepted
20260511_090921,401408,nominal,trader,1101101,True,accepted
20260511_090921,401409,nominal,trader,0000110,True,accepted
20260511_090921,401410,nominal,trader,0001100,True,accepted
20260511_090921,401411,nominal,trader,0101100,True,accepted
20260511_090921,401412,nominal,trader,0101110,True,accepted
20260511_090921,401413,nominal,trader,0001110,True,accepted
20260511_090921,401414,nominal,trader,0000011,True,accepted
20260511_090921,401415,nominal,trader,1100100,True,accepted
20260511_090921,401416,nominal,trader,0001001,True,accepted
20260511_090921,401417,nominal,trader,0100111,True,accepted
20260511_090921,401418,nominal,trader,1111100,True,accepted
20260511_090921,401419,nominal,trader,0000111,True,accepted
20260511_090921,401420,nominal,trader,0000000,True,accepted
20260511_090921,401421,nominal,trader,0111110,True,accepted
20260511_090921,401422,nominal,trader,0110111,True,accepted
20260511_090921,401423,nominal,trader,0001111,True,accepted
20260511_090921,401424,nominal,trader,0100111,True,accepted
20260511_090921,401425,nominal,trader,0001011,True,accepted
20260511_090921,401426,nominal,trader,0001001,True,accepted
20260511_090921,401427,nominal,trader,1111101,True,accepted
20260511_090921,401428,nominal,trader,0111110,True,accepted
20260511_090921,401429,nominal,trader,0000010,True,accepted
20260511_090921,401430,nominal,trader,0100101,True,accepted
20260511_090921,401431,nominal,trader,0110111,True,accepted
20260511_090921,401432,nominal,trader,0000110,True,accepted
20260511_090921,401433,nominal,trader,1110101,True,accepted
20260511_090921,401434,nominal,trader,0101110,True,accepted
20260511_090921,401435,nominal,trader,0001100,True,accepted
20260511_090921,401436,nominal,trader,0001110,True,accepted
20260511_090921,401437,nominal,trader,0110101,True,accepted
20260511_090921,401438,nominal,trader,1101100,True,accepted
20260511_090921,401439,nominal,trader,0000011,True,accepted
20260511_090921,401440,nominal,trader,0100100,True,accepted
20260511_090921,401441,nominal,trader,0111101,True,accepted
20260511_090921,401442,nominal,trader,1100100,True,accepted
20260511_090921,401443,nominal,trader,0000001,True,accepted
20260511_090921,401444,nominal,trader,0001000,True,accepted
20260511_090921,401445,nominal,trader,1111111,True,accepted
20260511_090921,401446,nominal,trader,0101100,True,accepted
20260511_090921,401447,nominal,trader,0001010,True,accepted
20260511_090921,401448,nominal,trader,1100111,True,accepted
20260511_090921,401449,nominal,trader,0000101,True,accepted
20260511_090921,401450,nominal,trader,0001111,True,accepted
20260511_090921,401451,nominal,trader,0101111,True,accepted
20260511_090921,401452,nominal,trader,0101101,True,accepted
20260511_090921,401453,nominal,trader,0001101,True,accepted
20260511_090921,401454,nominal,trader,0000111,True,accepted
20260511_090921,401455,nominal,trader,1101111,True,accepted
20260511_090921,401456,nominal,trader,0000010,True,accepted
20260511_090921,401457,nominal,trader,1100110,True,accepted
20260511_090921,401458,nominal,trader,0101111,True,accepted
20260511_090921,401459,nominal,trader,0001101,True,accepted
20260511_090921,401460,nominal,trader,0001011,True,accepted
20260511_090921,401461,nominal,trader,0101101,True,accepted
20260511_090921,401462,nominal,trader,1101110,True,accepted
20260511_090921,401463,nominal,trader,0000101,True,accepted
20260511_090921,401464,nominal,trader,0110101,True,accepted
20260511_090921,401465,nominal,trader,0100100,True,accepted
20260511_090921,401466,nominal,trader,0000001,True,accepted
20260511_090921,401467,nominal,trader,0111101,True,accepted
20260511_090921,401468,nominal,trader,1110110,True,accepted
20260511_090921,401469,nominal,trader,0001000,True,accepted
20260511_090921,401470,nominal,trader,0001010,True,accepted
20260511_090921,401471,nominal,trader,0100110,True,accepted
20260511_090921,401472,nominal,trader,0001101,True,accepted
20260511_090921,401473,nominal,trader,0101110,True,accepted
20260511_090921,401474,nominal,trader,1101111,True,accepted
20260511_090921,401475,nominal,trader,0000110,True,accepted
20260511_090921,401476,nominal,trader,0000100,True,accepted
20260511_090921,401477,nominal,trader,1100111,True,accepted
20260511_090921,401478,nominal,trader,0110100,True,accepted
20260511_090921,401479,nominal,trader,0001111,True,accepted
20260511_090921,401480,nominal,trader,1111110,True,accepted
20260511_090921,401481,nominal,trader,0001000,True,accepted
20260511_090921,401482,nominal,trader,0001011,True,accepted
20260511_090921,401483,nominal,trader,0100111,True,accepted
20260511_090921,401484,nominal,trader,0111100,True,accepted
20260511_090921,401485,nominal,trader,0100101,True,accepted
20260511_090921,401486,nominal,trader,0000001,True,accepted
20260511_090921,401487,nominal,trader,0111111,True,accepted
20260511_090921,401488,nominal,trader,0000111,True,accepted
20260511_090921,401489,nominal,trader,1110111,True,accepted
20260511_090921,401490,nominal,trader,0100110,True,accepted
20260511_090921,401491,nominal,trader,0001010,True,accepted
20260511_090921,401492,nominal,trader,0100100,True,accepted
20260511_090921,401493,nominal,trader,0110110,True,accepted
20260511_090921,401494,nominal,trader,0111101,True,accepted
20260511_090921,401495,nominal,trader,0000000,True,accepted
20260511_090921,401496,nominal,trader,0101101,True,accepted
20260511_090921,401497,nominal,trader,0001100,True,accepted
20260511_090921,401498,nominal,trader,0000101,True,accepted
20260511_090921,401499,nominal,trader,1101110,True,accepted
20260511_090921,401500,nominal,trader,1100110,True,accepted
20260511_090921,401501,nominal,trader,0000011,True,accepted
20260511_090921,401502,nominal,trader,0001101,True,accepted
20260511_090921,401503,nominal,trader,0101111,True,accepted
20260511_090921,401504,nominal,trader,0111110,True,accepted
20260511_090921,401505,nominal,trader,0000000,True,accepted
20260511_090921,401506,nominal,trader,0001111,True,accepted
20260511_090921,401507,nominal,trader,0110110,True,accepted
20260511_090921,401508,nominal,trader,0100110,True,accepted
20260511_090921,401509,nominal,trader,0001010,True,accepted
20260511_090921,401510,nominal,trader,0000111,True,accepted
20260511_090921,401511,nominal,trader,1110111,True,accepted
20260511_090921,401512,nominal,trader,0001110,True,accepted
20260511_090921,401513,nominal,trader,0101111,True,accepted
20260511_090921,401514,nominal,trader,1100101,True,accepted
20260511_090921,401515,nominal,trader,0000011,True,accepted
20260511_090921,401516,nominal,trader,0000101,True,accepted
20260511_090921,401517,nominal,trader,1101110,True,accepted
20260511_090921,401518,nominal,trader,0101100,True,accepted
20260511_090921,401519,nominal,trader,0001100,True,accepted
20260511_090921,401520,nominal,trader,0110101,True,accepted
20260511_090921,401521,nominal,trader,0001110,True,accepted
20260511_090921,401522,nominal,trader,0000100,True,accepted
20260511_090921,401523,nominal,trader,1101100,True,accepted
20260511_090921,401524,nominal,trader,1110100,True,accepted
20260511_090921,401525,nominal,trader,0000110,True,accepted
20260511_090921,401526,nominal,trader,0001101,True,accepted
20260511_090921,401527,nominal,trader,0101110,True,accepted
20260511_090921,401528,nominal,trader,0000010,True,accepted
20260511_090921,401529,nominal,trader,0111111,True,accepted
20260511_090921,401530,nominal,trader,0111100,True,accepted
20260511_090921,401531,nominal,trader,0100101,True,accepted
20260511_090921,401532,nominal,trader,0001011,True,accepted
20260511_090921,401533,nominal,trader,0100111,True,accepted
20260511_090921,401534,nominal,trader,1111110,True,accepted
20260511_090921,401535,nominal,trader,0001001,True,accepted
20260511_090921,401536,nominal,trader,0001100,True,accepted
20260511_090921,401537,nominal,trader,0101101,True,accepted
20260511_090921,401538,nominal,trader,1101110,True,accepted
20260511_090921,401539,nominal,trader,0000101,True,accepted
20260511_090921,401540,nominal,trader,0000011,True,accepted
20260511_090921,401541,nominal,trader,1100110,True,accepted
20260511_090921,401542,nominal,trader,0101111,True,accepted
20260511_090921,401543,nominal,trader,0001110,True,accepted
20260511_090921,401544,nominal,trader,1110111,True,accepted
20260511_090921,401545,nominal,trader,0000111,True,accepted
20260511_090921,401546,nominal,trader,0001010,True,accepted
20260511_090921,401547,nominal,trader,0100110,True,accepted
20260511_090921,401548,nominal,trader,0110110,True,accepted
20260511_090921,401549,nominal,trader,0100100,True,accepted
20260511_090921,401550,nominal,trader,0000000,True,accepted
20260511_090921,401551,nominal,trader,0111101,True,accepted
20260511_090921,401552,nominal,trader,0001000,True,accepted
20260511_090921,401553,nominal,trader,1111110,True,accepted
20260511_090921,401554,nominal,trader,0101100,True,accepted
20260511_090921,401555,nominal,trader,0001011,True,accepted
20260511_090921,401556,nominal,trader,0100101,True,accepted
20260511_090921,401557,nominal,trader,0111100,True,accepted
20260511_090921,401558,nominal,trader,0111111,True,accepted
20260511_090921,401559,nominal,trader,0000001,True,accepted
20260511_090921,401560,nominal,trader,0101110,True,accepted
20260511_090921,401561,nominal,trader,0001101,True,accepted
20260511_090921,401562,nominal,trader,0000110,True,accepted
20260511_090921,401563,nominal,trader,1101111,True,accepted
20260511_090921,401564,nominal,trader,1100111,True,accepted
20260511_090921,401565,nominal,trader,0000100,True,accepted
20260511_090921,401566,nominal,trader,0001111,True,accepted
20260511_090921,401567,nominal,trader,0110100,True,accepted
20260511_090921,401568,nominal,trader,0111111,True,accepted
20260511_090921,401569,nominal,trader,0000010,True,accepted
20260511_090921,401570,nominal,trader,0100101,True,accepted
20260511_090921,401571,nominal,trader,0111100,True,accepted
20260511_090921,401572,nominal,trader,0100111,True,accepted
20260511_090921,401573,nominal,trader,0001011,True,accepted
20260511_090921,401574,nominal,trader,0001001,True,accepted
20260511_090921,401575,nominal,trader,1111110,True,accepted
20260511_090921,401576,nominal,trader,0001110,True,accepted
20260511_090921,401577,nominal,trader,0110100,True,accepted
20260511_090921,401578,nominal,trader,1101100,True,accepted
20260511_090921,401579,nominal,trader,0000100,True,accepted
20260511_090921,401580,nominal,trader,0000110,True,accepted
20260511_090921,401581,nominal,trader,1110100,True,accepted
20260511_090921,401582,nominal,trader,0101110,True,accepted
20260511_090921,401583,nominal,trader,0001101,True,accepted
20260511_090921,401584,nominal,trader,0101111,True,accepted
20260511_090921,401585,nominal,trader,0001110,True,accepted
20260511_090921,401586,nominal,trader,0000011,True,accepted
20260511_090921,401587,nominal,trader,1100101,True,accepted
20260511_090921,401588,nominal,trader,1101110,True,accepted
20260511_090921,401589,nominal,trader,0000101,True,accepted
20260511_090921,401590,nominal,trader,0001100,True,accepted
20260511_090921,401591,nominal,trader,0101101,True,accepted
20260511_090921,401592,nominal,trader,0000000,True,accepted
20260511_090921,401593,nominal,trader,0111110,True,accepted
20260511_090921,401594,nominal,trader,0110110,True,accepted
20260511_090921,401595,nominal,trader,0001111,True,accepted
20260511_090921,401596,nominal,trader,0001010,True,accepted
20260511_090921,401597,nominal,trader,0100110,True,accepted
20260511_090921,401598,nominal,trader,1110111,True,accepted
20260511_090921,401599,nominal,trader,0000111,True,accepted
20260511_090921,401600,nominal,trader,1110101,True,accepted
20260511_090921,401601,nominal,trader,0000110,True,accepted
20260511_090921,401602,nominal,trader,0001100,True,accepted
20260511_090921,401603,nominal,trader,0101110,True,accepted
20260511_090921,401604,nominal,trader,0110101,True,accepted
20260511_090921,401605,nominal,trader,0001110,True,accepted
20260511_090921,401606,nominal,trader,0000100,True,accepted
20260511_090921,401607,nominal,trader,1101101,True,accepted
20260511_090921,401608,nominal,trader,0001011,True,accepted
20260511_090921,401609,nominal,trader,0100111,True,accepted
20260511_090921,401610,nominal,trader,1111101,True,accepted
20260511_090921,401611,nominal,trader,0001001,True,accepted
20260511_090921,401612,nominal,trader,0000010,True,accepted
20260511_090921,401613,nominal,trader,0111110,True,accepted
20260511_090921,401614,nominal,trader,0110111,True,accepted
20260511_090921,401615,nominal,trader,0100101,True,accepted
20260511_090921,401616,nominal,trader,0100111,True,accepted
20260511_090921,401617,nominal,trader,0001001,True,accepted
20260511_090921,401618,nominal,trader,0000111,True,accepted
20260511_090921,401619,nominal,trader,1111100,True,accepted
20260511_090921,401620,nominal,trader,0111110,True,accepted
20260511_090921,401621,nominal,trader,0000000,True,accepted
20260511_090921,401622,nominal,trader,0001111,True,accepted
20260511_090921,401623,nominal,trader,0110111,True,accepted
20260511_090921,401624,nominal,trader,0000110,True,accepted
20260511_090921,401625,nominal,trader,1101101,True,accepted
20260511_090921,401626,nominal,trader,0101100,True,accepted
20260511_090921,401627,nominal,trader,0001100,True,accepted
20260511_090921,401628,nominal,trader,0001110,True,accepted
20260511_090921,401629,nominal,trader,0101110,True,accepted
20260511_090921,401630,nominal,trader,1100100,True,accepted
20260511_090921,401631,nominal,trader,0000011,True,accepted
20260511_090921,401632,nominal,trader,0100100,True,accepted
20260511_090921,401633,nominal,trader,0110101,True,accepted
20260511_090921,401634,nominal,trader,0111101,True,accepted
20260511_090921,401635,nominal,trader,0000001,True,accepted
20260511_090921,401636,nominal,trader,0001000,True,accepted
20260511_090921,401637,nominal,trader,1110110,True,accepted
20260511_090921,401638,nominal,trader,0100110,True,accepted
20260511_090921,401639,nominal,trader,0001010,True,accepted
20260511_090921,401640,nominal,trader,1100110,True,accepted
20260511_090921,401641,nominal,trader,0000010,True,accepted
20260511_090921,401642,nominal,trader,0001101,True,accepted
20260511_090921,401643,nominal,trader,0101111,True,accepted
20260511_090921,401644,nominal,trader,0101101,True,accepted
20260511_090921,401645,nominal,trader,0001011,True,accepted
20260511_090921,401646,nominal,trader,0000101,True,accepted
20260511_090921,401647,nominal,trader,1101110,True,accepted
20260511_090921,401648,nominal,trader,0000100,True,accepted
20260511_090921,401649,nominal,trader,1100110,True,accepted
20260511_090921,401650,nominal,trader,0101111,True,accepted
20260511_090921,401651,nominal,trader,0001111,True,accepted
20260511_090921,401652,nominal,trader,0001101,True,accepted
20260511_090921,401653,nominal,trader,0101101,True,accepted
20260511_090921,401654,nominal,trader,1101111,True,accepted
20260511_090921,401655,nominal,trader,0000111,True,accepted
20260511_090921,401656,nominal,trader,0111100,True,accepted
20260511_090921,401657,nominal,trader,0100100,True,accepted
20260511_090921,401658,nominal,trader,0000001,True,accepted
20260511_090921,401659,nominal,trader,1100100,True,accepted
20260511_090921,401660,nominal,trader,1111111,True,accepted
20260511_090921,401661,nominal,trader,0001000,True,accepted
20260511_090921,401662,nominal,trader,0001010,True,accepted
20260511_090921,401663,nominal,trader,0101100,True,accepted
20260511_090921,401664,nominal,trader,0001100,True,accepted
20260511_090921,401665,nominal,trader,0101100,True,accepted
20260511_090921,401666,nominal,trader,1101101,True,accepted
20260511_090921,401667,nominal,trader,0000110,True,accepted
20260511_090921,401668,nominal,trader,0000011,True,accepted
20260511_090921,401669,nominal,trader,1100100,True,accepted
20260511_090921,401670,nominal,trader,0101110,True,accepted
20260511_090921,401671,nominal,trader,0001110,True,accepted
20260511_090921,401672,nominal,trader,1111100,True,accepted
20260511_090921,401673,nominal,trader,0000111,True,accepted
20260511_090921,401674,nominal,trader,0001001,True,accepted
20260511_090921,401675,nominal,trader,0100111,True,accepted
20260511_090921,401676,nominal,trader,0110111,True,accepted
20260511_090921,401677,nominal,trader,0001111,True,accepted
20260511_090921,401678,nominal,trader,0000000,True,accepted
20260511_090921,401679,nominal,trader,0111110,True,accepted
20260511_090921,401680,nominal,trader,0001001,True,accepted
20260511_090921,401681,nominal,trader,1111101,True,accepted
20260511_090921,401682,nominal,trader,0100111,True,accepted
20260511_090921,401683,nominal,trader,0001011,True,accepted
20260511_090921,401684,nominal,trader,0100101,True,accepted
20260511_090921,401685,nominal,trader,0110111,True,accepted
20260511_090921,401686,nominal,trader,0111111,True,accepted
20260511_090921,401687,nominal,trader,0000010,True,accepted
20260511_090921,401688,nominal,trader,0101110,True,accepted
20260511_090921,401689,nominal,trader,0001100,True,accepted
20260511_090921,401690,nominal,trader,0000110,True,accepted
20260511_090921,401691,nominal,trader,1110101,True,accepted
20260511_090921,401692,nominal,trader,1101100,True,accepted
20260511_090921,401693,nominal,trader,0000100,True,accepted
20260511_090921,401694,nominal,trader,0001110,True,accepted
20260511_090921,401695,nominal,trader,0110101,True,accepted
20260511_090921,401696,nominal,trader,0111111,True,accepted
20260511_090921,401697,nominal,trader,0000001,True,accepted
20260511_090921,401698,nominal,trader,0100100,True,accepted
20260511_090921,401699,nominal,trader,0111100,True,accepted
20260511_090921,401700,nominal,trader,0101100,True,accepted
20260511_090921,401701,nominal,trader,0001010,True,accepted
20260511_090921,401702,nominal,trader,0001000,True,accepted
20260511_090921,401703,nominal,trader,1111111,True,accepted
20260511_090921,401704,nominal,trader,0001111,True,accepted
20260511_090921,401705,nominal,trader,0101111,True,accepted
20260511_090921,401706,nominal,trader,1100111,True,accepted
20260511_090921,401707,nominal,trader,0000100,True,accepted
20260511_090921,401708,nominal,trader,0000111,True,accepted
20260511_090921,401709,nominal,trader,1101111,True,accepted
20260511_090921,401710,nominal,trader,0101101,True,accepted
20260511_090921,401711,nominal,trader,0001101,True,accepted
20260511_090921,401712,nominal,trader,0101111,True,accepted
20260511_090921,401713,nominal,trader,0001101,True,accepted
20260511_090921,401714,nominal,trader,0000010,True,accepted
20260511_090921,401715,nominal,trader,1100110,True,accepted
20260511_090921,401716,nominal,trader,1101110,True,accepted
20260511_090921,401717,nominal,trader,0000101,True,accepted
20260511_090921,401718,nominal,trader,0001011,True,accepted
20260511_090921,401719,nominal,trader,0101101,True,accepted
20260511_090921,401720,nominal,trader,0000001,True,accepted
20260511_090921,401721,nominal,trader,0111101,True,accepted
20260511_090921,401722,nominal,trader,0110110,True,accepted
20260511_090921,401723,nominal,trader,0100100,True,accepted
20260511_090921,401724,nominal,trader,0001010,True,accepted
20260511_090921,401725,nominal,trader,0100110,True,accepted
20260511_090921,401726,nominal,trader,1110110,True,accepted
20260511_090921,401727,nominal,trader,0001000,True,accepted
20260511_090921,401728,nominal,trader,1101111,True,accepted
20260511_090921,401729,nominal,trader,0000110,True,accepted
20260511_090921,401730,nominal,trader,0001101,True,accepted
20260511_090921,401731,nominal,trader,0101110,True,accepted
20260511_090921,401732,nominal,trader,0110100,True,accepted
20260511_090921,401733,nominal,trader,0001111,True,accepted
20260511_090921,401734,nominal,trader,0000100,True,accepted
20260511_090921,401735,nominal,trader,1101100,True,accepted
20260511_090921,401736,nominal,trader,0001010,True,accepted
20260511_090921,401737,nominal,trader,0101100,True,accepted
20260511_090921,401738,nominal,trader,1111111,True,accepted
20260511_090921,401739,nominal,trader,0001000,True,accepted
20260511_090921,401740,nominal,trader,0000001,True,accepted
20260511_090921,401741,nominal,trader,0111111,True,accepted
20260511_090921,401742,nominal,trader,0111100,True,accepted
20260511_090921,401743,nominal,trader,0100101,True,accepted
20260511_090921,401744,nominal,trader,0100110,True,accepted
20260511_090921,401745,nominal,trader,0001010,True,accepted
20260511_090921,401746,nominal,trader,0001000,True,accepted
20260511_090921,401747,nominal,trader,1110111,True,accepted
20260511_090921,401748,nominal,trader,0111101,True,accepted
20260511_090921,401749,nominal,trader,0000000,True,accepted
20260511_090921,401750,nominal,trader,0100100,True,accepted
20260511_090921,401751,nominal,trader,0110110,True,accepted
20260511_090921,401752,nominal,trader,0000101,True,accepted
20260511_090921,401753,nominal,trader,1101110,True,accepted
20260511_090921,401754,nominal,trader,0101101,True,accepted
20260511_090921,401755,nominal,trader,0001100,True,accepted
20260511_090921,401756,nominal,trader,0001110,True,accepted
20260511_090921,401757,nominal,trader,0101111,True,accepted
20260511_090921,401758,nominal,trader,1100110,True,accepted
20260511_090921,401759,nominal,trader,0000011,True,accepted
20260511_090921,401760,nominal,trader,0001111,True,accepted
20260511_090921,401761,nominal,trader,0110110,True,accepted
20260511_090921,401762,nominal,trader,0111110,True,accepted
20260511_090921,401763,nominal,trader,0000000,True,accepted
20260511_090921,401764,nominal,trader,0000111,True,accepted
20260511_090921,401765,nominal,trader,1111100,True,accepted
20260511_090921,401766,nominal,trader,0100110,True,accepted
20260511_090921,401767,nominal,trader,0001001,True,accepted
20260511_090921,401768,nominal,trader,1100101,True,accepted
20260511_090921,401769,nominal,trader,0000011,True,accepted
20260511_090921,401770,nominal,trader,0001110,True,accepted
20260511_090921,401771,nominal,trader,0101111,True,accepted
20260511_090921,401772,nominal,trader,0101100,True,accepted
20260511_090921,401773,nominal,trader,0001100,True,accepted
