run_id,sobol_index,prior_mode,family_drawn,regime_state_drawn,accepted,rejection_reason
20260511_090501,101024,nominal,importer,0000011,True,accepted
20260511_090501,101025,nominal,importer,0001100,True,accepted
20260511_090501,101026,nominal,importer,0001011,True,accepted
20260511_090501,101027,nominal,importer,0000100,True,accepted
20260511_090501,101028,nominal,importer,0000111,True,accepted
20260511_090501,101029,nominal,importer,0001010,True,accepted
20260511_090501,101030,nominal,importer,0001111,True,accepted
20260511_090501,101031,nominal,importer,0000010,True,accepted
20260511_090501,101032,nominal,importer,0001011,True,accepted
20260511_090501,101033,nominal,importer,0000110,True,accepted
20260511_090501,101034,nominal,importer,0000011,True,accepted
20260511_090501,101035,nominal,importer,0001110,True,accepted
20260511_090501,101036,nominal,importer,0001111,True,accepted
20260511_090501,101037,nominal,importer,0000000,True,accepted
20260511_090501,101038,nominal,importer,0000111,True,accepted
20260511_090501,101039,nominal,importer,0001000,True,accepted
20260511_090501,101040,nominal,importer,0000101,True,accepted
20260511_090501,101041,nominal,importer,0001010,True,accepted
20260511_090501,101042,nominal,importer,0001101,True,accepted
20260511_090501,101043,nominal,importer,0000010,True,accepted
20260511_090501,101044,nominal,importer,0000001,True,accepted
20260511_090501,101045,nominal,importer,0001111,True,accepted
20260511_090501,101046,nominal,importer,0001001,True,accepted
20260511_090501,101047,nominal,importer,0001000,True,accepted
20260511_090501,101048,nominal,importer,0001101,True,accepted
20260511_090501,101049,nominal,importer,0000100,True,accepted
20260511_090501,101050,nominal,importer,0000101,True,accepted
20260511_090501,101051,nominal,importer,0001100,True,accepted
20260511_090501,101052,nominal,importer,0001001,True,accepted
20260511_090501,101053,nominal,importer,0000110,True,accepted
20260511_090501,101054,nominal,importer,0000001,True,accepted
20260511_090501,101055,nominal,importer,0001110,True,accepted
20260511_090501,101056,nominal,importer,0001001,True,accepted
20260511_090501,101057,nominal,importer,0001000,True,accepted
20260511_090501,101058,nominal,importer,0000000,True,accepted
20260511_090501,101059,nominal,importer,0001111,True,accepted
20260511_090501,101060,nominal,importer,0001101,True,accepted
20260511_090501,101061,nominal,importer,0000010,True,accepted
20260511_090501,101062,nominal,importer,0000110,True,accepted
20260511_090501,101063,nominal,importer,0001011,True,accepted
20260511_090501,101064,nominal,importer,0000001,True,accepted
20260511_090501,101065,nominal,importer,0001110,True,accepted
20260511_090501,101066,nominal,importer,0001010,True,accepted
20260511_090501,101067,nominal,importer,0000111,True,accepted
20260511_090501,101068,nominal,importer,0000101,True,accepted
20260511_090501,101069,nominal,importer,0001100,True,accepted
20260511_090501,101070,nominal,importer,0001101,True,accepted
20260511_090501,101071,nominal,importer,0000100,True,accepted
20260511_090501,101072,nominal,importer,0001110,True,accepted
20260511_090501,101073,nominal,importer,0000001,True,accepted
20260511_090501,101074,nominal,importer,0000111,True,accepted
20260511_090501,101075,nominal,importer,0001010,True,accepted
20260511_090501,101076,nominal,importer,0001100,True,accepted
20260511_090501,101077,nominal,importer,0000101,True,accepted
20260511_090501,101078,nominal,importer,0000100,True,accepted
20260511_090501,101079,nominal,importer,0001100,True,accepted
20260511_090501,101080,nominal,importer,0001000,True,accepted
20260511_090501,101081,nominal,importer,0001001,True,accepted
20260511_090501,101082,nominal,importer,0001111,True,accepted
20260511_090501,101083,nominal,importer,0000000,True,accepted
20260511_090501,101084,nominal,importer,0000011,True,accepted
20260511_090501,101085,nominal,importer,0001101,True,accepted
20260511_090501,101086,nominal,importer,0001011,True,accepted
20260511_090501,101087,nominal,importer,0000110,True,accepted
20260511_090501,101088,nominal,importer,0001100,True,accepted
20260511_090501,101089,nominal,importer,0000101,True,accepted
20260511_090501,101090,nominal,importer,0000100,True,accepted
20260511_090501,101091,nominal,importer,0001101,True,accepted
20260511_090501,101092,nominal,importer,0001110,True,accepted
20260511_090501,101093,nominal,importer,0000001,True,accepted
20260511_090501,101094,nominal,importer,0000111,True,accepted
20260511_090501,101095,nominal,importer,0001010,True,accepted
20260511_090501,101096,nominal,importer,0000010,True,accepted
20260511_090501,101097,nominal,importer,0001101,True,accepted
20260511_090501,101098,nominal,importer,0001011,True,accepted
20260511_090501,101099,nominal,importer,0000110,True,accepted
20260511_090501,101100,nominal,importer,0001000,True,accepted
20260511_090501,101101,nominal,importer,0001001,True,accepted
20260511_090501,101102,nominal,importer,0001111,True,accepted
20260511_090501,101103,nominal,importer,0000000,True,accepted
20260511_090501,101104,nominal,importer,0001110,True,accepted
20260511_090501,101105,nominal,importer,0000011,True,accepted
20260511_090501,101106,nominal,importer,0000110,True,accepted
20260511_090501,101107,nominal,importer,0001011,True,accepted
20260511_090501,101108,nominal,importer,0001001,True,accepted
20260511_090501,101109,nominal,importer,0001000,True,accepted
20260511_090501,101110,nominal,importer,0000000,True,accepted
20260511_090501,101111,nominal,importer,0001111,True,accepted
20260511_090501,101112,nominal,importer,0000101,True,accepted
20260511_090501,101113,nominal,importer,0001100,True,accepted
20260511_090501,101114,nominal,importer,0001100,True,accepted
20260511_090501,101115,nominal,importer,0000011,True,accepted
20260511_090501,101116,nominal,importer,0000010,True,accepted
20260511_090501,101117,nominal,importer,0001110,True,accepted
20260511_090501,101118,nominal,importer,0001010,True,accepted
20260511_090501,101119,nominal,importer,0000111,True,accepted
20260511_090501,101120,nominal,importer,0000000,True,accepted
20260511_090501,101121,nominal,importer,0001111,True,accepted
20260511_090501,101122,nominal,importer,0001000,True,accepted
20260511_090501,101123,nominal,importer,0000111,True,accepted
20260511_090501,101124,nominal,importer,0000110,True,accepted
20260511_090501,101125,nominal,importer,0001011,True,accepted
20260511_090501,101126,nominal,importer,0001110,True,accepted
20260511_090501,101127,nominal,importer,0000011,True,accepted
20260511_090501,101128,nominal,importer,0001010,True,accepted
20260511_090501,101129,nominal,importer,0000111,True,accepted
20260511_090501,101130,nominal,importer,0000010,True,accepted
20260511_090501,101131,nominal,importer,0001111,True,accepted
20260511_090501,101132,nominal,importer,0001100,True,accepted
20260511_090501,101133,nominal,importer,0000011,True,accepted
20260511_090501,101134,nominal,importer,0000100,True,accepted
20260511_090501,101135,nominal,importer,0001011,True,accepted
20260511_090501,101136,nominal,importer,0000110,True,accepted
20260511_090501,101137,nominal,importer,0001001,True,accepted
20260511_090501,101138,nominal,importer,0001110,True,accepted
20260511_090501,101139,nominal,importer,0000001,True,accepted
20260511_090501,101140,nominal,importer,0000100,True,accepted
20260511_090501,101141,nominal,importer,0001101,True,accepted
20260511_090501,101142,nominal,importer,0001100,True,accepted
20260511_090501,101143,nominal,importer,0000101,True,accepted
20260511_090501,101144,nominal,importer,0001111,True,accepted
20260511_090501,101145,nominal,importer,0000000,True,accepted
20260511_090501,101146,nominal,importer,0001000,True,accepted
20260511_090501,101147,nominal,importer,0001001,True,accepted
20260511_090501,101148,nominal,importer,0001010,True,accepted
20260511_090501,101149,nominal,importer,0000101,True,accepted
20260511_090501,101150,nominal,importer,0000010,True,accepted
20260511_090501,101151,nominal,importer,0001101,True,accepted
20260511_090501,101152,nominal,importer,0000011,True,accepted
20260511_090501,101153,nominal,importer,0001100,True,accepted
20260511_090501,101154,nominal,importer,0001100,True,accepted
20260511_090501,101155,nominal,importer,0000101,True,accepted
20260511_090501,101156,nominal,importer,0000111,True,accepted
20260511_090501,101157,nominal,importer,0001010,True,accepted
20260511_090501,101158,nominal,importer,0001110,True,accepted
20260511_090501,101159,nominal,importer,0000010,True,accepted
20260511_090501,101160,nominal,importer,0001011,True,accepted
20260511_090501,101161,nominal,importer,0000110,True,accepted
20260511_090501,101162,nominal,importer,0000011,True,accepted
20260511_090501,101163,nominal,importer,0001110,True,accepted
20260511_090501,101164,nominal,importer,0001111,True,accepted
20260511_090501,101165,nominal,importer,0000000,True,accepted
20260511_090501,101166,nominal,importer,0001000,True,accepted
20260511_090501,101167,nominal,importer,0001001,True,accepted
20260511_090501,101168,nominal,importer,0000110,True,accepted
20260511_090501,101169,nominal,importer,0001011,True,accepted
20260511_090501,101170,nominal,importer,0001101,True,accepted
20260511_090501,101171,nominal,importer,0000010,True,accepted
20260511_090501,101172,nominal,importer,0000000,True,accepted
20260511_090501,101173,nominal,importer,0001111,True,accepted
20260511_090501,101174,nominal,importer,0001001,True,accepted
20260511_090501,101175,nominal,importer,0001000,True,accepted
20260511_090501,101176,nominal,importer,0001101,True,accepted
20260511_090501,101177,nominal,importer,0000100,True,accepted
20260511_090501,101178,nominal,importer,0000101,True,accepted
20260511_090501,101179,nominal,importer,0001100,True,accepted
20260511_090501,101180,nominal,importer,0001010,True,accepted
20260511_090501,101181,nominal,importer,0000111,True,accepted
20260511_090501,101182,nominal,importer,0000001,True,accepted
20260511_090501,101183,nominal,importer,0001110,True,accepted
20260511_090501,101184,nominal,importer,0001001,True,accepted
20260511_090501,101185,nominal,importer,0001000,True,accepted
20260511_090501,101186,nominal,importer,0000001,True,accepted
20260511_090501,101187,nominal,importer,0001111,True,accepted
20260511_090501,101188,nominal,importer,0001101,True,accepted
20260511_090501,101189,nominal,importer,0000010,True,accepted
20260511_090501,101190,nominal,importer,0000101,True,accepted
20260511_090501,101191,nominal,importer,0001010,True,accepted
20260511_090501,101192,nominal,importer,0000001,True,accepted
20260511_090501,101193,nominal,importer,0001110,True,accepted
20260511_090501,101194,nominal,importer,0001001,True,accepted
20260511_090501,101195,nominal,importer,0000110,True,accepted
20260511_090501,101196,nominal,importer,0000101,True,accepted
20260511_090501,101197,nominal,importer,0001100,True,accepted
20260511_090501,101198,nominal,importer,0001101,True,accepted
20260511_090501,101199,nominal,importer,0000100,True,accepted
20260511_090501,101200,nominal,importer,0001110,True,accepted
20260511_090501,101201,nominal,importer,0000010,True,accepted
20260511_090501,101202,nominal,importer,0000111,True,accepted
20260511_090501,101203,nominal,importer,0001010,True,accepted
20260511_090501,101204,nominal,importer,0001011,True,accepted
20260511_090501,101205,nominal,importer,0000100,True,accepted
20260511_090501,101206,nominal,importer,0000011,True,accepted
20260511_090501,101207,nominal,importer,0001100,True,accepted
20260511_090501,101208,nominal,importer,0000111,True,accepted
20260511_090501,101209,nominal,importer,0001000,True,accepted
20260511_090501,101210,nominal,importer,0001111,True,accepted
20260511_090501,101211,nominal,importer,0000000,True,accepted
20260511_090501,101212,nominal,importer,0000011,True,accepted
20260511_090501,101213,nominal,importer,0001110,True,accepted
20260511_090501,101214,nominal,importer,0001011,True,accepted
20260511_090501,101215,nominal,importer,0000110,True,accepted
20260511_090501,101216,nominal,importer,0001100,True,accepted
20260511_090501,101217,nominal,importer,0000101,True,accepted
20260511_090501,101218,nominal,importer,0000100,True,accepted
20260511_090501,101219,nominal,importer,0001101,True,accepted
20260511_090501,101220,nominal,importer,0001110,True,accepted
20260511_090501,101221,nominal,importer,0000001,True,accepted
20260511_090501,101222,nominal,importer,0000110,True,accepted
20260511_090501,101223,nominal,importer,0001010,True,accepted
20260511_090501,101224,nominal,importer,0000010,True,accepted
20260511_090501,101225,nominal,importer,0001101,True,accepted
20260511_090501,101226,nominal,importer,0001010,True,accepted
20260511_090501,101227,nominal,importer,0000101,True,accepted
20260511_090501,101228,nominal,importer,0001000,True,accepted
20260511_090501,101229,nominal,importer,0001001,True,accepted
20260511_090501,101230,nominal,importer,0001111,True,accepted
20260511_090501,101231,nominal,importer,0000001,True,accepted
20260511_090501,101232,nominal,importer,0001110,True,accepted
20260511_090501,101233,nominal,importer,0000011,True,accepted
20260511_090501,101234,nominal,importer,0000110,True,accepted
20260511_090501,101235,nominal,importer,0001011,True,accepted
20260511_090501,101236,nominal,importer,0001000,True,accepted
20260511_090501,101237,nominal,importer,0000111,True,accepted
20260511_090501,101238,nominal,importer,0000000,True,accepted
20260511_090501,101239,nominal,importer,0001111,True,accepted
20260511_090501,101240,nominal,importer,0000100,True,accepted
20260511_090501,101241,nominal,importer,0001011,True,accepted
20260511_090501,101242,nominal,importer,0001100,True,accepted
20260511_090501,101243,nominal,importer,0000011,True,accepted
20260511_090501,101244,nominal,importer,0000010,True,accepted
20260511_090501,101245,nominal,importer,0001111,True,accepted
20260511_090501,101246,nominal,importer,0001010,True,accepted
20260511_090501,101247,nominal,importer,0000111,True,accepted
20260511_090501,101248,nominal,importer,0000000,True,accepted
20260511_090501,101249,nominal,importer,0001111,True,accepted
20260511_090501,101250,nominal,importer,0001001,True,accepted
20260511_090501,101251,nominal,importer,0001000,True,accepted
20260511_090501,101252,nominal,importer,0000110,True,accepted
20260511_090501,101253,nominal,importer,0001011,True,accepted
20260511_090501,101254,nominal,importer,0001110,True,accepted
20260511_090501,101255,nominal,importer,0000011,True,accepted
20260511_090501,101256,nominal,importer,0001010,True,accepted
20260511_090501,101257,nominal,importer,0000111,True,accepted
20260511_090501,101258,nominal,importer,0000001,True,accepted
20260511_090501,101259,nominal,importer,0001110,True,accepted
20260511_090501,101260,nominal,importer,0001100,True,accepted
20260511_090501,101261,nominal,importer,0000100,True,accepted
20260511_090501,101262,nominal,importer,0000100,True,accepted
20260511_090501,101263,nominal,importer,0001011,True,accepted
20260511_090501,101264,nominal,importer,0000110,True,accepted
20260511_090501,101265,nominal,importer,0001010,True,accepted
20260511_090501,101266,nominal,importer,0001110,True,accepted
20260511_090501,101267,nominal,importer,0000001,True,accepted
20260511_090501,101268,nominal,importer,0000100,True,accepted
20260511_090501,101269,nominal,importer,0001101,True,accepted
20260511_090501,101270,nominal,importer,0001100,True,accepted
20260511_090501,101271,nominal,importer,0000101,True,accepted
20260511_090501,101272,nominal,importer,0001111,True,accepted
20260511_090501,101273,nominal,importer,0000000,True,accepted
20260511_090501,101274,nominal,importer,0001000,True,accepted
20260511_090501,101275,nominal,importer,0001001,True,accepted
20260511_090501,101276,nominal,importer,0001011,True,accepted
20260511_090501,101277,nominal,importer,0000110,True,accepted
20260511_090501,101278,nominal,importer,0000010,True,accepted
20260511_090501,101279,nominal,importer,0001101,True,accepted
20260511_090501,101280,nominal,importer,0001100,True,accepted
20260511_090501,101281,nominal,importer,0000011,True,accepted
20260511_090501,101282,nominal,importer,0000100,True,accepted
20260511_090501,101283,nominal,importer,0001011,True,accepted
20260511_090501,101284,nominal,importer,0001010,True,accepted
20260511_090501,101285,nominal,importer,0000111,True,accepted
20260511_090501,101286,nominal,importer,0000010,True,accepted
20260511_090501,101287,nominal,importer,0001110,True,accepted
20260511_090501,101288,nominal,importer,0000110,True,accepted
20260511_090501,101289,nominal,importer,0001011,True,accepted
20260511_090501,101290,nominal,importer,0001110,True,accepted
20260511_090501,101291,nominal,importer,0000011,True,accepted
20260511_090501,101292,nominal,importer,0000000,True,accepted
20260511_090501,101293,nominal,importer,0001111,True,accepted
20260511_090501,101294,nominal,importer,0001000,True,accepted
20260511_090501,101295,nominal,importer,0000111,True,accepted
20260511_090501,101296,nominal,importer,0001010,True,accepted
20260511_090501,101297,nominal,importer,0000101,True,accepted
20260511_090501,101298,nominal,importer,0000010,True,accepted
20260511_090501,101299,nominal,importer,0001101,True,accepted
20260511_090501,101300,nominal,importer,0001111,True,accepted
20260511_090501,101301,nominal,importer,0000001,True,accepted
20260511_090501,101302,nominal,importer,0001000,True,accepted
20260511_090501,101303,nominal,importer,0001001,True,accepted
20260511_090501,101304,nominal,importer,0000100,True,accepted
20260511_090501,101305,nominal,importer,0001101,True,accepted
20260511_090501,101306,nominal,importer,0001100,True,accepted
20260511_090501,101307,nominal,importer,0000101,True,accepted
20260511_090501,101308,nominal,importer,0000110,True,accepted
20260511_090501,101309,nominal,importer,0001001,True,accepted
20260511_090501,101310,nominal,importer,0001110,True,accepted
20260511_090501,101311,nominal,importer,0000001,True,accepted
20260511_090501,101312,nominal,importer,0001000,True,accepted
20260511_090501,101313,nominal,importer,0001001,True,accepted
20260511_090501,101314,nominal,importer,0001111,True,accepted
20260511_090501,101315,nominal,importer,0000000,True,accepted
20260511_090501,101316,nominal,importer,0000010,True,accepted
20260511_090501,101317,nominal,importer,0001101,True,accepted
20260511_090501,101318,nominal,importer,0001011,True,accepted
20260511_090501,101319,nominal,importer,0000110,True,accepted
20260511_090501,101320,nominal,importer,0001110,True,accepted
20260511_090501,101321,nominal,importer,0000001,True,accepted
20260511_090501,101322,nominal,importer,0000111,True,accepted
20260511_090501,101323,nominal,importer,0001010,True,accepted
20260511_090501,101324,nominal,importer,0001100,True,accepted
20260511_090501,101325,nominal,importer,0000101,True,accepted
20260511_090501,101326,nominal,importer,0000100,True,accepted
20260511_090501,101327,nominal,importer,0001101,True,accepted
20260511_090501,101328,nominal,importer,0000010,True,accepted
20260511_090501,101329,nominal,importer,0001110,True,accepted
20260511_090501,101330,nominal,importer,0001010,True,accepted
20260511_090501,101331,nominal,importer,0000111,True,accepted
20260511_090501,101332,nominal,importer,0000101,True,accepted
20260511_090501,101333,nominal,importer,0001100,True,accepted
20260511_090501,101334,nominal,importer,0001100,True,accepted
20260511_090501,101335,nominal,importer,0000011,True,accepted
20260511_090501,101336,nominal,importer,0001001,True,accepted
20260511_090501,101337,nominal,importer,0001000,True,accepted
20260511_090501,101338,nominal,importer,0000000,True,accepted
20260511_090501,101339,nominal,importer,0001111,True,accepted
20260511_090501,101340,nominal,importer,0001110,True,accepted
20260511_090501,101341,nominal,importer,0000011,True,accepted
20260511_090501,101342,nominal,importer,0000110,True,accepted
20260511_090501,101343,nominal,importer,0001011,True,accepted
20260511_090501,101344,nominal,importer,0000101,True,accepted
20260511_090501,101345,nominal,importer,0001100,True,accepted
20260511_090501,101346,nominal,importer,0001101,True,accepted
20260511_090501,101347,nominal,importer,0000100,True,accepted
20260511_090501,101348,nominal,importer,0000001,True,accepted
20260511_090501,101349,nominal,importer,0001110,True,accepted
20260511_090501,101350,nominal,importer,0001010,True,accepted
20260511_090501,101351,nominal,importer,0000111,True,accepted
20260511_090501,101352,nominal,importer,0001101,True,accepted
20260511_090501,101353,nominal,importer,0000010,True,accepted
20260511_090501,101354,nominal,importer,0000110,True,accepted
20260511_090501,101355,nominal,importer,0001011,True,accepted
20260511_090501,101356,nominal,importer,0001001,True,accepted
20260511_090501,101357,nominal,importer,0001000,True,accepted
20260511_090501,101358,nominal,importer,0000000,True,accepted
20260511_090501,101359,nominal,importer,0001111,True,accepted
20260511_090501,101360,nominal,importer,0000011,True,accepted
20260511_090501,101361,nominal,importer,0001110,True,accepted
20260511_090501,101362,nominal,importer,0001011,True,accepted
20260511_090501,101363,nominal,importer,0000110,True,accepted
20260511_090501,101364,nominal,importer,0001000,True,accepted
20260511_090501,101365,nominal,importer,0001001,True,accepted
20260511_090501,101366,nominal,importer,0001111,True,accepted
20260511_090501,101367,nominal,importer,0000000,True,accepted
20260511_090501,101368,nominal,importer,0001011,True,accepted
20260511_090501,101369,nominal,importer,0000100,True,accepted
20260511_090501,101370,nominal,importer,0000100,True,accepted
20260511_090501,101371,nominal,importer,0001100,True,accepted
20260511_090501,101372,nominal,importer,0001110,True,accepted
20260511_090501,101373,nominal,importer,0000001,True,accepted
20260511_090501,101374,nominal,importer,0000111,True,accepted
20260511_090501,101375,nominal,importer,0001010,True,accepted
20260511_090501,101376,nominal,importer,0001111,True,accepted
20260511_090501,101377,nominal,importer,0000000,True,accepted
20260511_090501,101378,nominal,importer,0000111,True,accepted
20260511_090501,101379,nominal,importer,0001000,True,accepted
20260511_090501,101380,nominal,importer,0001011,True,accepted
20260511_090501,101381,nominal,importer,0000110,True,accepted
20260511_090501,101382,nominal,importer,0000011,True,accepted
20260511_090501,101383,nominal,importer,0001110,True,accepted
20260511_090501,101384,nominal,importer,0000111,True,accepted
20260511_090501,101385,nominal,importer,0001010,True,accepted
20260511_090501,101386,nominal,importer,0001111,True,accepted
20260511_090501,101387,nominal,importer,0000010,True,accepted
20260511_090501,101388,nominal,importer,0000011,True,accepted
20260511_090501,101389,nominal,importer,0001100,True,accepted
20260511_090501,101390,nominal,importer,0001011,True,accepted
20260511_090501,101391,nominal,importer,0000100,True,accepted
20260511_090501,101392,nominal,importer,0001010,True,accepted
20260511_090501,101393,nominal,importer,0000110,True,accepted
20260511_090501,101394,nominal,importer,0000001,True,accepted
20260511_090501,101395,nominal,importer,0001110,True,accepted
20260511_090501,101396,nominal,importer,0001101,True,accepted
20260511_090501,101397,nominal,importer,0000100,True,accepted
20260511_090501,101398,nominal,importer,0000101,True,accepted
20260511_090501,101399,nominal,importer,0001100,True,accepted
20260511_090501,101400,nominal,importer,0000001,True,accepted
20260511_090501,101401,nominal,importer,0001111,True,accepted
20260511_090501,101402,nominal,importer,0001001,True,accepted
20260511_090501,101403,nominal,importer,0001000,True,accepted
20260511_090501,101404,nominal,importer,0000101,True,accepted
20260511_090501,101405,nominal,importer,0001010,True,accepted
20260511_090501,101406,nominal,importer,0001101,True,accepted
20260511_090501,101407,nominal,importer,0000010,True,accepted
20260511_090501,101408,nominal,importer,0001100,True,accepted
20260511_090501,101409,nominal,importer,0000100,True,accepted
20260511_090501,101410,nominal,importer,0000101,True,accepted
20260511_090501,101411,nominal,importer,0001100,True,accepted
20260511_090501,101412,nominal,importer,0001010,True,accepted
20260511_090501,101413,nominal,importer,0000111,True,accepted
20260511_090501,101414,nominal,importer,0000001,True,accepted
20260511_090501,101415,nominal,importer,0001110,True,accepted
20260511_090501,101416,nominal,importer,0000110,True,accepted
20260511_090501,101417,nominal,importer,0001011,True,accepted
20260511_090501,101418,nominal,importer,0001101,True,accepted
20260511_090501,101419,nominal,importer,0000011,True,accepted
20260511_090501,101420,nominal,importer,0000000,True,accepted
20260511_090501,101421,nominal,importer,0001111,True,accepted
20260511_090501,101422,nominal,importer,0001001,True,accepted
20260511_090501,101423,nominal,importer,0001000,True,accepted
20260511_090501,101424,nominal,importer,0001010,True,accepted
20260511_090501,101425,nominal,importer,0000110,True,accepted
20260511_090501,101426,nominal,importer,0000010,True,accepted
20260511_090501,101427,nominal,importer,0001101,True,accepted
20260511_090501,101428,nominal,importer,0001111,True,accepted
20260511_090501,101429,nominal,importer,0000000,True,accepted
20260511_090501,101430,nominal,importer,0001000,True,accepted
20260511_090501,101431,nominal,importer,0001001,True,accepted
20260511_090501,101432,nominal,importer,0000100,True,accepted
20260511_090501,101433,nominal,importer,0001101,True,accepted
20260511_090501,101434,nominal,importer,0001100,True,accepted
20260511_090501,101435,nominal,importer,0000101,True,accepted
20260511_090501,101436,nominal,importer,0000111,True,accepted
20260511_090501,101437,nominal,importer,0001010,True,accepted
20260511_090501,101438,nominal,importer,0001110,True,accepted
20260511_090501,101439,nominal,importer,0000001,True,accepted
20260511_090501,101440,nominal,importer,0001000,True,accepted
20260511_090501,101441,nominal,importer,0001001,True,accepted
20260511_090501,101442,nominal,importer,0001111,True,accepted
20260511_090501,101443,nominal,importer,0000001,True,accepted
20260511_090501,101444,nominal,importer,0000010,True,accepted
20260511_090501,101445,nominal,importer,0001101,True,accepted
20260511_090501,101446,nominal,importer,0001010,True,accepted
20260511_090501,101447,nominal,importer,0000101,True,accepted
20260511_090501,101448,nominal,importer,0001110,True,accepted
20260511_090501,101449,nominal,importer,0000001,True,accepted
20260511_090501,101450,nominal,importer,0000110,True,accepted
20260511_090501,101451,nominal,importer,0001001,True,accepted
20260511_090501,101452,nominal,importer,0001100,True,accepted
20260511_090501,101453,nominal,importer,0000101,True,accepted
20260511_090501,101454,nominal,importer,0000100,True,accepted
20260511_090501,101455,nominal,importer,0001101,True,accepted
20260511_090501,101456,nominal,importer,0000010,True,accepted
20260511_090501,101457,nominal,importer,0001111,True,accepted
20260511_090501,101458,nominal,importer,0001010,True,accepted
20260511_090501,101459,nominal,importer,0000111,True,accepted
20260511_090501,101460,nominal,importer,0000100,True,accepted
20260511_090501,101461,nominal,importer,0001011,True,accepted
20260511_090501,101462,nominal,importer,0001100,True,accepted
20260511_090501,101463,nominal,importer,0000011,True,accepted
20260511_090501,101464,nominal,importer,0001000,True,accepted
20260511_090501,101465,nominal,importer,0000111,True,accepted
20260511_090501,101466,nominal,importer,0000000,True,accepted
20260511_090501,101467,nominal,importer,0001111,True,accepted
20260511_090501,101468,nominal,importer,0001110,True,accepted
20260511_090501,101469,nominal,importer,0000011,True,accepted
20260511_090501,101470,nominal,importer,0000110,True,accepted
20260511_090501,101471,nominal,importer,0001011,True,accepted
20260511_090501,101472,nominal,importer,0000101,True,accepted
20260511_090501,101473,nominal,importer,0001100,True,accepted
20260511_090501,101474,nominal,importer,0001101,True,accepted
20260511_090501,101475,nominal,importer,0000100,True,accepted
20260511_090501,101476,nominal,importer,0000001,True,accepted
20260511_090501,101477,nominal,importer,0001110,True,accepted
20260511_090501,101478,nominal,importer,0001001,True,accepted
20260511_090501,101479,nominal,importer,0000110,True,accepted
20260511_090501,101480,nominal,importer,0001101,True,accepted
20260511_090501,101481,nominal,importer,0000010,True,accepted
20260511_090501,101482,nominal,importer,0000101,True,accepted
20260511_090501,101483,nominal,importer,0001010,True,accepted
20260511_090501,101484,nominal,importer,0001001,True,accepted
20260511_090501,101485,nominal,importer,0001000,True,accepted
20260511_090501,101486,nominal,importer,0000000,True,accepted
20260511_090501,101487,nominal,importer,0001111,True,accepted
20260511_090501,101488,nominal,importer,0000011,True,accepted
20260511_090501,101489,nominal,importer,0001110,True,accepted
20260511_090501,101490,nominal,importer,0001011,True,accepted
20260511_090501,101491,nominal,importer,0000110,True,accepted
20260511_090501,101492,nominal,importer,0000111,True,accepted
20260511_090501,101493,nominal,importer,0001000,True,accepted
20260511_090501,101494,nominal,importer,0001111,True,accepted
20260511_090501,101495,nominal,importer,0000000,True,accepted
20260511_090501,101496,nominal,importer,0001011,True,accepted
20260511_090501,101497,nominal,importer,0000100,True,accepted
20260511_090501,101498,nominal,importer,0000011,True,accepted
20260511_090501,101499,nominal,importer,0001100,True,accepted
20260511_090501,101500,nominal,importer,0001111,True,accepted
20260511_090501,101501,nominal,importer,0000010,True,accepted
20260511_090501,101502,nominal,importer,0000111,True,accepted
20260511_090501,101503,nominal,importer,0001010,True,accepted
20260511_090501,101504,nominal,importer,0001111,True,accepted
20260511_090501,101505,nominal,importer,0000000,True,accepted
20260511_090501,101506,nominal,importer,0001000,True,accepted
20260511_090501,101507,nominal,importer,0001001,True,accepted
20260511_090501,101508,nominal,importer,0001011,True,accepted
20260511_090501,101509,nominal,importer,0000110,True,accepted
20260511_090501,101510,nominal,importer,0000011,True,accepted
20260511_090501,101511,nominal,importer,0001110,True,accepted
20260511_090501,101512,nominal,importer,0000111,True,accepted
20260511_090501,101513,nominal,importer,0001010,True,accepted
20260511_090501,101514,nominal,importer,0001110,True,accepted
20260511_090501,101515,nominal,importer,0000010,True,accepted
20260511_090501,101516,nominal,importer,0000011,True,accepted
20260511_090501,101517,nominal,importer,0001100,True,accepted
20260511_090501,101518,nominal,importer,0001100,True,accepted
20260511_090501,101519,nominal,importer,0000101,True,accepted
20260511_090501,101520,nominal,importer,0001010,True,accepted
20260511_090501,101521,nominal,importer,0000111,True,accepted
20260511_090501,101522,nominal,importer,0000001,True,accepted
20260511_090501,101523,nominal,importer,0001110,True,accepted
20260511_090501,101524,nominal,importer,0001101,True,accepted
20260511_090501,101525,nominal,importer,0000100,True,accepted
20260511_090501,101526,nominal,importer,0000101,True,accepted
20260511_090501,101527,nominal,importer,0001100,True,accepted
20260511_090501,101528,nominal,importer,0000000,True,accepted
20260511_090501,101529,nominal,importer,0001111,True,accepted
20260511_090501,101530,nominal,importer,0001001,True,accepted
20260511_090501,101531,nominal,importer,0001000,True,accepted
20260511_090501,101532,nominal,importer,0000110,True,accepted
20260511_090501,101533,nominal,importer,0001011,True,accepted
20260511_090501,101534,nominal,importer,0001101,True,accepted
20260511_090501,101535,nominal,importer,0000010,True,accepted
20260511_090501,101536,nominal,importer,0000100,True,accepted
20260511_090501,101537,nominal,importer,0001011,True,accepted
20260511_090501,101538,nominal,importer,0001100,True,accepted
20260511_090501,101539,nominal,importer,0000011,True,accepted
20260511_090501,101540,nominal,importer,0000010,True,accepted
20260511_090501,101541,nominal,importer,0001111,True,accepted
20260511_090501,101542,nominal,importer,0001010,True,accepted
20260511_090501,101543,nominal,importer,0000111,True,accepted
20260511_090501,101544,nominal,importer,0001110,True,accepted
20260511_090501,101545,nominal,importer,0000011,True,accepted
20260511_090501,101546,nominal,importer,0000110,True,accepted
20260511_090501,101547,nominal,importer,0001011,True,accepted
20260511_090501,101548,nominal,importer,0001000,True,accepted
20260511_090501,101549,nominal,importer,0000111,True,accepted
20260511_090501,101550,nominal,importer,0000000,True,accepted
20260511_090501,101551,nominal,importer,0001111,True,accepted
20260511_090501,101552,nominal,importer,0000010,True,accepted
20260511_090501,101553,nominal,importer,0001101,True,accepted
20260511_090501,101554,nominal,importer,0001010,True,accepted
20260511_090501,101555,nominal,importer,0000101,True,accepted
20260511_090501,101556,nominal,importer,0001000,True,accepted
20260511_090501,101557,nominal,importer,0001001,True,accepted
20260511_090501,101558,nominal,importer,0001111,True,accepted
20260511_090501,101559,nominal,importer,0000000,True,accepted
20260511_090501,101560,nominal,importer,0001100,True,accepted
20260511_090501,101561,nominal,importer,0000101,True,accepted
20260511_090501,101562,nominal,importer,0000100,True,accepted
20260511_090501,101563,nominal,importer,0001101,True,accepted
20260511_090501,101564,nominal,importer,0001110,True,accepted
20260511_090501,101565,nominal,importer,0000001,True,accepted
20260511_090501,101566,nominal,importer,0000110,True,accepted
20260511_090501,101567,nominal,importer,0001001,True,accepted
20260511_090501,101568,nominal,importer,0001111,True,accepted
20260511_090501,101569,nominal,importer,0000000,True,accepted
20260511_090501,101570,nominal,importer,0001000,True,accepted
20260511_090501,101571,nominal,importer,0001001,True,accepted
20260511_090501,101572,nominal,importer,0001011,True,accepted
20260511_090501,101573,nominal,importer,0000110,True,accepted
20260511_090501,101574,nominal,importer,0000010,True,accepted
20260511_090501,101575,nominal,importer,0001101,True,accepted
20260511_090501,101576,nominal,importer,0000111,True,accepted
20260511_090501,101577,nominal,importer,0001010,True,accepted
20260511_090501,101578,nominal,importer,0001110,True,accepted
20260511_090501,101579,nominal,importer,0000001,True,accepted
20260511_090501,101580,nominal,importer,0000100,True,accepted
20260511_090501,101581,nominal,importer,0001101,True,accepted
20260511_090501,101582,nominal,importer,0001100,True,accepted
20260511_090501,101583,nominal,importer,0000101,True,accepted
20260511_090501,101584,nominal,importer,0001010,True,accepted
20260511_090501,101585,nominal,importer,0000111,True,accepted
20260511_090501,101586,nominal,importer,0000010,True,accepted
20260511_090501,101587,nominal,importer,0001110,True,accepted
20260511_090501,101588,nominal,importer,0001100,True,accepted
20260511_090501,101589,nominal,importer,0000011,True,accepted
20260511_090501,101590,nominal,importer,0000101,True,accepted
20260511_090501,101591,nominal,importer,0001100,True,accepted
20260511_090501,101592,nominal,importer,0000000,True,accepted
20260511_090501,101593,nominal,importer,0001111,True,accepted
20260511_090501,101594,nominal,importer,0001001,True,accepted
20260511_090501,101595,nominal,importer,0001000,True,accepted
20260511_090501,101596,nominal,importer,0000110,True,accepted
20260511_090501,101597,nominal,importer,0001011,True,accepted
20260511_090501,101598,nominal,importer,0001110,True,accepted
20260511_090501,101599,nominal,importer,0000011,True,accepted
20260511_090501,101600,nominal,importer,0001101,True,accepted
20260511_090501,101601,nominal,importer,0000100,True,accepted
20260511_090501,101602,nominal,importer,0000101,True,accepted
20260511_090501,101603,nominal,importer,0001100,True,accepted
20260511_090501,101604,nominal,importer,0001010,True,accepted
20260511_090501,101605,nominal,importer,0000111,True,accepted
20260511_090501,101606,nominal,importer,0000001,True,accepted
20260511_090501,101607,nominal,importer,0001110,True,accepted
20260511_090501,101608,nominal,importer,0000110,True,accepted
20260511_090501,101609,nominal,importer,0001010,True,accepted
20260511_090501,101610,nominal,importer,0001101,True,accepted
20260511_090501,101611,nominal,importer,0000010,True,accepted
20260511_090501,101612,nominal,importer,0000000,True,accepted
20260511_090501,101613,nominal,importer,0001111,True,accepted
20260511_090501,101614,nominal,importer,0001001,True,accepted
20260511_090501,101615,nominal,importer,0001000,True,accepted
20260511_090501,101616,nominal,importer,0001011,True,accepted
20260511_090501,101617,nominal,importer,0000110,True,accepted
20260511_090501,101618,nominal,importer,0000010,True,accepted
20260511_090501,101619,nominal,importer,0001101,True,accepted
20260511_090501,101620,nominal,importer,0001111,True,accepted
20260511_090501,101621,nominal,importer,0000000,True,accepted
20260511_090501,101622,nominal,importer,0000111,True,accepted
20260511_090501,101623,nominal,importer,0001000,True,accepted
20260511_090501,101624,nominal,importer,0000100,True,accepted
20260511_090501,101625,nominal,importer,0001100,True,accepted
20260511_090501,101626,nominal,importer,0001011,True,accepted
20260511_090501,101627,nominal,importer,0000100,True,accepted
20260511_090501,101628,nominal,importer,0000111,True,accepted
20260511_090501,101629,nominal,importer,0001010,True,accepted
20260511_090501,101630,nominal,importer,0001110,True,accepted
20260511_090501,101631,nominal,importer,0000001,True,accepted
20260511_090501,101632,nominal,importer,0000111,True,accepted
20260511_090501,101633,nominal,importer,0001000,True,accepted
20260511_090501,101634,nominal,importer,0001111,True,accepted
20260511_090501,101635,nominal,importer,0000000,True,accepted
20260511_090501,101636,nominal,importer,0000011,True,accepted
20260511_090501,101637,nominal,importer,0001110,True,accepted
20260511_090501,101638,nominal,importer,0001011,True,accepted
20260511_090501,101639,nominal,importer,0000110,True,accepted
20260511_090501,101640,nominal,importer,0001111,True,accepted
20260511_090501,101641,nominal,importer,0000010,True,accepted
20260511_090501,101642,nominal,importer,0000111,True,accepted
20260511_090501,101643,nominal,importer,0001010,True,accepted
20260511_090501,101644,nominal,importer,0001011,True,accepted
20260511_090501,101645,nominal,importer,0000100,True,accepted
20260511_090501,101646,nominal,importer,0000011,True,accepted
20260511_090501,101647,nominal,importer,0001100,True,accepted
20260511_090501,101648,nominal,importer,0000001,True,accepted
20260511_090501,101649,nominal,importer,0001110,True,accepted
20260511_090501,101650,nominal,importer,0001001,True,accepted
20260511_090501,101651,nominal,importer,0000110,True,accepted
20260511_090501,101652,nominal,importer,0000101,True,accepted
20260511_090501,101653,nominal,importer,0001100,True,accepted
20260511_090501,101654,nominal,importer,0001101,True,accepted
20260511_090501,101655,nominal,importer,0000100,True,accepted
20260511_090501,101656,nominal,importer,0001001,True,accepted
20260511_090501,101657,nominal,importer,0001000,True,accepted
20260511_090501,101658,nominal,importer,0000001,True,accepted
20260511_090501,101659,nominal,importer,0001111,True,accepted
20260511_090501,101660,nominal,importer,0001101,True,accepted
20260511_090501,101661,nominal,importer,0000010,True,accepted
20260511_090501,101662,nominal,importer,0000110,True,accepted
20260511_090501,101663,nominal,importer,0001010,True,accepted
20260511_090501,101664,nominal,importer,0000100,True,accepted
20260511_090501,101665,nominal,importer,0001011,True,accepted
20260511_090501,101666,nominal,importer,0001101,True,accepted
20260511_090501,101667,nominal,importer,0000100,True,accepted
20260511_090501,101668,nominal,importer,0000001,True,accepted
20260511_090501,101669,nominal,importer,0001110,True,accepted
20260511_090501,101670,nominal,importer,0001010,True,accepted
20260511_090501,101671,nominal,importer,0000111,True,accepted
20260511_090501,101672,nominal,importer,0001110,True,accepted
20260511_090501,101673,nominal,importer,0000011,True,accepted
20260511_090501,101674,nominal,importer,0000110,True,accepted
20260511_090501,101675,nominal,importer,0001011,True,accepted
20260511_090501,101676,nominal,importer,0001001,True,accepted
20260511_090501,101677,nominal,importer,0001000,True,accepted
20260511_090501,101678,nominal,importer,0000000,True,accepted
20260511_090501,101679,nominal,importer,0001111,True,accepted
20260511_090501,101680,nominal,importer,0000010,True,accepted
20260511_090501,101681,nominal,importer,0001101,True,accepted
20260511_090501,101682,nominal,importer,0001011,True,accepted
20260511_090501,101683,nominal,importer,0000110,True,accepted
20260511_090501,101684,nominal,importer,0001000,True,accepted
20260511_090501,101685,nominal,importer,0001001,True,accepted
20260511_090501,101686,nominal,importer,0001111,True,accepted
20260511_090501,101687,nominal,importer,0000000,True,accepted
20260511_090501,101688,nominal,importer,0001100,True,accepted
20260511_090501,101689,nominal,importer,0000101,True,accepted
20260511_090501,101690,nominal,importer,0000100,True,accepted
20260511_090501,101691,nominal,importer,0001101,True,accepted
20260511_090501,101692,nominal,importer,0001110,True,accepted
20260511_090501,101693,nominal,importer,0000001,True,accepted
20260511_090501,101694,nominal,importer,0000110,True,accepted
20260511_090501,101695,nominal,importer,0001010,True,accepted
20260511_090501,101696,nominal,importer,0001111,True,accepted
20260511_090501,101697,nominal,importer,0000001,True,accepted
20260511_090501,101698,nominal,importer,0001000,True,accepted
20260511_090501,101699,nominal,importer,0001001,True,accepted
20260511_090501,101700,nominal,importer,0001010,True,accepted
20260511_090501,101701,nominal,importer,0000101,True,accepted
20260511_090501,101702,nominal,importer,0000010,True,accepted
20260511_090501,101703,nominal,importer,0001101,True,accepted
20260511_090501,101704,nominal,importer,0000110,True,accepted
20260511_090501,101705,nominal,importer,0001001,True,accepted
20260511_090501,101706,nominal,importer,0001110,True,accepted
20260511_090501,101707,nominal,importer,0000001,True,accepted
20260511_090501,101708,nominal,importer,0000100,True,accepted
20260511_090501,101709,nominal,importer,0001101,True,accepted
20260511_090501,101710,nominal,importer,0001100,True,accepted
20260511_090501,101711,nominal,importer,0000101,True,accepted
20260511_090501,101712,nominal,importer,0001010,True,accepted
20260511_090501,101713,nominal,importer,0000111,True,accepted
20260511_090501,101714,nominal,importer,0000010,True,accepted
20260511_090501,101715,nominal,importer,0001111,True,accepted
20260511_090501,101716,nominal,importer,0001100,True,accepted
20260511_090501,101717,nominal,importer,0000011,True,accepted
20260511_090501,101718,nominal,importer,0000100,True,accepted
20260511_090501,101719,nominal,importer,0001011,True,accepted
20260511_090501,101720,nominal,importer,0000000,True,accepted
20260511_090501,101721,nominal,importer,0001111,True,accepted
20260511_090501,101722,nominal,importer,0001000,True,accepted
20260511_090501,101723,nominal,importer,0000111,True,accepted
20260511_090501,101724,nominal,importer,0000110,True,accepted
20260511_090501,101725,nominal,importer,0001011,True,accepted
20260511_090501,101726,nominal,importer,0001110,True,accepted
20260511_090501,101727,nominal,importer,0000011,True,accepted
20260511_090501,101728,nominal,importer,0001101,True,accepted
20260511_090501,101729,nominal,importer,0000100,True,accepted
20260511_090501,101730,nominal,importer,0000101,True,accepted
20260511_090501,101731,nominal,importer,0001100,True,accepted
20260511_090501,101732,nominal,importer,0001001,True,accepted
20260511_090501,101733,nominal,importer,0000110,True,accepted
20260511_090501,101734,nominal,importer,0000001,True,accepted
20260511_090501,101735,nominal,importer,0001110,True,accepted
20260511_090501,101736,nominal,importer,0000101,True,accepted
20260511_090501,101737,nominal,importer,0001010,True,accepted
20260511_090501,101738,nominal,importer,0001101,True,accepted
20260511_090501,101739,nominal,importer,0000010,True,accepted
20260511_090501,101740,nominal,importer,0000000,True,accepted
20260511_090501,101741,nominal,importer,0001111,True,accepted
20260511_090501,101742,nominal,importer,0001001,True,accepted
20260511_090501,101743,nominal,importer,0001000,True,accepted
20260511_090501,101744,nominal,importer,0001011,True,accepted
20260511_090501,101745,nominal,importer,0000110,True,accepted
20260511_090501,101746,nominal,importer,0000011,True,accepted
20260511_090501,101747,nominal,importer,0001110,True,accepted
20260511_090501,101748,nominal,importer,0001111,True,accepted
20260511_090501,101749,nominal,importer,0000000,True,accepted
20260511_090501,101750,nominal,importer,0000111,True,accepted
20260511_090501,101751,nominal,importer,0001000,True,accepted
20260511_090501,101752,nominal,importer,0000011,True,accepted
20260511_090501,101753,nominal,importer,0001100,True,accepted
20260511_090501,101754,nominal,importer,0001011,True,accepted
20260511_090501,101755,nominal,importer,0000100,True,accepted
20260511_090501,101756,nominal,importer,0000111,True,accepted
20260511_090501,101757,nominal,importer,0001010,True,accepted
20260511_090501,101758,nominal,importer,0001110,True,accepted
20260511_090501,101759,nominal,importer,0000010,True,accepted
20260511_090501,101760,nominal,importer,0001000,True,accepted
20260511_090501,101761,nominal,importer,0001001,True,accepted
20260511_090501,101762,nominal,importer,0001111,True,accepted
20260511_090501,101763,nominal,importer,0000000,True,accepted
20260511_090501,101764,nominal,importer,0000011,True,accepted
20260511_090501,101765,nominal,importer,0001110,True,accepted
20260511_090501,101766,nominal,importer,0001011,True,accepted
20260511_090501,101767,nominal,importer,0000110,True,accepted
20260511_090501,101768,nominal,importer,0001110,True,accepted
20260511_090501,101769,nominal,importer,0000010,True,accepted
20260511_090501,101770,nominal,importer,0000111,True,accepted
20260511_090501,101771,nominal,importer,0001010,True,accepted
20260511_090501,101772,nominal,importer,0001100,True,accepted
20260511_090501,101773,nominal,importer,0000101,True,accepted
20260511_090501,101774,nominal,importer,0000011,True,accepted
20260511_090501,101775,nominal,importer,0001100,True,accepted
20260511_090501,101776,nominal,importer,0000001,True,accepted
20260511_090501,101777,nominal,importer,0001110,True,accepted
20260511_090501,101778,nominal,importer,0001010,True,accepted
20260511_090501,101779,nominal,importer,0000111,True,accepted
20260511_090501,101780,nominal,importer,0000101,True,accepted
20260511_090501,101781,nominal,importer,0001100,True,accepted
20260511_090501,101782,nominal,importer,0001101,True,accepted
20260511_090501,101783,nominal,importer,0000100,True,accepted
20260511_090501,101784,nominal,importer,0001001,True,accepted
20260511_090501,101785,nominal,importer,0001000,True,accepted
20260511_090501,101786,nominal,importer,0000000,True,accepted
20260511_090501,101787,nominal,importer,0001111,True,accepted
20260511_090501,101788,nominal,importer,0001101,True,accepted
20260511_090501,101789,nominal,importer,0000010,True,accepted
20260511_090501,101790,nominal,importer,0000110,True,accepted
20260511_090501,101791,nominal,importer,0001011,True,accepted
20260511_090501,101792,nominal,importer,0001011,True,accepted
20260511_090501,101793,nominal,importer,0000100,True,accepted
20260511_090501,101794,nominal,importer,0000011,True,accepted
20260511_090501,101795,nominal,importer,0001100,True,accepted
20260511_090501,101796,nominal,importer,0001111,True,accepted
20260511_090501,101797,nominal,importer,0000010,True,accepted
20260511_090501,101798,nominal,importer,0000111,True,accepted
20260511_090501,101799,nominal,importer,0001010,True,accepted
20260511_090501,101800,nominal,importer,0000011,True,accepted
20260511_090501,101801,nominal,importer,0001110,True,accepted
20260511_090501,101802,nominal,importer,0001011,True,accepted
20260511_090501,101803,nominal,importer,0000110,True,accepted
20260511_090501,101804,nominal,importer,0000111,True,accepted
20260511_090501,101805,nominal,importer,0001000,True,accepted
20260511_090501,101806,nominal,importer,0001111,True,accepted
20260511_090501,101807,nominal,importer,0000000,True,accepted
20260511_090501,101808,nominal,importer,0001101,True,accepted
20260511_090501,101809,nominal,importer,0000010,True,accepted
20260511_090501,101810,nominal,importer,0000101,True,accepted
20260511_090501,101811,nominal,importer,0001010,True,accepted
20260511_090501,101812,nominal,importer,0001001,True,accepted
20260511_090501,101813,nominal,importer,0001000,True,accepted
20260511_090501,101814,nominal,importer,0000001,True,accepted
20260511_090501,101815,nominal,importer,0001111,True,accepted
20260511_090501,101816,nominal,importer,0000101,True,accepted
20260511_090501,101817,nominal,importer,0001100,True,accepted
20260511_090501,101818,nominal,importer,0001101,True,accepted
20260511_090501,101819,nominal,importer,0000100,True,accepted
20260511_090501,101820,nominal,importer,0000001,True,accepted
20260511_090501,101821,nominal,importer,0001110,True,accepted
20260511_090501,101822,nominal,importer,0001010,True,accepted
20260511_090501,101823,nominal,importer,0000110,True,accepted
20260511_090501,101824,nominal,importer,0000000,True,accepted
20260511_090501,101825,nominal,importer,0001111,True,accepted
20260511_090501,101826,nominal,importer,0001001,True,accepted
20260511_090501,101827,nominal,importer,0001000,True,accepted
20260511_090501,101828,nominal,importer,0000110,True,accepted
20260511_090501,101829,nominal,importer,0001011,True,accepted
20260511_090501,101830,nominal,importer,0001101,True,accepted
20260511_090501,101831,nominal,importer,0000010,True,accepted
20260511_090501,101832,nominal,importer,0001010,True,accepted
20260511_090501,101833,nominal,importer,0000111,True,accepted
20260511_090501,101834,nominal,importer,0000001,True,accepted
20260511_090501,101835,nominal,importer,0001110,True,accepted
20260511_090501,101836,nominal,importer,0001101,True,accepted
20260511_090501,101837,nominal,importer,0000100,True,accepted
20260511_090501,101838,nominal,importer,0000101,True,accepted
20260511_090501,101839,nominal,importer,0001100,True,accepted
20260511_090501,101840,nominal,importer,0000111,True,accepted
20260511_090501,101841,nominal,importer,0001010,True,accepted
20260511_090501,101842,nominal,importer,0001110,True,accepted
20260511_090501,101843,nominal,importer,0000001,True,accepted
20260511_090501,101844,nominal,importer,0000100,True,accepted
20260511_090501,101845,nominal,importer,0001100,True,accepted
20260511_090501,101846,nominal,importer,0001011,True,accepted
20260511_090501,101847,nominal,importer,0000100,True,accepted
20260511_090501,101848,nominal,importer,0001111,True,accepted
20260511_090501,101849,nominal,importer,0000000,True,accepted
20260511_090501,101850,nominal,importer,0001000,True,accepted
20260511_090501,101851,nominal,importer,0001001,True,accepted
20260511_090501,101852,nominal,importer,0001011,True,accepted
20260511_090501,101853,nominal,importer,0000110,True,accepted
20260511_090501,101854,nominal,importer,0000011,True,accepted
20260511_090501,101855,nominal,importer,0001110,True,accepted
20260511_090501,101856,nominal,importer,0000100,True,accepted
20260511_090501,101857,nominal,importer,0001101,True,accepted
20260511_090501,101858,nominal,importer,0001100,True,accepted
20260511_090501,101859,nominal,importer,0000101,True,accepted
20260511_090501,101860,nominal,importer,0000111,True,accepted
20260511_090501,101861,nominal,importer,0001010,True,accepted
20260511_090501,101862,nominal,importer,0001110,True,accepted
20260511_090501,101863,nominal,importer,0000001,True,accepted
20260511_090501,101864,nominal,importer,0001011,True,accepted
20260511_090501,101865,nominal,importer,0000110,True,accepted
20260511_090501,101866,nominal,importer,0000010,True,accepted
20260511_090501,101867,nominal,importer,0001101,True,accepted
20260511_090501,101868,nominal,importer,0001111,True,accepted
20260511_090501,101869,nominal,importer,0000000,True,accepted
20260511_090501,101870,nominal,importer,0001000,True,accepted
20260511_090501,101871,nominal,importer,0001001,True,accepted
20260511_090501,101872,nominal,importer,0000110,True,accepted
20260511_090501,101873,nominal,importer,0001011,True,accepted
20260511_090501,101874,nominal,importer,0001110,True,accepted
20260511_090501,101875,nominal,importer,0000011,True,accepted
20260511_090501,101876,nominal,importer,0000000,True,accepted
20260511_090501,101877,nominal,importer,0001111,True,accepted
20260511_090501,101878,nominal,importer,0001001,True,accepted
20260511_090501,101879,nominal,importer,0001000,True,accepted
20260511_090501,101880,nominal,importer,0001100,True,accepted
20260511_090501,101881,nominal,importer,0000011,True,accepted
20260511_090501,101882,nominal,importer,0000101,True,accepted
20260511_090501,101883,nominal,importer,0001100,True,accepted
20260511_090501,101884,nominal,importer,0001010,True,accepted
20260511_090501,101885,nominal,importer,0000111,True,accepted
20260511_090501,101886,nominal,importer,0000010,True,accepted
20260511_090501,101887,nominal,importer,0001110,True,accepted
20260511_090501,101888,nominal,importer,0001000,True,accepted
20260511_090501,101889,nominal,importer,0000111,True,accepted
20260511_090501,101890,nominal,importer,0000000,True,accepted
20260511_090501,101891,nominal,importer,0001111,True,accepted
20260511_090501,101892,nominal,importer,0001110,True,accepted
20260511_090501,101893,nominal,importer,0000011,True,accepted
20260511_090501,101894,nominal,importer,0000110,True,accepted
20260511_090501,101895,nominal,importer,0001011,True,accepted
20260511_090501,101896,nominal,importer,0000010,True,accepted
20260511_090501,101897,nominal,importer,0001110,True,accepted
20260511_090501,101898,nominal,importer,0001010,True,accepted
20260511_090501,101899,nominal,importer,0000111,True,accepted
20260511_090501,101900,nominal,importer,0000100,True,accepted
20260511_090501,101901,nominal,importer,0001011,True,accepted
20260511_090501,101902,nominal,importer,0001100,True,accepted
20260511_090501,101903,nominal,importer,0000011,True,accepted
20260511_090501,101904,nominal,importer,0001110,True,accepted
20260511_090501,101905,nominal,importer,0000001,True,accepted
20260511_090501,101906,nominal,importer,0000110,True,accepted
20260511_090501,101907,nominal,importer,0001001,True,accepted
20260511_090501,101908,nominal,importer,0001100,True,accepted
20260511_090501,101909,nominal,importer,0000101,True,accepted
20260511_090501,101910,nominal,importer,0000100,True,accepted
20260511_090501,101911,nominal,importer,0001101,True,accepted
20260511_090501,101912,nominal,importer,0001000,True,accepted
20260511_090501,101913,nominal,importer,0001001,True,accepted
20260511_090501,101914,nominal,importer,0001111,True,accepted
20260511_090501,101915,nominal,importer,0000001,True,accepted
20260511_090501,101916,nominal,importer,0000010,True,accepted
20260511_090501,101917,nominal,importer,0001101,True,accepted
20260511_090501,101918,nominal,importer,0001010,True,accepted
20260511_090501,101919,nominal,importer,0000101,True,accepted
20260511_090501,101920,nominal,importer,0001100,True,accepted
20260511_090501,101921,nominal,importer,0000101,True,accepted
20260511_090501,101922,nominal,importer,0000011,True,accepted
20260511_090501,101923,nominal,importer,0001100,True,accepted
20260511_090501,101924,nominal,importer,0001110,True,accepted
20260511_090501,101925,nominal,importer,0000010,True,accepted
20260511_090501,101926,nominal,importer,0000111,True,accepted
20260511_090501,101927,nominal,importer,0001010,True,accepted
20260511_090501,101928,nominal,importer,0000011,True,accepted
20260511_090501,101929,nominal,importer,0001110,True,accepted
20260511_090501,101930,nominal,importer,0001011,True,accepted
20260511_090501,101931,nominal,importer,0000110,True,accepted
20260511_090501,101932,nominal,importer,0001000,True,accepted
20260511_090501,101933,nominal,importer,0001001,True,accepted
20260511_090501,101934,nominal,importer,0001111,True,accepted
20260511_090501,101935,nominal,importer,0000000,True,accepted
20260511_090501,101936,nominal,importer,0001101,True,accepted
20260511_090501,101937,nominal,importer,0000010,True,accepted
20260511_090501,101938,nominal,importer,0000110,True,accepted
20260511_090501,101939,nominal,importer,0001011,True,accepted
20260511_090501,101940,nominal,importer,0001001,True,accepted
20260511_090501,101941,nominal,importer,0001000,True,accepted
20260511_090501,101942,nominal,importer,0000000,True,accepted
20260511_090501,101943,nominal,importer,0001111,True,accepted
20260511_090501,101944,nominal,importer,0000101,True,accepted
20260511_090501,101945,nominal,importer,0001100,True,accepted
20260511_090501,101946,nominal,importer,0001101,True,accepted
20260511_090501,101947,nominal,importer,0000100,True,accepted
20260511_090501,101948,nominal,importer,0000001,True,accepted
20260511_090501,101949,nominal,importer,0001110,True,accepted
20260511_090501,101950,nominal,importer,0001010,True,accepted
20260511_090501,101951,nominal,importer,0000111,True,accepted
20260511_090501,101952,nominal,importer,0000000,True,accepted
20260511_090501,101953,nominal,importer,0001111,True,accepted
20260511_090501,101954,nominal,importer,0001001,True,accepted
20260511_090501,101955,nominal,importer,0001000,True,accepted
20260511_090501,101956,nominal,importer,0000101,True,accepted
20260511_090501,101957,nominal,importer,0001010,True,accepted
20260511_090501,101958,nominal,importer,0001101,True,accepted
20260511_090501,101959,nominal,importer,0000010,True,accepted
20260511_090501,101960,nominal,importer,0001001,True,accepted
20260511_090501,101961,nominal,importer,0000110,True,accepted
20260511_090501,101962,nominal,importer,0000001,True,accepted
20260511_090501,101963,nominal,importer,0001110,True,accepted
20260511_090501,101964,nominal,importer,0001101,True,accepted
20260511_090501,101965,nominal,importer,0000100,True,accepted
20260511_090501,101966,nominal,importer,0000101,True,accepted
20260511_090501,101967,nominal,importer,0001100,True,accepted
20260511_090501,101968,nominal,importer,0000111,True,accepted
20260511_090501,101969,nominal,importer,0001010,True,accepted
20260511_090501,101970,nominal,importer,0001111,True,accepted
20260511_090501,101971,nominal,importer,0000010,True,accepted
20260511_090501,101972,nominal,importer,0000011,True,accepted
20260511_090501,101973,nominal,importer,0001100,True,accepted
20260511_090501,101974,nominal,importer,0001011,True,accepted
20260511_090501,101975,nominal,importer,0000100,True,accepted
20260511_090501,101976,nominal,importer,0001111,True,accepted
20260511_090501,101977,nominal,importer,0000000,True,accepted
20260511_090501,101978,nominal,importer,0000111,True,accepted
20260511_090501,101979,nominal,importer,0001000,True,accepted
20260511_090501,101980,nominal,importer,0001011,True,accepted
20260511_090501,101981,nominal,importer,0000110,True,accepted
20260511_090501,101982,nominal,importer,0000011,True,accepted
20260511_090501,101983,nominal,importer,0001110,True,accepted
20260511_090501,101984,nominal,importer,0000100,True,accepted
20260511_090501,101985,nominal,importer,0001101,True,accepted
20260511_090501,101986,nominal,importer,0001100,True,accepted
20260511_090501,101987,nominal,importer,0000101,True,accepted
20260511_090501,101988,nominal,importer,0000110,True,accepted
20260511_090501,101989,nominal,importer,0001001,True,accepted
20260511_090501,101990,nominal,importer,0001110,True,accepted
20260511_090501,101991,nominal,importer,0000001,True,accepted
20260511_090501,101992,nominal,importer,0001010,True,accepted
20260511_090501,101993,nominal,importer,0000101,True,accepted
20260511_090501,101994,nominal,importer,0000010,True,accepted
20260511_090501,101995,nominal,importer,0001101,True,accepted
20260511_090501,101996,nominal,importer,0001111,True,accepted
20260511_090501,101997,nominal,importer,0000001,True,accepted
20260511_090501,101998,nominal,importer,0001000,True,accepted
20260511_090501,101999,nominal,importer,0001001,True,accepted
20260511_090501,102000,nominal,importer,0000110,True,accepted
20260511_090501,102001,nominal,importer,0001011,True,accepted
20260511_090501,102002,nominal,importer,0001110,True,accepted
20260511_090501,102003,nominal,importer,0000011,True,accepted
20260511_090501,102004,nominal,importer,0000000,True,accepted
20260511_090501,102005,nominal,importer,0001111,True,accepted
20260511_090501,102006,nominal,importer,0001000,True,accepted
20260511_090501,102007,nominal,importer,0000111,True,accepted
20260511_090501,102008,nominal,importer,0001100,True,accepted
20260511_090501,102009,nominal,importer,0000011,True,accepted
20260511_090501,102010,nominal,importer,0000100,True,accepted
20260511_090501,102011,nominal,importer,0001011,True,accepted
20260511_090501,102012,nominal,importer,0001010,True,accepted
20260511_090501,102013,nominal,importer,0000111,True,accepted
20260511_090501,102014,nominal,importer,0000010,True,accepted
20260511_090501,102015,nominal,importer,0001111,True,accepted
20260511_090501,102016,nominal,importer,0001001,True,accepted
20260511_090501,102017,nominal,importer,0001000,True,accepted
20260511_090501,102018,nominal,importer,0000000,True,accepted
20260511_090501,102019,nominal,importer,0001111,True,accepted
20260511_090501,102020,nominal,importer,0001110,True,accepted
20260511_090501,102021,nominal,importer,0000011,True,accepted
20260511_090501,102022,nominal,importer,0000110,True,accepted
20260511_090501,102023,nominal,importer,0001011,True,accepted
20260511_090501,102024,nominal,importer,0000010,True,accepted
20260511_090501,102025,nominal,importer,0001110,True,accepted
20260511_090501,102026,nominal,importer,0001010,True,accepted
20260511_090501,102027,nominal,importer,0000111,True,accepted
20260511_090501,102028,nominal,importer,0000101,True,accepted
20260511_090501,102029,nominal,importer,0001100,True,accepted
20260511_090501,102030,nominal,importer,0001100,True,accepted
20260511_090501,102031,nominal,importer,0000100,True,accepted
20260511_090501,102032,nominal,importer,0001110,True,accepted
20260511_090501,102033,nominal,importer,0000001,True,accepted
20260511_090501,102034,nominal,importer,0000111,True,accepted
20260511_090501,102035,nominal,importer,0001010,True,accepted
20260511_090501,102036,nominal,importer,0001100,True,accepted
20260511_090501,102037,nominal,importer,0000101,True,accepted
20260511_090501,102038,nominal,importer,0000100,True,accepted
20260511_090501,102039,nominal,importer,0001101,True,accepted
20260511_090501,102040,nominal,importer,0001000,True,accepted
20260511_090501,102041,nominal,importer,0001001,True,accepted
20260511_090501,102042,nominal,importer,0001111,True,accepted
20260511_090501,102043,nominal,importer,0000000,True,accepted
20260511_090501,102044,nominal,importer,0000010,True,accepted
20260511_090501,102045,nominal,importer,0001101,True,accepted
20260511_090501,102046,nominal,importer,0001010,True,accepted
20260511_090501,102047,nominal,importer,0000110,True,accepted
20260511_090501,102048,nominal,importer,0001011,True,accepted
20260511_090501,102049,nominal,importer,0000110,True,accepted
20260511_090501,102050,nominal,importer,0000011,True,accepted
20260511_090501,102051,nominal,importer,0001110,True,accepted
20260511_090501,102052,nominal,importer,0001111,True,accepted
20260511_090501,102053,nominal,importer,0000000,True,accepted
20260511_090501,102054,nominal,importer,0000111,True,accepted
20260511_090501,102055,nominal,importer,0001000,True,accepted
20260511_090501,102056,nominal,importer,0000011,True,accepted
20260511_090501,102057,nominal,importer,0001100,True,accepted
20260511_090501,102058,nominal,importer,0001011,True,accepted
20260511_090501,102059,nominal,importer,0000100,True,accepted
20260511_090501,102060,nominal,importer,0000111,True,accepted
20260511_090501,102061,nominal,importer,0001010,True,accepted
20260511_090501,102062,nominal,importer,0001111,True,accepted
20260511_090501,102063,nominal,importer,0000010,True,accepted
20260511_090501,102064,nominal,importer,0001101,True,accepted
20260511_090501,102065,nominal,importer,0000100,True,accepted
20260511_090501,102066,nominal,importer,0000101,True,accepted
20260511_090501,102067,nominal,importer,0001100,True,accepted
20260511_090501,102068,nominal,importer,0001010,True,accepted
20260511_090501,102069,nominal,importer,0000110,True,accepted
20260511_090501,102070,nominal,importer,0000001,True,accepted
20260511_090501,102071,nominal,importer,0001110,True,accepted
20260511_090501,102072,nominal,importer,0000101,True,accepted
20260511_090501,102073,nominal,importer,0001010,True,accepted
20260511_090501,102074,nominal,importer,0001101,True,accepted
20260511_090501,102075,nominal,importer,0000010,True,accepted
20260511_090501,102076,nominal,importer,0000001,True,accepted
20260511_090501,102077,nominal,importer,0001111,True,accepted
20260511_090501,102078,nominal,importer,0001001,True,accepted
20260511_090501,102079,nominal,importer,0001000,True,accepted
20260511_090501,102080,nominal,importer,0000001,True,accepted
20260511_090501,102081,nominal,importer,0001110,True,accepted
20260511_090501,102082,nominal,importer,0001010,True,accepted
20260511_090501,102083,nominal,importer,0000111,True,accepted
20260511_090501,102084,nominal,importer,0000101,True,accepted
20260511_090501,102085,nominal,importer,0001100,True,accepted
20260511_090501,102086,nominal,importer,0001101,True,accepted
20260511_090501,102087,nominal,importer,0000100,True,accepted
20260511_090501,102088,nominal,importer,0001001,True,accepted
20260511_090501,102089,nominal,importer,0001000,True,accepted
20260511_090501,102090,nominal,importer,0000000,True,accepted
20260511_090501,102091,nominal,importer,0001111,True,accepted
20260511_090501,102092,nominal,importer,0001101,True,accepted
20260511_090501,102093,nominal,importer,0000010,True,accepted
20260511_090501,102094,nominal,importer,0000110,True,accepted
20260511_090501,102095,nominal,importer,0001011,True,accepted
20260511_090501,102096,nominal,importer,0001000,True,accepted
20260511_090501,102097,nominal,importer,0001001,True,accepted
20260511_090501,102098,nominal,importer,0001111,True,accepted
20260511_090501,102099,nominal,importer,0000000,True,accepted
20260511_090501,102100,nominal,importer,0000011,True,accepted
20260511_090501,102101,nominal,importer,0001110,True,accepted
20260511_090501,102102,nominal,importer,0001011,True,accepted
20260511_090501,102103,nominal,importer,0000110,True,accepted
20260511_090501,102104,nominal,importer,0001110,True,accepted
20260511_090501,102105,nominal,importer,0000001,True,accepted
20260511_090501,102106,nominal,importer,0000111,True,accepted
20260511_090501,102107,nominal,importer,0001010,True,accepted
20260511_090501,102108,nominal,importer,0001011,True,accepted
20260511_090501,102109,nominal,importer,0000100,True,accepted
20260511_090501,102110,nominal,importer,0000100,True,accepted
20260511_090501,102111,nominal,importer,0001100,True,accepted
20260511_090501,102112,nominal,importer,0000010,True,accepted
20260511_090501,102113,nominal,importer,0001101,True,accepted
20260511_090501,102114,nominal,importer,0001011,True,accepted
20260511_090501,102115,nominal,importer,0000110,True,accepted
20260511_090501,102116,nominal,importer,0001000,True,accepted
20260511_090501,102117,nominal,importer,0001001,True,accepted
20260511_090501,102118,nominal,importer,0001111,True,accepted
20260511_090501,102119,nominal,importer,0000000,True,accepted
20260511_090501,102120,nominal,importer,0001100,True,accepted
20260511_090501,102121,nominal,importer,0000101,True,accepted
20260511_090501,102122,nominal,importer,0000100,True,accepted
20260511_090501,102123,nominal,importer,0001101,True,accepted
20260511_090501,102124,nominal,importer,0001110,True,accepted
20260511_090501,102125,nominal,importer,0000001,True,accepted
20260511_090501,102126,nominal,importer,0000111,True,accepted
20260511_090501,102127,nominal,importer,0001010,True,accepted
20260511_090501,102128,nominal,importer,0000101,True,accepted
20260511_090501,102129,nominal,importer,0001100,True,accepted
20260511_090501,102130,nominal,importer,0001100,True,accepted
20260511_090501,102131,nominal,importer,0000011,True,accepted
20260511_090501,102132,nominal,importer,0000010,True,accepted
20260511_090501,102133,nominal,importer,0001110,True,accepted
20260511_090501,102134,nominal,importer,0001010,True,accepted
20260511_090501,102135,nominal,importer,0000111,True,accepted
20260511_090501,102136,nominal,importer,0001110,True,accepted
20260511_090501,102137,nominal,importer,0000011,True,accepted
20260511_090501,102138,nominal,importer,0000110,True,accepted
20260511_090501,102139,nominal,importer,0001011,True,accepted
20260511_090501,102140,nominal,importer,0001001,True,accepted
20260511_090501,102141,nominal,importer,0001000,True,accepted
20260511_090501,102142,nominal,importer,0000000,True,accepted
20260511_090501,102143,nominal,importer,0001111,True,accepted
20260511_090501,102144,nominal,importer,0001010,True,accepted
20260511_090501,102145,nominal,importer,0000111,True,accepted
20260511_090501,102146,nominal,importer,0000010,True,accepted
20260511_090501,102147,nominal,importer,0001110,True,accepted
20260511_090501,102148,nominal,importer,0001100,True,accepted
20260511_090501,102149,nominal,importer,0000011,True,accepted
20260511_090501,102150,nominal,importer,0000100,True,accepted
20260511_090501,102151,nominal,importer,0001011,True,accepted
20260511_090501,102152,nominal,importer,0000000,True,accepted
20260511_090501,102153,nominal,importer,0001111,True,accepted
20260511_090501,102154,nominal,importer,0001000,True,accepted
20260511_090501,102155,nominal,importer,0000111,True,accepted
20260511_090501,102156,nominal,importer,0000110,True,accepted
20260511_090501,102157,nominal,importer,0001011,True,accepted
20260511_090501,102158,nominal,importer,0001110,True,accepted
20260511_090501,102159,nominal,importer,0000011,True,accepted
20260511_090501,102160,nominal,importer,0001111,True,accepted
20260511_090501,102161,nominal,importer,0000001,True,accepted
20260511_090501,102162,nominal,importer,0001000,True,accepted
20260511_090501,102163,nominal,importer,0001001,True,accepted
20260511_090501,102164,nominal,importer,0001010,True,accepted
20260511_090501,102165,nominal,importer,0000101,True,accepted
20260511_090501,102166,nominal,importer,0000010,True,accepted
20260511_090501,102167,nominal,importer,0001101,True,accepted
20260511_090501,102168,nominal,importer,0000110,True,accepted
20260511_090501,102169,nominal,importer,0001001,True,accepted
20260511_090501,102170,nominal,importer,0001110,True,accepted
20260511_090501,102171,nominal,importer,0000001,True,accepted
20260511_090501,102172,nominal,importer,0000100,True,accepted
20260511_090501,102173,nominal,importer,0001101,True,accepted
20260511_090501,102174,nominal,importer,0001100,True,accepted
20260511_090501,102175,nominal,importer,0000101,True,accepted
20260511_090501,102176,nominal,importer,0001011,True,accepted
20260511_090501,102177,nominal,importer,0000110,True,accepted
20260511_090501,102178,nominal,importer,0000011,True,accepted
20260511_090501,102179,nominal,importer,0001110,True,accepted
20260511_090501,102180,nominal,importer,0001111,True,accepted
20260511_090501,102181,nominal,importer,0000000,True,accepted
20260511_090501,102182,nominal,importer,0001000,True,accepted
20260511_090501,102183,nominal,importer,0001001,True,accepted
20260511_090501,102184,nominal,importer,0000011,True,accepted
20260511_090501,102185,nominal,importer,0001100,True,accepted
20260511_090501,102186,nominal,importer,0001100,True,accepted
20260511_090501,102187,nominal,importer,0000101,True,accepted
20260511_090501,102188,nominal,importer,0000111,True,accepted
20260511_090501,102189,nominal,importer,0001010,True,accepted
20260511_090501,102190,nominal,importer,0001110,True,accepted
20260511_090501,102191,nominal,importer,0000010,True,accepted
20260511_090501,102192,nominal,importer,0001101,True,accepted
20260511_090501,102193,nominal,importer,0000100,True,accepted
20260511_090501,102194,nominal,importer,0000101,True,accepted
20260511_090501,102195,nominal,importer,0001100,True,accepted
20260511_090501,102196,nominal,importer,0001010,True,accepted
20260511_090501,102197,nominal,importer,0000111,True,accepted
20260511_090501,102198,nominal,importer,0000001,True,accepted
20260511_090501,102199,nominal,importer,0001110,True,accepted
20260511_090501,102200,nominal,importer,0000110,True,accepted
20260511_090501,102201,nominal,importer,0001011,True,accepted
20260511_090501,102202,nominal,importer,0001101,True,accepted
20260511_090501,102203,nominal,importer,0000010,True,accepted
20260511_090501,102204,nominal,importer,0000000,True,accepted
20260511_090501,102205,nominal,importer,0001111,True,accepted
20260511_090501,102206,nominal,importer,0001001,True,accepted
20260511_090501,102207,nominal,importer,0001000,True,accepted
20260511_090501,102208,nominal,importer,0000001,True,accepted
20260511_090501,102209,nominal,importer,0001110,True,accepted
20260511_090501,102210,nominal,importer,0001001,True,accepted
20260511_090501,102211,nominal,importer,0000110,True,accepted
20260511_090501,102212,nominal,importer,0000101,True,accepted
20260511_090501,102213,nominal,importer,0001100,True,accepted
20260511_090501,102214,nominal,importer,0001101,True,accepted
20260511_090501,102215,nominal,importer,0000100,True,accepted
20260511_090501,102216,nominal,importer,0001001,True,accepted
20260511_090501,102217,nominal,importer,0001000,True,accepted
20260511_090501,102218,nominal,importer,0000000,True,accepted
20260511_090501,102219,nominal,importer,0001111,True,accepted
20260511_090501,102220,nominal,importer,0001101,True,accepted
20260511_090501,102221,nominal,importer,0000010,True,accepted
20260511_090501,102222,nominal,importer,0000101,True,accepted
20260511_090501,102223,nominal,importer,0001010,True,accepted
20260511_090501,102224,nominal,importer,0000111,True,accepted
20260511_090501,102225,nominal,importer,0001000,True,accepted
20260511_090501,102226,nominal,importer,0001111,True,accepted
20260511_090501,102227,nominal,importer,0000000,True,accepted
20260511_090501,102228,nominal,importer,0000011,True,accepted
20260511_090501,102229,nominal,importer,0001110,True,accepted
20260511_090501,102230,nominal,importer,0001011,True,accepted
20260511_090501,102231,nominal,importer,0000110,True,accepted
20260511_090501,102232,nominal,importer,0001111,True,accepted
20260511_090501,102233,nominal,importer,0000010,True,accepted
20260511_090501,102234,nominal,importer,0000111,True,accepted
20260511_090501,102235,nominal,importer,0001010,True,accepted
20260511_090501,102236,nominal,importer,0001011,True,accepted
20260511_090501,102237,nominal,importer,0000100,True,accepted
20260511_090501,102238,nominal,importer,0000011,True,accepted
20260511_090501,102239,nominal,importer,0001100,True,accepted
20260511_090501,102240,nominal,importer,0000010,True,accepted
20260511_090501,102241,nominal,importer,0001101,True,accepted
20260511_090501,102242,nominal,importer,0001010,True,accepted
20260511_090501,102243,nominal,importer,0000101,True,accepted
20260511_090501,102244,nominal,importer,0001000,True,accepted
20260511_090501,102245,nominal,importer,0001001,True,accepted
20260511_090501,102246,nominal,importer,0001111,True,accepted
20260511_090501,102247,nominal,importer,0000001,True,accepted
20260511_090501,102248,nominal,importer,0001100,True,accepted
20260511_090501,102249,nominal,importer,0000101,True,accepted
20260511_090501,102250,nominal,importer,0000100,True,accepted
20260511_090501,102251,nominal,importer,0001101,True,accepted
20260511_090501,102252,nominal,importer,0001110,True,accepted
20260511_090501,102253,nominal,importer,0000001,True,accepted
20260511_090501,102254,nominal,importer,0000110,True,accepted
20260511_090501,102255,nominal,importer,0001001,True,accepted
20260511_090501,102256,nominal,importer,0000100,True,accepted
20260511_090501,102257,nominal,importer,0001011,True,accepted
20260511_090501,102258,nominal,importer,0001100,True,accepted
20260511_090501,102259,nominal,importer,0000011,True,accepted
20260511_090501,102260,nominal,importer,0000010,True,accepted
20260511_090501,102261,nominal,importer,0001111,True,accepted
20260511_090501,102262,nominal,importer,0001010,True,accepted
20260511_090501,102263,nominal,importer,0000111,True,accepted
20260511_090501,102264,nominal,importer,0001110,True,accepted
20260511_090501,102265,nominal,importer,0000011,True,accepted
20260511_090501,102266,nominal,importer,0000110,True,accepted
20260511_090501,102267,nominal,importer,0001011,True,accepted
20260511_090501,102268,nominal,importer,0001000,True,accepted
20260511_090501,102269,nominal,importer,0000111,True,accepted
20260511_090501,102270,nominal,importer,0000000,True,accepted
20260511_090501,102271,nominal,importer,0001111,True,accepted
20260511_090501,102272,nominal,importer,0001010,True,accepted
20260511_090501,102273,nominal,importer,0000111,True,accepted
20260511_090501,102274,nominal,importer,0000001,True,accepted
20260511_090501,102275,nominal,importer,0001110,True,accepted
20260511_090501,102276,nominal,importer,0001100,True,accepted
20260511_090501,102277,nominal,importer,0000100,True,accepted
20260511_090501,102278,nominal,importer,0000101,True,accepted
20260511_090501,102279,nominal,importer,0001100,True,accepted
20260511_090501,102280,nominal,importer,0000000,True,accepted
20260511_090501,102281,nominal,importer,0001111,True,accepted
20260511_090501,102282,nominal,importer,0001001,True,accepted
20260511_090501,102283,nominal,importer,0001000,True,accepted
20260511_090501,102284,nominal,importer,0000110,True,accepted
20260511_090501,102285,nominal,importer,0001011,True,accepted
20260511_090501,102286,nominal,importer,0001110,True,accepted
20260511_090501,102287,nominal,importer,0000011,True,accepted
20260511_090501,102288,nominal,importer,0001111,True,accepted
20260511_090501,102289,nominal,importer,0000000,True,accepted
20260511_090501,102290,nominal,importer,0001000,True,accepted
20260511_090501,102291,nominal,importer,0001001,True,accepted
20260511_090501,102292,nominal,importer,0001010,True,accepted
20260511_090501,102293,nominal,importer,0000110,True,accepted
20260511_090501,102294,nominal,importer,0000010,True,accepted
20260511_090501,102295,nominal,importer,0001101,True,accepted
20260511_090501,102296,nominal,importer,0000111,True,accepted
20260511_090501,102297,nominal,importer,0001010,True,accepted
20260511_090501,102298,nominal,importer,0001110,True,accepted
20260511_090501,102299,nominal,importer,0000001,True,accepted
20260511_090501,102300,nominal,importer,0000100,True,accepted
20260511_090501,102301,nominal,importer,0001101,True,accepted
20260511_090501,102302,nominal,importer,0001100,True,accepted
20260511_090501,102303,nominal,importer,0000101,True,accepted
20260511_090501,102304,nominal,importer,0000110,True,accepted
20260511_090501,102305,nominal,importer,0001011,True,accepted
20260511_090501,102306,nominal,importer,0001110,True,accepted
20260511_090501,102307,nominal,importer,0000011,True,accepted
20260511_090501,102308,nominal,importer,0000000,True,accepted
20260511_090501,102309,nominal,importer,0001111,True,accepted
20260511_090501,102310,nominal,importer,0001000,True,accepted
20260511_090501,102311,nominal,importer,0000111,True,accepted
20260511_090501,102312,nominal,importer,0001100,True,accepted
20260511_090501,102313,nominal,importer,0000011,True,accepted
20260511_090501,102314,nominal,importer,0000100,True,accepted
20260511_090501,102315,nominal,importer,0001011,True,accepted
20260511_090501,102316,nominal,importer,0001010,True,accepted
20260511_090501,102317,nominal,importer,0000111,True,accepted
20260511_090501,102318,nominal,importer,0000010,True,accepted
20260511_090501,102319,nominal,importer,0001111,True,accepted
20260511_090501,102320,nominal,importer,0000100,True,accepted
20260511_090501,102321,nominal,importer,0001101,True,accepted
20260511_090501,102322,nominal,importer,0001100,True,accepted
20260511_090501,102323,nominal,importer,0000101,True,accepted
20260511_090501,102324,nominal,importer,0000110,True,accepted
20260511_090501,102325,nominal,importer,0001001,True,accepted
20260511_090501,102326,nominal,importer,0001110,True,accepted
20260511_090501,102327,nominal,importer,0000001,True,accepted
20260511_090501,102328,nominal,importer,0001010,True,accepted
20260511_090501,102329,nominal,importer,0000101,True,accepted
20260511_090501,102330,nominal,importer,0000010,True,accepted
20260511_090501,102331,nominal,importer,0001101,True,accepted
20260511_090501,102332,nominal,importer,0001111,True,accepted
20260511_090501,102333,nominal,importer,0000000,True,accepted
20260511_090501,102334,nominal,importer,0001000,True,accepted
20260511_090501,102335,nominal,importer,0001001,True,accepted
20260511_090501,102336,nominal,importer,0001110,True,accepted
20260511_090501,102337,nominal,importer,0000001,True,accepted
20260511_090501,102338,nominal,importer,0000111,True,accepted
20260511_090501,102339,nominal,importer,0001010,True,accepted
20260511_090501,102340,nominal,importer,0001100,True,accepted
20260511_090501,102341,nominal,importer,0000101,True,accepted
20260511_090501,102342,nominal,importer,0000100,True,accepted
20260511_090501,102343,nominal,importer,0001101,True,accepted
20260511_090501,102344,nominal,importer,0001000,True,accepted
20260511_090501,102345,nominal,importer,0001001,True,accepted
20260511_090501,102346,nominal,importer,0001111,True,accepted
20260511_090501,102347,nominal,importer,0000000,True,accepted
20260511_090501,102348,nominal,importer,0000010,True,accepted
20260511_090501,102349,nominal,importer,0001101,True,accepted
20260511_090501,102350,nominal,importer,0001011,True,accepted
20260511_090501,102351,nominal,importer,0000110,True,accepted
20260511_090501,102352,nominal,importer,0001001,True,accepted
20260511_090501,102353,nominal,importer,0001000,True,accepted
20260511_090501,102354,nominal,importer,0000000,True,accepted
20260511_090501,102355,nominal,importer,0001111,True,accepted
20260511_090501,102356,nominal,importer,0001110,True,accepted
20260511_090501,102357,nominal,importer,0000011,True,accepted
20260511_090501,102358,nominal,importer,0000110,True,accepted
20260511_090501,102359,nominal,importer,0001011,True,accepted
20260511_090501,102360,nominal,importer,0000010,True,accepted
20260511_090501,102361,nominal,importer,0001110,True,accepted
20260511_090501,102362,nominal,importer,0001010,True,accepted
20260511_090501,102363,nominal,importer,0000111,True,accepted
20260511_090501,102364,nominal,importer,0000101,True,accepted
20260511_090501,102365,nominal,importer,0001100,True,accepted
20260511_090501,102366,nominal,importer,0001100,True,accepted
20260511_090501,102367,nominal,importer,0000011,True,accepted
20260511_090501,102368,nominal,importer,0001101,True,accepted
20260511_090501,102369,nominal,importer,0000010,True,accepted
20260511_090501,102370,nominal,importer,0000110,True,accepted
20260511_090501,102371,nominal,importer,0001010,True,accepted
20260511_090501,102372,nominal,importer,0001001,True,accepted
20260511_090501,102373,nominal,importer,0001000,True,accepted
20260511_090501,102374,nominal,importer,0000000,True,accepted
20260511_090501,102375,nominal,importer,0001111,True,accepted
20260511_090501,102376,nominal,importer,0000101,True,accepted
20260511_090501,102377,nominal,importer,0001100,True,accepted
20260511_090501,102378,nominal,importer,0001101,True,accepted
20260511_090501,102379,nominal,importer,0000100,True,accepted
20260511_090501,102380,nominal,importer,0000001,True,accepted
20260511_090501,102381,nominal,importer,0001110,True,accepted
20260511_090501,102382,nominal,importer,0001010,True,accepted
20260511_090501,102383,nominal,importer,0000111,True,accepted
20260511_090501,102384,nominal,importer,0001011,True,accepted
20260511_090501,102385,nominal,importer,0000100,True,accepted
20260511_090501,102386,nominal,importer,0000100,True,accepted
20260511_090501,102387,nominal,importer,0001100,True,accepted
20260511_090501,102388,nominal,importer,0001110,True,accepted
20260511_090501,102389,nominal,importer,0000001,True,accepted
20260511_090501,102390,nominal,importer,0000111,True,accepted
20260511_090501,102391,nominal,importer,0001010,True,accepted
20260511_090501,102392,nominal,importer,0000010,True,accepted
20260511_090501,102393,nominal,importer,0001101,True,accepted
20260511_090501,102394,nominal,importer,0001011,True,accepted
20260511_090501,102395,nominal,importer,0000110,True,accepted
20260511_090501,102396,nominal,importer,0000111,True,accepted
20260511_090501,102397,nominal,importer,0001000,True,accepted
20260511_090501,102398,nominal,importer,0001111,True,accepted
20260511_090501,102399,nominal,importer,0000000,True,accepted
20260511_090501,102400,nominal,importer,0000111,True,accepted
20260511_090501,102401,nominal,importer,0001010,True,accepted
20260511_090501,102402,nominal,importer,0001111,True,accepted
20260511_090501,102403,nominal,importer,0000010,True,accepted
20260511_090501,102404,nominal,importer,0000011,True,accepted
20260511_090501,102405,nominal,importer,0001100,True,accepted
20260511_090501,102406,nominal,importer,0001011,True,accepted
20260511_090501,102407,nominal,importer,0000100,True,accepted
20260511_090501,102408,nominal,importer,0001111,True,accepted
20260511_090501,102409,nominal,importer,0000000,True,accepted
20260511_090501,102410,nominal,importer,0000111,True,accepted
20260511_090501,102411,nominal,importer,0001000,True,accepted
20260511_090501,102412,nominal,importer,0001011,True,accepted
20260511_090501,102413,nominal,importer,0000110,True,accepted
20260511_090501,102414,nominal,importer,0000011,True,accepted
20260511_090501,102415,nominal,importer,0001110,True,accepted
20260511_090501,102416,nominal,importer,0000001,True,accepted
20260511_090501,102417,nominal,importer,0001111,True,accepted
20260511_090501,102418,nominal,importer,0001001,True,accepted
20260511_090501,102419,nominal,importer,0001000,True,accepted
20260511_090501,102420,nominal,importer,0000110,True,accepted
20260511_090501,102421,nominal,importer,0001010,True,accepted
20260511_090501,102422,nominal,importer,0001101,True,accepted
20260511_090501,102423,nominal,importer,0000010,True,accepted
20260511_090501,102424,nominal,importer,0001001,True,accepted
20260511_090501,102425,nominal,importer,0000110,True,accepted
20260511_090501,102426,nominal,importer,0000001,True,accepted
20260511_090501,102427,nominal,importer,0001110,True,accepted
20260511_090501,102428,nominal,importer,0001101,True,accepted
20260511_090501,102429,nominal,importer,0000100,True,accepted
20260511_090501,102430,nominal,importer,0000101,True,accepted
20260511_090501,102431,nominal,importer,0001100,True,accepted
20260511_090501,102432,nominal,importer,0000110,True,accepted
20260511_090501,102433,nominal,importer,0001011,True,accepted
20260511_090501,102434,nominal,importer,0001110,True,accepted
20260511_090501,102435,nominal,importer,0000011,True,accepted
20260511_090501,102436,nominal,importer,0000000,True,accepted
20260511_090501,102437,nominal,importer,0001111,True,accepted
20260511_090501,102438,nominal,importer,0001001,True,accepted
20260511_090501,102439,nominal,importer,0001000,True,accepted
20260511_090501,102440,nominal,importer,0001101,True,accepted
20260511_090501,102441,nominal,importer,0000100,True,accepted
20260511_090501,102442,nominal,importer,0000100,True,accepted
20260511_090501,102443,nominal,importer,0001011,True,accepted
20260511_090501,102444,nominal,importer,0001010,True,accepted
20260511_090501,102445,nominal,importer,0000111,True,accepted
20260511_090501,102446,nominal,importer,0000001,True,accepted
20260511_090501,102447,nominal,importer,0001110,True,accepted
20260511_090501,102448,nominal,importer,0000100,True,accepted
20260511_090501,102449,nominal,importer,0001101,True,accepted
20260511_090501,102450,nominal,importer,0001100,True,accepted
20260511_090501,102451,nominal,importer,0000101,True,accepted
20260511_090501,102452,nominal,importer,0000110,True,accepted
20260511_090501,102453,nominal,importer,0001010,True,accepted
20260511_090501,102454,nominal,importer,0001110,True,accepted
20260511_090501,102455,nominal,importer,0000001,True,accepted
20260511_090501,102456,nominal,importer,0001011,True,accepted
20260511_090501,102457,nominal,importer,0000110,True,accepted
20260511_090501,102458,nominal,importer,0000010,True,accepted
20260511_090501,102459,nominal,importer,0001101,True,accepted
20260511_090501,102460,nominal,importer,0001111,True,accepted
20260511_090501,102461,nominal,importer,0000000,True,accepted
20260511_090501,102462,nominal,importer,0001000,True,accepted
20260511_090501,102463,nominal,importer,0001001,True,accepted
20260511_090501,102464,nominal,importer,0001110,True,accepted
20260511_090501,102465,nominal,importer,0000001,True,accepted
20260511_090501,102466,nominal,importer,0000110,True,accepted
20260511_090501,102467,nominal,importer,0001001,True,accepted
20260511_090501,102468,nominal,importer,0001100,True,accepted
20260511_090501,102469,nominal,importer,0000101,True,accepted
20260511_090501,102470,nominal,importer,0000100,True,accepted
20260511_090501,102471,nominal,importer,0001101,True,accepted
20260511_090501,102472,nominal,importer,0001000,True,accepted
20260511_090501,102473,nominal,importer,0001001,True,accepted
20260511_090501,102474,nominal,importer,0001111,True,accepted
20260511_090501,102475,nominal,importer,0000001,True,accepted
20260511_090501,102476,nominal,importer,0000010,True,accepted
20260511_090501,102477,nominal,importer,0001101,True,accepted
20260511_090501,102478,nominal,importer,0001010,True,accepted
20260511_090501,102479,nominal,importer,0000101,True,accepted
20260511_090501,102480,nominal,importer,0001000,True,accepted
20260511_090501,102481,nominal,importer,0000111,True,accepted
20260511_090501,102482,nominal,importer,0000000,True,accepted
20260511_090501,102483,nominal,importer,0001111,True,accepted
20260511_090501,102484,nominal,importer,0001110,True,accepted
20260511_090501,102485,nominal,importer,0000011,True,accepted
20260511_090501,102486,nominal,importer,0000110,True,accepted
20260511_090501,102487,nominal,importer,0001011,True,accepted
20260511_090501,102488,nominal,importer,0000010,True,accepted
20260511_090501,102489,nominal,importer,0001111,True,accepted
20260511_090501,102490,nominal,importer,0001010,True,accepted
20260511_090501,102491,nominal,importer,0000111,True,accepted
20260511_090501,102492,nominal,importer,0000100,True,accepted
20260511_090501,102493,nominal,importer,0001011,True,accepted
20260511_090501,102494,nominal,importer,0001100,True,accepted
20260511_090501,102495,nominal,importer,0000011,True,accepted
20260511_090501,102496,nominal,importer,0001101,True,accepted
20260511_090501,102497,nominal,importer,0000010,True,accepted
20260511_090501,102498,nominal,importer,0000101,True,accepted
20260511_090501,102499,nominal,importer,0001010,True,accepted
20260511_090501,102500,nominal,importer,0001001,True,accepted
20260511_090501,102501,nominal,importer,0001000,True,accepted
20260511_090501,102502,nominal,importer,0000000,True,accepted
20260511_090501,102503,nominal,importer,0001111,True,accepted
20260511_090501,102504,nominal,importer,0000101,True,accepted
20260511_090501,102505,nominal,importer,0001100,True,accepted
20260511_090501,102506,nominal,importer,0001101,True,accepted
20260511_090501,102507,nominal,importer,0000100,True,accepted
20260511_090501,102508,nominal,importer,0000001,True,accepted
20260511_090501,102509,nominal,importer,0001110,True,accepted
20260511_090501,102510,nominal,importer,0001001,True,accepted
20260511_090501,102511,nominal,importer,0000110,True,accepted
20260511_090501,102512,nominal,importer,0001011,True,accepted
20260511_090501,102513,nominal,importer,0000100,True,accepted
20260511_090501,102514,nominal,importer,0000011,True,accepted
20260511_090501,102515,nominal,importer,0001100,True,accepted
20260511_090501,102516,nominal,importer,0001110,True,accepted
20260511_090501,102517,nominal,importer,0000010,True,accepted
20260511_090501,102518,nominal,importer,0000111,True,accepted
20260511_090501,102519,nominal,importer,0001010,True,accepted
20260511_090501,102520,nominal,importer,0000011,True,accepted
20260511_090501,102521,nominal,importer,0001110,True,accepted
20260511_090501,102522,nominal,importer,0001011,True,accepted
20260511_090501,102523,nominal,importer,0000110,True,accepted
20260511_090501,102524,nominal,importer,0000111,True,accepted
20260511_090501,102525,nominal,importer,0001000,True,accepted
20260511_090501,102526,nominal,importer,0001111,True,accepted
20260511_090501,102527,nominal,importer,0000000,True,accepted
20260511_090501,102528,nominal,importer,0000111,True,accepted
20260511_090501,102529,nominal,importer,0001010,True,accepted
20260511_090501,102530,nominal,importer,0001110,True,accepted
20260511_090501,102531,nominal,importer,0000010,True,accepted
20260511_090501,102532,nominal,importer,0000011,True,accepted
20260511_090501,102533,nominal,importer,0001100,True,accepted
20260511_090501,102534,nominal,importer,0001100,True,accepted
20260511_090501,102535,nominal,importer,0000101,True,accepted
20260511_090501,102536,nominal,importer,0001111,True,accepted
20260511_090501,102537,nominal,importer,0000000,True,accepted
20260511_090501,102538,nominal,importer,0001000,True,accepted
20260511_090501,102539,nominal,importer,0001001,True,accepted
20260511_090501,102540,nominal,importer,0001011,True,accepted
20260511_090501,102541,nominal,importer,0000110,True,accepted
20260511_090501,102542,nominal,importer,0000011,True,accepted
20260511_090501,102543,nominal,importer,0001110,True,accepted
20260511_090501,102544,nominal,importer,0000000,True,accepted
20260511_090501,102545,nominal,importer,0001111,True,accepted
20260511_090501,102546,nominal,importer,0001001,True,accepted
20260511_090501,102547,nominal,importer,0001000,True,accepted
20260511_090501,102548,nominal,importer,0000110,True,accepted
20260511_090501,102549,nominal,importer,0001011,True,accepted
20260511_090501,102550,nominal,importer,0001101,True,accepted
20260511_090501,102551,nominal,importer,0000010,True,accepted
20260511_090501,102552,nominal,importer,0001010,True,accepted
20260511_090501,102553,nominal,importer,0000111,True,accepted
20260511_090501,102554,nominal,importer,0000001,True,accepted
20260511_090501,102555,nominal,importer,0001110,True,accepted
20260511_090501,102556,nominal,importer,0001101,True,accepted
20260511_090501,102557,nominal,importer,0000100,True,accepted
20260511_090501,102558,nominal,importer,0000101,True,accepted
20260511_090501,102559,nominal,importer,0001100,True,accepted
20260511_090501,102560,nominal,importer,0001110,True,accepted
20260511_090501,102561,nominal,importer,0000011,True,accepted
20260511_090501,102562,nominal,importer,0000110,True,accepted
20260511_090501,102563,nominal,importer,0001011,True,accepted
20260511_090501,102564,nominal,importer,0001000,True,accepted
20260511_090501,102565,nominal,importer,0000111,True,accepted
20260511_090501,102566,nominal,importer,0000000,True,accepted
20260511_090501,102567,nominal,importer,0001111,True,accepted
20260511_090501,102568,nominal,importer,0000100,True,accepted
20260511_090501,102569,nominal,importer,0001011,True,accepted
20260511_090501,102570,nominal,importer,0001100,True,accepted
20260511_090501,102571,nominal,importer,0000011,True,accepted
20260511_090501,102572,nominal,importer,0000010,True,accepted
20260511_090501,102573,nominal,importer,0001110,True,accepted
20260511_090501,102574,nominal,importer,0001010,True,accepted
20260511_090501,102575,nominal,importer,0000111,True,accepted
20260511_090501,102576,nominal,importer,0001100,True,accepted
20260511_090501,102577,nominal,importer,0000101,True,accepted
20260511_090501,102578,nominal,importer,0000100,True,accepted
20260511_090501,102579,nominal,importer,0001101,True,accepted
20260511_090501,102580,nominal,importer,0001110,True,accepted
20260511_090501,102581,nominal,importer,0000001,True,accepted
20260511_090501,102582,nominal,importer,0000110,True,accepted
20260511_090501,102583,nominal,importer,0001001,True,accepted
20260511_090501,102584,nominal,importer,0000010,True,accepted
20260511_090501,102585,nominal,importer,0001101,True,accepted
20260511_090501,102586,nominal,importer,0001010,True,accepted
20260511_090501,102587,nominal,importer,0000101,True,accepted
20260511_090501,102588,nominal,importer,0001000,True,accepted
20260511_090501,102589,nominal,importer,0001001,True,accepted
20260511_090501,102590,nominal,importer,0001111,True,accepted
20260511_090501,102591,nominal,importer,0000001,True,accepted
20260511_090501,102592,nominal,importer,0000111,True,accepted
20260511_090501,102593,nominal,importer,0001010,True,accepted
20260511_090501,102594,nominal,importer,0001110,True,accepted
20260511_090501,102595,nominal,importer,0000001,True,accepted
20260511_090501,102596,nominal,importer,0000100,True,accepted
20260511_090501,102597,nominal,importer,0001101,True,accepted
20260511_090501,102598,nominal,importer,0001100,True,accepted
20260511_090501,102599,nominal,importer,0000101,True,accepted
20260511_090501,102600,nominal,importer,0001111,True,accepted
20260511_090501,102601,nominal,importer,0000000,True,accepted
20260511_090501,102602,nominal,importer,0001000,True,accepted
20260511_090501,102603,nominal,importer,0001001,True,accepted
20260511_090501,102604,nominal,importer,0001011,True,accepted
20260511_090501,102605,nominal,importer,0000110,True,accepted
20260511_090501,102606,nominal,importer,0000010,True,accepted
20260511_090501,102607,nominal,importer,0001101,True,accepted
20260511_090501,102608,nominal,importer,0000000,True,accepted
20260511_090501,102609,nominal,importer,0001111,True,accepted
20260511_090501,102610,nominal,importer,0001001,True,accepted
20260511_090501,102611,nominal,importer,0001000,True,accepted
20260511_090501,102612,nominal,importer,0000110,True,accepted
20260511_090501,102613,nominal,importer,0001011,True,accepted
20260511_090501,102614,nominal,importer,0001110,True,accepted
20260511_090501,102615,nominal,importer,0000011,True,accepted
20260511_090501,102616,nominal,importer,0001010,True,accepted
20260511_090501,102617,nominal,importer,0000111,True,accepted
20260511_090501,102618,nominal,importer,0000010,True,accepted
20260511_090501,102619,nominal,importer,0001110,True,accepted
20260511_090501,102620,nominal,importer,0001100,True,accepted
20260511_090501,102621,nominal,importer,0000011,True,accepted
20260511_090501,102622,nominal,importer,0000101,True,accepted
20260511_090501,102623,nominal,importer,0001100,True,accepted
20260511_090501,102624,nominal,importer,0000110,True,accepted
20260511_090501,102625,nominal,importer,0001011,True,accepted
20260511_090501,102626,nominal,importer,0001101,True,accepted
20260511_090501,102627,nominal,importer,0000010,True,accepted
20260511_090501,102628,nominal,importer,0000000,True,accepted
20260511_090501,102629,nominal,importer,0001111,True,accepted
20260511_090501,102630,nominal,importer,0001001,True,accepted
20260511_090501,102631,nominal,importer,0001000,True,accepted
20260511_090501,102632,nominal,importer,0001101,True,accepted
20260511_090501,102633,nominal,importer,0000100,True,accepted
20260511_090501,102634,nominal,importer,0000101,True,accepted
20260511_090501,102635,nominal,importer,0001100,True,accepted
20260511_090501,102636,nominal,importer,0001010,True,accepted
20260511_090501,102637,nominal,importer,0000111,True,accepted
20260511_090501,102638,nominal,importer,0000001,True,accepted
20260511_090501,102639,nominal,importer,0001110,True,accepted
20260511_090501,102640,nominal,importer,0000100,True,accepted
20260511_090501,102641,nominal,importer,0001100,True,accepted
20260511_090501,102642,nominal,importer,0001011,True,accepted
20260511_090501,102643,nominal,importer,0000100,True,accepted
20260511_090501,102644,nominal,importer,0000111,True,accepted
20260511_090501,102645,nominal,importer,0001010,True,accepted
20260511_090501,102646,nominal,importer,0001110,True,accepted
20260511_090501,102647,nominal,importer,0000001,True,accepted
20260511_090501,102648,nominal,importer,0001011,True,accepted
20260511_090501,102649,nominal,importer,0000110,True,accepted
20260511_090501,102650,nominal,importer,0000011,True,accepted
20260511_090501,102651,nominal,importer,0001110,True,accepted
20260511_090501,102652,nominal,importer,0001111,True,accepted
20260511_090501,102653,nominal,importer,0000000,True,accepted
20260511_090501,102654,nominal,importer,0001000,True,accepted
20260511_090501,102655,nominal,importer,0001001,True,accepted
20260511_090501,102656,nominal,importer,0001111,True,accepted
20260511_090501,102657,nominal,importer,0000010,True,accepted
20260511_090501,102658,nominal,importer,0000111,True,accepted
20260511_090501,102659,nominal,importer,0001010,True,accepted
20260511_090501,102660,nominal,importer,0001011,True,accepted
20260511_090501,102661,nominal,importer,0000100,True,accepted
20260511_090501,102662,nominal,importer,0000011,True,accepted
20260511_090501,102663,nominal,importer,0001100,True,accepted
20260511_090501,102664,nominal,importer,0000111,True,accepted
20260511_090501,102665,nominal,importer,0001000,True,accepted
20260511_090501,102666,nominal,importer,0001111,True,accepted
20260511_090501,102667,nominal,importer,0000000,True,accepted
20260511_090501,102668,nominal,importer,0000011,True,accepted
20260511_090501,102669,nominal,importer,0001110,True,accepted
20260511_090501,102670,nominal,importer,0001011,True,accepted
20260511_090501,102671,nominal,importer,0000110,True,accepted
20260511_090501,102672,nominal,importer,0001001,True,accepted
20260511_090501,102673,nominal,importer,0001000,True,accepted
20260511_090501,102674,nominal,importer,0000001,True,accepted
20260511_090501,102675,nominal,importer,0001111,True,accepted
20260511_090501,102676,nominal,importer,0001101,True,accepted
20260511_090501,102677,nominal,importer,0000010,True,accepted
20260511_090501,102678,nominal,importer,0000101,True,accepted
20260511_090501,102679,nominal,importer,0001010,True,accepted
20260511_090501,102680,nominal,importer,0000001,True,accepted
20260511_090501,102681,nominal,importer,0001110,True,accepted
20260511_090501,102682,nominal,importer,0001010,True,accepted
20260511_090501,102683,nominal,importer,0000110,True,accepted
20260511_090501,102684,nominal,importer,0000101,True,accepted
20260511_090501,102685,nominal,importer,0001100,True,accepted
20260511_090501,102686,nominal,importer,0001101,True,accepted
20260511_090501,102687,nominal,importer,0000100,True,accepted
20260511_090501,102688,nominal,importer,0001101,True,accepted
20260511_090501,102689,nominal,importer,0000011,True,accepted
20260511_090501,102690,nominal,importer,0000110,True,accepted
20260511_090501,102691,nominal,importer,0001011,True,accepted
20260511_090501,102692,nominal,importer,0001001,True,accepted
20260511_090501,102693,nominal,importer,0001000,True,accepted
20260511_090501,102694,nominal,importer,0000000,True,accepted
20260511_090501,102695,nominal,importer,0001111,True,accepted
20260511_090501,102696,nominal,importer,0000101,True,accepted
20260511_090501,102697,nominal,importer,0001100,True,accepted
20260511_090501,102698,nominal,importer,0001100,True,accepted
20260511_090501,102699,nominal,importer,0000100,True,accepted
20260511_090501,102700,nominal,importer,0000001,True,accepted
20260511_090501,102701,nominal,importer,0001110,True,accepted
20260511_090501,102702,nominal,importer,0001010,True,accepted
20260511_090501,102703,nominal,importer,0000111,True,accepted
20260511_090501,102704,nominal,importer,0001100,True,accepted
20260511_090501,102705,nominal,importer,0000101,True,accepted
20260511_090501,102706,nominal,importer,0000100,True,accepted
20260511_090501,102707,nominal,importer,0001101,True,accepted
20260511_090501,102708,nominal,importer,0001110,True,accepted
20260511_090501,102709,nominal,importer,0000001,True,accepted
20260511_090501,102710,nominal,importer,0000111,True,accepted
20260511_090501,102711,nominal,importer,0001010,True,accepted
20260511_090501,102712,nominal,importer,0000010,True,accepted
20260511_090501,102713,nominal,importer,0001101,True,accepted
20260511_090501,102714,nominal,importer,0001010,True,accepted
20260511_090501,102715,nominal,importer,0000110,True,accepted
20260511_090501,102716,nominal,importer,0001000,True,accepted
20260511_090501,102717,nominal,importer,0001001,True,accepted
20260511_090501,102718,nominal,importer,0001111,True,accepted
20260511_090501,102719,nominal,importer,0000000,True,accepted
20260511_090501,102720,nominal,importer,0000110,True,accepted
20260511_090501,102721,nominal,importer,0001001,True,accepted
20260511_090501,102722,nominal,importer,0001110,True,accepted
20260511_090501,102723,nominal,importer,0000001,True,accepted
20260511_090501,102724,nominal,importer,0000100,True,accepted
20260511_090501,102725,nominal,importer,0001101,True,accepted
20260511_090501,102726,nominal,importer,0001100,True,accepted
20260511_090501,102727,nominal,importer,0000101,True,accepted
20260511_090501,102728,nominal,importer,0001111,True,accepted
20260511_090501,102729,nominal,importer,0000001,True,accepted
20260511_090501,102730,nominal,importer,0001000,True,accepted
20260511_090501,102731,nominal,importer,0001001,True,accepted
20260511_090501,102732,nominal,importer,0001010,True,accepted
20260511_090501,102733,nominal,importer,0000101,True,accepted
20260511_090501,102734,nominal,importer,0000010,True,accepted
20260511_090501,102735,nominal,importer,0001101,True,accepted
20260511_090501,102736,nominal,importer,0000000,True,accepted
20260511_090501,102737,nominal,importer,0001111,True,accepted
20260511_090501,102738,nominal,importer,0001000,True,accepted
20260511_090501,102739,nominal,importer,0000111,True,accepted
20260511_090501,102740,nominal,importer,0000110,True,accepted
20260511_090501,102741,nominal,importer,0001011,True,accepted
20260511_090501,102742,nominal,importer,0001110,True,accepted
20260511_090501,102743,nominal,importer,0000011,True,accepted
20260511_090501,102744,nominal,importer,0001010,True,accepted
20260511_090501,102745,nominal,importer,0000111,True,accepted
20260511_090501,102746,nominal,importer,0000010,True,accepted
20260511_090501,102747,nominal,importer,0001111,True,accepted
20260511_090501,102748,nominal,importer,0001100,True,accepted
20260511_090501,102749,nominal,importer,0000011,True,accepted
20260511_090501,102750,nominal,importer,0000100,True,accepted
20260511_090501,102751,nominal,importer,0001011,True,accepted
20260511_090501,102752,nominal,importer,0000101,True,accepted
20260511_090501,102753,nominal,importer,0001010,True,accepted
20260511_090501,102754,nominal,importer,0001101,True,accepted
20260511_090501,102755,nominal,importer,0000010,True,accepted
20260511_090501,102756,nominal,importer,0000000,True,accepted
20260511_090501,102757,nominal,importer,0001111,True,accepted
20260511_090501,102758,nominal,importer,0001001,True,accepted
20260511_090501,102759,nominal,importer,0001000,True,accepted
20260511_090501,102760,nominal,importer,0001101,True,accepted
20260511_090501,102761,nominal,importer,0000100,True,accepted
20260511_090501,102762,nominal,importer,0000101,True,accepted
20260511_090501,102763,nominal,importer,0001100,True,accepted
20260511_090501,102764,nominal,importer,0001001,True,accepted
20260511_090501,102765,nominal,importer,0000110,True,accepted
20260511_090501,102766,nominal,importer,0000001,True,accepted
20260511_090501,102767,nominal,importer,0001110,True,accepted
20260511_090501,102768,nominal,importer,0000011,True,accepted
20260511_090501,102769,nominal,importer,0001100,True,accepted
20260511_090501,102770,nominal,importer,0001011,True,accepted
20260511_090501,102771,nominal,importer,0000100,True,accepted
20260511_090501,102772,nominal,importer,0000111,True,accepted
20260511_090501,102773,nominal,importer,0001010,True,accepted
20260511_090501,201024,nominal,exporter,0001110,True,accepted
20260511_090501,201025,nominal,exporter,1100100,True,accepted
20260511_090501,201026,nominal,exporter,0101100,True,accepted
20260511_090501,201027,nominal,exporter,0001000,True,accepted
20260511_090501,201028,nominal,exporter,0000000,True,accepted
20260511_090501,201029,nominal,exporter,0101110,True,accepted
20260511_090501,201030,nominal,exporter,1101110,True,accepted
20260511_090501,201031,nominal,exporter,0001010,True,accepted
20260511_090501,201032,nominal,exporter,0100110,True,accepted
20260511_090501,201033,nominal,exporter,0000100,True,accepted
20260511_090501,201034,nominal,exporter,0001110,True,accepted
20260511_090501,201035,nominal,exporter,0111110,True,accepted
20260511_090501,201036,nominal,exporter,1110110,True,accepted
20260511_090501,201037,nominal,exporter,0001100,True,accepted
20260511_090501,201038,nominal,exporter,0000100,True,accepted
20260511_090501,201039,nominal,exporter,0110110,True,accepted
20260511_090501,201040,nominal,exporter,0000110,True,accepted
20260511_090501,201041,nominal,exporter,0100110,True,accepted
20260511_090501,201042,nominal,exporter,0111100,True,accepted
20260511_090501,201043,nominal,exporter,0001110,True,accepted
20260511_090501,201044,nominal,exporter,0001100,True,accepted
20260511_090501,201045,nominal,exporter,1111100,True,accepted
20260511_090501,201046,nominal,exporter,0110100,True,accepted
20260511_090501,201047,nominal,exporter,0000010,True,accepted
20260511_090501,201048,nominal,exporter,1100110,True,accepted
20260511_090501,201049,nominal,exporter,0100100,True,accepted
20260511_090501,201050,nominal,exporter,0000110,True,accepted
20260511_090501,201051,nominal,exporter,0101100,True,accepted
20260511_090501,201052,nominal,exporter,0101110,True,accepted
20260511_090501,201053,nominal,exporter,0000000,True,accepted
20260511_090501,201054,nominal,exporter,0001000,True,accepted
20260511_090501,201055,nominal,exporter,1101100,True,accepted
20260511_090501,201056,nominal,exporter,0110110,True,accepted
20260511_090501,201057,nominal,exporter,0000010,True,accepted
20260511_090501,201058,nominal,exporter,0001100,True,accepted
20260511_090501,201059,nominal,exporter,1111110,True,accepted
20260511_090501,201060,nominal,exporter,0111110,True,accepted
20260511_090501,201061,nominal,exporter,0001110,True,accepted
20260511_090501,201062,nominal,exporter,0000110,True,accepted
20260511_090501,201063,nominal,exporter,0100110,True,accepted
20260511_090501,201064,nominal,exporter,0001010,True,accepted
20260511_090501,201065,nominal,exporter,1101110,True,accepted
20260511_090501,201066,nominal,exporter,0110100,True,accepted
20260511_090501,201067,nominal,exporter,0000010,True,accepted
20260511_090501,201068,nominal,exporter,0001000,True,accepted
20260511_090501,201069,nominal,exporter,0101100,True,accepted
20260511_090501,201070,nominal,exporter,1101100,True,accepted
20260511_090501,201071,nominal,exporter,0100100,True,accepted
20260511_090501,201072,nominal,exporter,1110100,True,accepted
20260511_090501,201073,nominal,exporter,0001010,True,accepted
20260511_090501,201074,nominal,exporter,0000000,True,accepted
20260511_090501,201075,nominal,exporter,0101110,True,accepted
20260511_090501,201076,nominal,exporter,0101110,True,accepted
20260511_090501,201077,nominal,exporter,0001000,True,accepted
20260511_090501,201078,nominal,exporter,0100100,True,accepted
20260511_090501,201079,nominal,exporter,1100100,True,accepted
20260511_090501,201080,nominal,exporter,0000100,True,accepted
20260511_090501,201081,nominal,exporter,0111100,True,accepted
20260511_090501,201082,nominal,exporter,1111100,True,accepted
20260511_090501,201083,nominal,exporter,0001100,True,accepted
20260511_090501,201084,nominal,exporter,0001110,True,accepted
20260511_090501,201085,nominal,exporter,0111110,True,accepted
20260511_090501,201086,nominal,exporter,0100110,True,accepted
20260511_090501,201087,nominal,exporter,0000110,True,accepted
20260511_090501,201088,nominal,exporter,0101100,True,accepted
20260511_090501,201089,nominal,exporter,0001000,True,accepted
20260511_090501,201090,nominal,exporter,0100100,True,accepted
20260511_090501,201091,nominal,exporter,1101100,True,accepted
20260511_090501,201092,nominal,exporter,1101110,True,accepted
20260511_090501,201093,nominal,exporter,0001010,True,accepted
20260511_090501,201094,nominal,exporter,0000010,True,accepted
20260511_090501,201095,nominal,exporter,0110100,True,accepted
20260511_090501,201096,nominal,exporter,0001110,True,accepted
20260511_090501,201097,nominal,exporter,0111110,True,accepted
20260511_090501,201098,nominal,exporter,0101100,True,accepted
20260511_090501,201099,nominal,exporter,0000110,True,accepted
20260511_090501,201100,nominal,exporter,0000010,True,accepted
20260511_090501,201101,nominal,exporter,0110110,True,accepted
20260511_090501,201102,nominal,exporter,1111110,True,accepted
20260511_090501,201103,nominal,exporter,0001100,True,accepted
20260511_090501,201104,nominal,exporter,1100100,True,accepted
20260511_090501,201105,nominal,exporter,0001110,True,accepted
20260511_090501,201106,nominal,exporter,0000100,True,accepted
20260511_090501,201107,nominal,exporter,0100110,True,accepted
20260511_090501,201108,nominal,exporter,0111100,True,accepted
20260511_090501,201109,nominal,exporter,0000100,True,accepted
20260511_090501,201110,nominal,exporter,0001100,True,accepted
20260511_090501,201111,nominal,exporter,1111100,True,accepted
20260511_090501,201112,nominal,exporter,0001000,True,accepted
20260511_090501,201113,nominal,exporter,0101110,True,accepted
20260511_090501,201114,nominal,exporter,1100110,True,accepted
20260511_090501,201115,nominal,exporter,0100100,True,accepted
20260511_090501,201116,nominal,exporter,0001010,True,accepted
20260511_090501,201117,nominal,exporter,1110100,True,accepted
20260511_090501,201118,nominal,exporter,0101110,True,accepted
20260511_090501,201119,nominal,exporter,0000000,True,accepted
20260511_090501,201120,nominal,exporter,0001010,True,accepted
20260511_090501,201121,nominal,exporter,1110110,True,accepted
20260511_090501,201122,nominal,exporter,0111100,True,accepted
20260511_090501,201123,nominal,exporter,0000100,True,accepted
20260511_090501,201124,nominal,exporter,0000100,True,accepted
20260511_090501,201125,nominal,exporter,0100110,True,accepted
20260511_090501,201126,nominal,exporter,0111110,True,accepted
20260511_090501,201127,nominal,exporter,0001110,True,accepted
20260511_090501,201128,nominal,exporter,0101110,True,accepted
20260511_090501,201129,nominal,exporter,0000000,True,accepted
20260511_090501,201130,nominal,exporter,0001010,True,accepted
20260511_090501,201131,nominal,exporter,1101110,True,accepted
20260511_090501,201132,nominal,exporter,1100100,True,accepted
20260511_090501,201133,nominal,exporter,0001110,True,accepted
20260511_090501,201134,nominal,exporter,0001000,True,accepted
20260511_090501,201135,nominal,exporter,0101110,True,accepted
20260511_090501,201136,nominal,exporter,0000000,True,accepted
20260511_090501,201137,nominal,exporter,0110100,True,accepted
20260511_090501,201138,nominal,exporter,1101100,True,accepted
20260511_090501,201139,nominal,exporter,0001000,True,accepted
20260511_090501,201140,nominal,exporter,0100100,True,accepted
20260511_090501,201141,nominal,exporter,1100110,True,accepted
20260511_090501,201142,nominal,exporter,0101100,True,accepted
20260511_090501,201143,nominal,exporter,0000110,True,accepted
20260511_090501,201144,nominal,exporter,1111110,True,accepted
20260511_090501,201145,nominal,exporter,0001100,True,accepted
20260511_090501,201146,nominal,exporter,0000010,True,accepted
20260511_090501,201147,nominal,exporter,0110110,True,accepted
20260511_090501,201148,nominal,exporter,0100110,True,accepted
20260511_090501,201149,nominal,exporter,0000110,True,accepted
20260511_090501,201150,nominal,exporter,0001100,True,accepted
20260511_090501,201151,nominal,exporter,0111100,True,accepted
20260511_090501,201152,nominal,exporter,0100100,True,accepted
20260511_090501,201153,nominal,exporter,1100110,True,accepted
20260511_090501,201154,nominal,exporter,0101110,True,accepted
20260511_090501,201155,nominal,exporter,0001000,True,accepted
20260511_090501,201156,nominal,exporter,0000000,True,accepted
20260511_090501,201157,nominal,exporter,0101110,True,accepted
20260511_090501,201158,nominal,exporter,1110100,True,accepted
20260511_090501,201159,nominal,exporter,0001010,True,accepted
20260511_090501,201160,nominal,exporter,0100110,True,accepted
20260511_090501,201161,nominal,exporter,0000100,True,accepted
20260511_090501,201162,nominal,exporter,0001110,True,accepted
20260511_090501,201163,nominal,exporter,1100100,True,accepted
20260511_090501,201164,nominal,exporter,1111100,True,accepted
20260511_090501,201165,nominal,exporter,0001100,True,accepted
20260511_090501,201166,nominal,exporter,0000100,True,accepted
20260511_090501,201167,nominal,exporter,0111100,True,accepted
20260511_090501,201168,nominal,exporter,0000110,True,accepted
20260511_090501,201169,nominal,exporter,0101100,True,accepted
20260511_090501,201170,nominal,exporter,0111110,True,accepted
20260511_090501,201171,nominal,exporter,0001110,True,accepted
20260511_090501,201172,nominal,exporter,0001100,True,accepted
20260511_090501,201173,nominal,exporter,1111110,True,accepted
20260511_090501,201174,nominal,exporter,0110110,True,accepted
20260511_090501,201175,nominal,exporter,0000010,True,accepted
20260511_090501,201176,nominal,exporter,1101100,True,accepted
20260511_090501,201177,nominal,exporter,0100100,True,accepted
20260511_090501,201178,nominal,exporter,0000110,True,accepted
20260511_090501,201179,nominal,exporter,0101100,True,accepted
20260511_090501,201180,nominal,exporter,0110100,True,accepted
20260511_090501,201181,nominal,exporter,0000010,True,accepted
20260511_090501,201182,nominal,exporter,0001010,True,accepted
20260511_090501,201183,nominal,exporter,1101110,True,accepted
20260511_090501,201184,nominal,exporter,0110110,True,accepted
20260511_090501,201185,nominal,exporter,0000010,True,accepted
20260511_090501,201186,nominal,exporter,0001100,True,accepted
20260511_090501,201187,nominal,exporter,1111110,True,accepted
20260511_090501,201188,nominal,exporter,0111100,True,accepted
20260511_090501,201189,nominal,exporter,0001100,True,accepted
20260511_090501,201190,nominal,exporter,0000110,True,accepted
20260511_090501,201191,nominal,exporter,0100110,True,accepted
20260511_090501,201192,nominal,exporter,0001000,True,accepted
20260511_090501,201193,nominal,exporter,1101100,True,accepted
20260511_090501,201194,nominal,exporter,0110100,True,accepted
20260511_090501,201195,nominal,exporter,0000000,True,accepted
20260511_090501,201196,nominal,exporter,0000110,True,accepted
20260511_090501,201197,nominal,exporter,0101100,True,accepted
20260511_090501,201198,nominal,exporter,1101100,True,accepted
20260511_090501,201199,nominal,exporter,0100100,True,accepted
20260511_090501,201200,nominal,exporter,1101110,True,accepted
20260511_090501,201201,nominal,exporter,0001010,True,accepted
20260511_090501,201202,nominal,exporter,0000000,True,accepted
20260511_090501,201203,nominal,exporter,0101110,True,accepted
20260511_090501,201204,nominal,exporter,0101110,True,accepted
20260511_090501,201205,nominal,exporter,0001000,True,accepted
20260511_090501,201206,nominal,exporter,0001110,True,accepted
20260511_090501,201207,nominal,exporter,1100100,True,accepted
20260511_090501,201208,nominal,exporter,0000100,True,accepted
20260511_090501,201209,nominal,exporter,0111100,True,accepted
20260511_090501,201210,nominal,exporter,1110110,True,accepted
20260511_090501,201211,nominal,exporter,0001010,True,accepted
20260511_090501,201212,nominal,exporter,0001110,True,accepted
20260511_090501,201213,nominal,exporter,0111110,True,accepted
20260511_090501,201214,nominal,exporter,0100110,True,accepted
20260511_090501,201215,nominal,exporter,0000100,True,accepted
20260511_090501,201216,nominal,exporter,0101100,True,accepted
20260511_090501,201217,nominal,exporter,0000110,True,accepted
20260511_090501,201218,nominal,exporter,0100100,True,accepted
20260511_090501,201219,nominal,exporter,1100110,True,accepted
20260511_090501,201220,nominal,exporter,1101100,True,accepted
20260511_090501,201221,nominal,exporter,0001010,True,accepted
20260511_090501,201222,nominal,exporter,0000000,True,accepted
20260511_090501,201223,nominal,exporter,0101110,True,accepted
20260511_090501,201224,nominal,exporter,0001100,True,accepted
20260511_090501,201225,nominal,exporter,0111100,True,accepted
20260511_090501,201226,nominal,exporter,0100110,True,accepted
20260511_090501,201227,nominal,exporter,0000110,True,accepted
20260511_090501,201228,nominal,exporter,0000010,True,accepted
20260511_090501,201229,nominal,exporter,0110100,True,accepted
20260511_090501,201230,nominal,exporter,1111100,True,accepted
20260511_090501,201231,nominal,exporter,0001100,True,accepted
20260511_090501,201232,nominal,exporter,0111110,True,accepted
20260511_090501,201233,nominal,exporter,0001110,True,accepted
20260511_090501,201234,nominal,exporter,0000100,True,accepted
20260511_090501,201235,nominal,exporter,0100110,True,accepted
20260511_090501,201236,nominal,exporter,0110110,True,accepted
20260511_090501,201237,nominal,exporter,0000100,True,accepted
20260511_090501,201238,nominal,exporter,0001100,True,accepted
20260511_090501,201239,nominal,exporter,1110110,True,accepted
20260511_090501,201240,nominal,exporter,0001000,True,accepted
20260511_090501,201241,nominal,exporter,0101100,True,accepted
20260511_090501,201242,nominal,exporter,1100100,True,accepted
20260511_090501,201243,nominal,exporter,0001110,True,accepted
20260511_090501,201244,nominal,exporter,0001010,True,accepted
20260511_090501,201245,nominal,exporter,1101110,True,accepted
20260511_090501,201246,nominal,exporter,0101110,True,accepted
20260511_090501,201247,nominal,exporter,0000000,True,accepted
20260511_090501,201248,nominal,exporter,0001100,True,accepted
20260511_090501,201249,nominal,exporter,1110110,True,accepted
20260511_090501,201250,nominal,exporter,0111100,True,accepted
20260511_090501,201251,nominal,exporter,0000100,True,accepted
20260511_090501,201252,nominal,exporter,0000110,True,accepted
20260511_090501,201253,nominal,exporter,0100110,True,accepted
20260511_090501,201254,nominal,exporter,0111110,True,accepted
20260511_090501,201255,nominal,exporter,0001110,True,accepted
20260511_090501,201256,nominal,exporter,0101110,True,accepted
20260511_090501,201257,nominal,exporter,0000000,True,accepted
20260511_090501,201258,nominal,exporter,0001010,True,accepted
20260511_090501,201259,nominal,exporter,1110100,True,accepted
20260511_090501,201260,nominal,exporter,1100110,True,accepted
20260511_090501,201261,nominal,exporter,0100100,True,accepted
20260511_090501,201262,nominal,exporter,0001000,True,accepted
20260511_090501,201263,nominal,exporter,0101110,True,accepted
20260511_090501,201264,nominal,exporter,0000010,True,accepted
20260511_090501,201265,nominal,exporter,0110100,True,accepted
20260511_090501,201266,nominal,exporter,1101110,True,accepted
20260511_090501,201267,nominal,exporter,0001010,True,accepted
20260511_090501,201268,nominal,exporter,0100100,True,accepted
20260511_090501,201269,nominal,exporter,1101100,True,accepted
20260511_090501,201270,nominal,exporter,0101100,True,accepted
20260511_090501,201271,nominal,exporter,0001000,True,accepted
20260511_090501,201272,nominal,exporter,1111110,True,accepted
20260511_090501,201273,nominal,exporter,0001100,True,accepted
20260511_090501,201274,nominal,exporter,0000010,True,accepted
20260511_090501,201275,nominal,exporter,0110110,True,accepted
20260511_090501,201276,nominal,exporter,0101100,True,accepted
20260511_090501,201277,nominal,exporter,0000110,True,accepted
20260511_090501,201278,nominal,exporter,0001110,True,accepted
20260511_090501,201279,nominal,exporter,0111110,True,accepted
20260511_090501,201280,nominal,exporter,1100100,True,accepted
20260511_090501,201281,nominal,exporter,0001110,True,accepted
20260511_090501,201282,nominal,exporter,0001000,True,accepted
20260511_090501,201283,nominal,exporter,0101110,True,accepted
20260511_090501,201284,nominal,exporter,0101110,True,accepted
20260511_090501,201285,nominal,exporter,0000000,True,accepted
20260511_090501,201286,nominal,exporter,0001010,True,accepted
20260511_090501,201287,nominal,exporter,1110100,True,accepted
20260511_090501,201288,nominal,exporter,0000100,True,accepted
20260511_090501,201289,nominal,exporter,0100110,True,accepted
20260511_090501,201290,nominal,exporter,0111110,True,accepted
20260511_090501,201291,nominal,exporter,0001110,True,accepted
20260511_090501,201292,nominal,exporter,0001010,True,accepted
20260511_090501,201293,nominal,exporter,1110110,True,accepted
20260511_090501,201294,nominal,exporter,0110110,True,accepted
20260511_090501,201295,nominal,exporter,0000010,True,accepted
20260511_090501,201296,nominal,exporter,0100110,True,accepted
20260511_090501,201297,nominal,exporter,0000110,True,accepted
20260511_090501,201298,nominal,exporter,0001100,True,accepted
20260511_090501,201299,nominal,exporter,0111100,True,accepted
20260511_090501,201300,nominal,exporter,1111110,True,accepted
20260511_090501,201301,nominal,exporter,0001100,True,accepted
20260511_090501,201302,nominal,exporter,0000010,True,accepted
20260511_090501,201303,nominal,exporter,0110110,True,accepted
20260511_090501,201304,nominal,exporter,0100100,True,accepted
20260511_090501,201305,nominal,exporter,1100110,True,accepted
20260511_090501,201306,nominal,exporter,0101100,True,accepted
20260511_090501,201307,nominal,exporter,0000110,True,accepted
20260511_090501,201308,nominal,exporter,0000000,True,accepted
20260511_090501,201309,nominal,exporter,0110100,True,accepted
20260511_090501,201310,nominal,exporter,1101100,True,accepted
20260511_090501,201311,nominal,exporter,0001000,True,accepted
20260511_090501,201312,nominal,exporter,0000010,True,accepted
20260511_090501,201313,nominal,exporter,0110110,True,accepted
20260511_090501,201314,nominal,exporter,1111110,True,accepted
20260511_090501,201315,nominal,exporter,0001100,True,accepted
20260511_090501,201316,nominal,exporter,0001110,True,accepted
20260511_090501,201317,nominal,exporter,0111110,True,accepted
20260511_090501,201318,nominal,exporter,0101100,True,accepted
20260511_090501,201319,nominal,exporter,0000110,True,accepted
20260511_090501,201320,nominal,exporter,1101110,True,accepted
20260511_090501,201321,nominal,exporter,0001010,True,accepted
20260511_090501,201322,nominal,exporter,0000010,True,accepted
20260511_090501,201323,nominal,exporter,0110100,True,accepted
20260511_090501,201324,nominal,exporter,0101100,True,accepted
20260511_090501,201325,nominal,exporter,0000110,True,accepted
20260511_090501,201326,nominal,exporter,0100100,True,accepted
20260511_090501,201327,nominal,exporter,1101100,True,accepted
20260511_090501,201328,nominal,exporter,0001010,True,accepted
20260511_090501,201329,nominal,exporter,1110100,True,accepted
20260511_090501,201330,nominal,exporter,0101110,True,accepted
20260511_090501,201331,nominal,exporter,0000000,True,accepted
20260511_090501,201332,nominal,exporter,0001000,True,accepted
20260511_090501,201333,nominal,exporter,0101110,True,accepted
20260511_090501,201334,nominal,exporter,1100110,True,accepted
20260511_090501,201335,nominal,exporter,0001110,True,accepted
20260511_090501,201336,nominal,exporter,0111100,True,accepted
20260511_090501,201337,nominal,exporter,0000100,True,accepted
20260511_090501,201338,nominal,exporter,0001100,True,accepted
20260511_090501,201339,nominal,exporter,1111100,True,accepted
20260511_090501,201340,nominal,exporter,0111110,True,accepted
20260511_090501,201341,nominal,exporter,0001110,True,accepted
20260511_090501,201342,nominal,exporter,0000100,True,accepted
20260511_090501,201343,nominal,exporter,0100110,True,accepted
20260511_090501,201344,nominal,exporter,0001000,True,accepted
20260511_090501,201345,nominal,exporter,0101100,True,accepted
20260511_090501,201346,nominal,exporter,1101100,True,accepted
20260511_090501,201347,nominal,exporter,0100100,True,accepted
20260511_090501,201348,nominal,exporter,0001010,True,accepted
20260511_090501,201349,nominal,exporter,1101110,True,accepted
20260511_090501,201350,nominal,exporter,0110100,True,accepted
20260511_090501,201351,nominal,exporter,0000010,True,accepted
20260511_090501,201352,nominal,exporter,0111110,True,accepted
20260511_090501,201353,nominal,exporter,0001110,True,accepted
20260511_090501,201354,nominal,exporter,0000110,True,accepted
20260511_090501,201355,nominal,exporter,0101100,True,accepted
20260511_090501,201356,nominal,exporter,0110110,True,accepted
20260511_090501,201357,nominal,exporter,0000010,True,accepted
20260511_090501,201358,nominal,exporter,0001100,True,accepted
20260511_090501,201359,nominal,exporter,1111110,True,accepted
20260511_090501,201360,nominal,exporter,0001110,True,accepted
20260511_090501,201361,nominal,exporter,0111110,True,accepted
20260511_090501,201362,nominal,exporter,0100110,True,accepted
20260511_090501,201363,nominal,exporter,0000110,True,accepted
20260511_090501,201364,nominal,exporter,0000100,True,accepted
20260511_090501,201365,nominal,exporter,0111100,True,accepted
20260511_090501,201366,nominal,exporter,1110110,True,accepted
20260511_090501,201367,nominal,exporter,0001100,True,accepted
20260511_090501,201368,nominal,exporter,0101110,True,accepted
20260511_090501,201369,nominal,exporter,0001000,True,accepted
20260511_090501,201370,nominal,exporter,0100100,True,accepted
20260511_090501,201371,nominal,exporter,1100110,True,accepted
20260511_090501,201372,nominal,exporter,1110100,True,accepted
20260511_090501,201373,nominal,exporter,0001010,True,accepted
20260511_090501,201374,nominal,exporter,0000000,True,accepted
20260511_090501,201375,nominal,exporter,0101110,True,accepted
20260511_090501,201376,nominal,exporter,1110110,True,accepted
20260511_090501,201377,nominal,exporter,0001010,True,accepted
20260511_090501,201378,nominal,exporter,0000100,True,accepted
20260511_090501,201379,nominal,exporter,0110110,True,accepted
20260511_090501,201380,nominal,exporter,0100110,True,accepted
20260511_090501,201381,nominal,exporter,0000100,True,accepted
20260511_090501,201382,nominal,exporter,0001110,True,accepted
20260511_090501,201383,nominal,exporter,0111110,True,accepted
20260511_090501,201384,nominal,exporter,0000000,True,accepted
20260511_090501,201385,nominal,exporter,0101110,True,accepted
20260511_090501,201386,nominal,exporter,1101110,True,accepted
20260511_090501,201387,nominal,exporter,0001010,True,accepted
20260511_090501,201388,nominal,exporter,0001110,True,accepted
20260511_090501,201389,nominal,exporter,1100100,True,accepted
20260511_090501,201390,nominal,exporter,0101100,True,accepted
20260511_090501,201391,nominal,exporter,0001000,True,accepted
20260511_090501,201392,nominal,exporter,0101110,True,accepted
20260511_090501,201393,nominal,exporter,0000000,True,accepted
20260511_090501,201394,nominal,exporter,0001010,True,accepted
20260511_090501,201395,nominal,exporter,1101100,True,accepted
20260511_090501,201396,nominal,exporter,1100110,True,accepted
20260511_090501,201397,nominal,exporter,0100100,True,accepted
20260511_090501,201398,nominal,exporter,0000110,True,accepted
20260511_090501,201399,nominal,exporter,0101100,True,accepted
20260511_090501,201400,nominal,exporter,0001100,True,accepted
20260511_090501,201401,nominal,exporter,1111100,True,accepted
20260511_090501,201402,nominal,exporter,0110100,True,accepted
20260511_090501,201403,nominal,exporter,0000010,True,accepted
20260511_090501,201404,nominal,exporter,0000110,True,accepted
20260511_090501,201405,nominal,exporter,0100110,True,accepted
20260511_090501,201406,nominal,exporter,0111100,True,accepted
20260511_090501,201407,nominal,exporter,0001100,True,accepted
20260511_090501,201408,nominal,exporter,1100100,True,accepted
20260511_090501,201409,nominal,exporter,0100100,True,accepted
20260511_090501,201410,nominal,exporter,0001000,True,accepted
20260511_090501,201411,nominal,exporter,0101110,True,accepted
20260511_090501,201412,nominal,exporter,0101110,True,accepted
20260511_090501,201413,nominal,exporter,0000000,True,accepted
20260511_090501,201414,nominal,exporter,0001010,True,accepted
20260511_090501,201415,nominal,exporter,1110100,True,accepted
20260511_090501,201416,nominal,exporter,0000110,True,accepted
20260511_090501,201417,nominal,exporter,0100110,True,accepted
20260511_090501,201418,nominal,exporter,0111110,True,accepted
20260511_090501,201419,nominal,exporter,0001110,True,accepted
20260511_090501,201420,nominal,exporter,0001100,True,accepted
20260511_090501,201421,nominal,exporter,1111100,True,accepted
20260511_090501,201422,nominal,exporter,0111100,True,accepted
20260511_090501,201423,nominal,exporter,0000100,True,accepted
20260511_090501,201424,nominal,exporter,0100110,True,accepted
20260511_090501,201425,nominal,exporter,0000110,True,accepted
20260511_090501,201426,nominal,exporter,0001110,True,accepted
20260511_090501,201427,nominal,exporter,0111110,True,accepted
20260511_090501,201428,nominal,exporter,1111110,True,accepted
20260511_090501,201429,nominal,exporter,0001100,True,accepted
20260511_090501,201430,nominal,exporter,0000010,True,accepted
20260511_090501,201431,nominal,exporter,0110110,True,accepted
20260511_090501,201432,nominal,exporter,0100100,True,accepted
20260511_090501,201433,nominal,exporter,1101100,True,accepted
20260511_090501,201434,nominal,exporter,0101100,True,accepted
20260511_090501,201435,nominal,exporter,0001000,True,accepted
20260511_090501,201436,nominal,exporter,0000010,True,accepted
20260511_090501,201437,nominal,exporter,0110100,True,accepted
20260511_090501,201438,nominal,exporter,1101110,True,accepted
20260511_090501,201439,nominal,exporter,0001010,True,accepted
20260511_090501,201440,nominal,exporter,0000010,True,accepted
20260511_090501,201441,nominal,exporter,0110110,True,accepted
20260511_090501,201442,nominal,exporter,1111100,True,accepted
20260511_090501,201443,nominal,exporter,0001100,True,accepted
20260511_090501,201444,nominal,exporter,0001110,True,accepted
20260511_090501,201445,nominal,exporter,0111100,True,accepted
20260511_090501,201446,nominal,exporter,0100110,True,accepted
20260511_090501,201447,nominal,exporter,0000110,True,accepted
20260511_090501,201448,nominal,exporter,1101100,True,accepted
20260511_090501,201449,nominal,exporter,0001000,True,accepted
20260511_090501,201450,nominal,exporter,0000000,True,accepted
20260511_090501,201451,nominal,exporter,0110100,True,accepted
20260511_090501,201452,nominal,exporter,0101100,True,accepted
20260511_090501,201453,nominal,exporter,0000110,True,accepted
20260511_090501,201454,nominal,exporter,0100100,True,accepted
20260511_090501,201455,nominal,exporter,1100110,True,accepted
20260511_090501,201456,nominal,exporter,0001010,True,accepted
20260511_090501,201457,nominal,exporter,1101110,True,accepted
20260511_090501,201458,nominal,exporter,0101110,True,accepted
20260511_090501,201459,nominal,exporter,0000000,True,accepted
20260511_090501,201460,nominal,exporter,0001000,True,accepted
20260511_090501,201461,nominal,exporter,0101100,True,accepted
20260511_090501,201462,nominal,exporter,1100100,True,accepted
20260511_090501,201463,nominal,exporter,0001110,True,accepted
20260511_090501,201464,nominal,exporter,0110110,True,accepted
20260511_090501,201465,nominal,exporter,0000100,True,accepted
20260511_090501,201466,nominal,exporter,0001100,True,accepted
20260511_090501,201467,nominal,exporter,1110110,True,accepted
20260511_090501,201468,nominal,exporter,0111110,True,accepted
20260511_090501,201469,nominal,exporter,0001110,True,accepted
20260511_090501,201470,nominal,exporter,0000100,True,accepted
20260511_090501,201471,nominal,exporter,0100110,True,accepted
20260511_090501,201472,nominal,exporter,0000110,True,accepted
20260511_090501,201473,nominal,exporter,0101100,True,accepted
20260511_090501,201474,nominal,exporter,1100110,True,accepted
20260511_090501,201475,nominal,exporter,0100100,True,accepted
20260511_090501,201476,nominal,exporter,0001000,True,accepted
20260511_090501,201477,nominal,exporter,1101110,True,accepted
20260511_090501,201478,nominal,exporter,0110100,True,accepted
20260511_090501,201479,nominal,exporter,0000000,True,accepted
20260511_090501,201480,nominal,exporter,0111100,True,accepted
20260511_090501,201481,nominal,exporter,0001100,True,accepted
20260511_090501,201482,nominal,exporter,0000110,True,accepted
20260511_090501,201483,nominal,exporter,0100110,True,accepted
20260511_090501,201484,nominal,exporter,0110110,True,accepted
20260511_090501,201485,nominal,exporter,0000010,True,accepted
20260511_090501,201486,nominal,exporter,0001100,True,accepted
20260511_090501,201487,nominal,exporter,1111110,True,accepted
20260511_090501,201488,nominal,exporter,0001110,True,accepted
20260511_090501,201489,nominal,exporter,0111110,True,accepted
20260511_090501,201490,nominal,exporter,0100110,True,accepted
20260511_090501,201491,nominal,exporter,0000100,True,accepted
20260511_090501,201492,nominal,exporter,0000100,True,accepted
20260511_090501,201493,nominal,exporter,0111100,True,accepted
20260511_090501,201494,nominal,exporter,1110110,True,accepted
20260511_090501,201495,nominal,exporter,0001010,True,accepted
20260511_090501,201496,nominal,exporter,0101110,True,accepted
20260511_090501,201497,nominal,exporter,0001000,True,accepted
20260511_090501,201498,nominal,exporter,0001110,True,accepted
20260511_090501,201499,nominal,exporter,1100100,True,accepted
20260511_090501,201500,nominal,exporter,1101110,True,accepted
20260511_090501,201501,nominal,exporter,0001010,True,accepted
20260511_090501,201502,nominal,exporter,0000000,True,accepted
20260511_090501,201503,nominal,exporter,0101110,True,accepted
20260511_090501,201504,nominal,exporter,1111100,True,accepted
20260511_090501,201505,nominal,exporter,0001100,True,accepted
20260511_090501,201506,nominal,exporter,0000100,True,accepted
20260511_090501,201507,nominal,exporter,0111100,True,accepted
20260511_090501,201508,nominal,exporter,0100110,True,accepted
20260511_090501,201509,nominal,exporter,0000100,True,accepted
20260511_090501,201510,nominal,exporter,0001110,True,accepted
20260511_090501,201511,nominal,exporter,1100100,True,accepted
20260511_090501,201512,nominal,exporter,0000000,True,accepted
20260511_090501,201513,nominal,exporter,0101110,True,accepted
20260511_090501,201514,nominal,exporter,1110100,True,accepted
20260511_090501,201515,nominal,exporter,0001010,True,accepted
20260511_090501,201516,nominal,exporter,0100100,True,accepted
20260511_090501,201517,nominal,exporter,1100110,True,accepted
20260511_090501,201518,nominal,exporter,0101110,True,accepted
20260511_090501,201519,nominal,exporter,0001000,True,accepted
20260511_090501,201520,nominal,exporter,0110100,True,accepted
20260511_090501,201521,nominal,exporter,0000010,True,accepted
20260511_090501,201522,nominal,exporter,0001010,True,accepted
20260511_090501,201523,nominal,exporter,1101110,True,accepted
20260511_090501,201524,nominal,exporter,1101100,True,accepted
20260511_090501,201525,nominal,exporter,0100100,True,accepted
20260511_090501,201526,nominal,exporter,0001000,True,accepted
20260511_090501,201527,nominal,exporter,0101100,True,accepted
20260511_090501,201528,nominal,exporter,0001100,True,accepted
20260511_090501,201529,nominal,exporter,1111110,True,accepted
20260511_090501,201530,nominal,exporter,0110110,True,accepted
20260511_090501,201531,nominal,exporter,0000010,True,accepted
20260511_090501,201532,nominal,exporter,0000110,True,accepted
20260511_090501,201533,nominal,exporter,0101100,True,accepted
20260511_090501,201534,nominal,exporter,0111110,True,accepted
20260511_090501,201535,nominal,exporter,0001110,True,accepted
20260511_090501,201536,nominal,exporter,0001000,True,accepted
20260511_090501,201537,nominal,exporter,0101100,True,accepted
20260511_090501,201538,nominal,exporter,1100100,True,accepted
20260511_090501,201539,nominal,exporter,0001110,True,accepted
20260511_090501,201540,nominal,exporter,0001010,True,accepted
20260511_090501,201541,nominal,exporter,1101110,True,accepted
20260511_090501,201542,nominal,exporter,0101110,True,accepted
20260511_090501,201543,nominal,exporter,0000000,True,accepted
20260511_090501,201544,nominal,exporter,0111110,True,accepted
20260511_090501,201545,nominal,exporter,0001110,True,accepted
20260511_090501,201546,nominal,exporter,0000100,True,accepted
20260511_090501,201547,nominal,exporter,0100110,True,accepted
20260511_090501,201548,nominal,exporter,0111100,True,accepted
20260511_090501,201549,nominal,exporter,0000100,True,accepted
20260511_090501,201550,nominal,exporter,0001010,True,accepted
20260511_090501,201551,nominal,exporter,1110110,True,accepted
20260511_090501,201552,nominal,exporter,0001100,True,accepted
20260511_090501,201553,nominal,exporter,0111100,True,accepted
20260511_090501,201554,nominal,exporter,0100110,True,accepted
20260511_090501,201555,nominal,exporter,0000110,True,accepted
20260511_090501,201556,nominal,exporter,0000010,True,accepted
20260511_090501,201557,nominal,exporter,0110110,True,accepted
20260511_090501,201558,nominal,exporter,1111110,True,accepted
20260511_090501,201559,nominal,exporter,0001100,True,accepted
20260511_090501,201560,nominal,exporter,0101100,True,accepted
20260511_090501,201561,nominal,exporter,0000110,True,accepted
20260511_090501,201562,nominal,exporter,0100100,True,accepted
20260511_090501,201563,nominal,exporter,1100110,True,accepted
20260511_090501,201564,nominal,exporter,1101110,True,accepted
20260511_090501,201565,nominal,exporter,0001000,True,accepted
20260511_090501,201566,nominal,exporter,0000000,True,accepted
20260511_090501,201567,nominal,exporter,0110100,True,accepted
20260511_090501,201568,nominal,exporter,1111110,True,accepted
20260511_090501,201569,nominal,exporter,0001100,True,accepted
20260511_090501,201570,nominal,exporter,0000010,True,accepted
20260511_090501,201571,nominal,exporter,0110110,True,accepted
20260511_090501,201572,nominal,exporter,0101100,True,accepted
20260511_090501,201573,nominal,exporter,0000110,True,accepted
20260511_090501,201574,nominal,exporter,0001110,True,accepted
20260511_090501,201575,nominal,exporter,0111110,True,accepted
20260511_090501,201576,nominal,exporter,0000010,True,accepted
20260511_090501,201577,nominal,exporter,0110100,True,accepted
20260511_090501,201578,nominal,exporter,1101110,True,accepted
20260511_090501,201579,nominal,exporter,0001010,True,accepted
20260511_090501,201580,nominal,exporter,0100100,True,accepted
20260511_090501,201581,nominal,exporter,1101100,True,accepted
20260511_090501,201582,nominal,exporter,0101100,True,accepted
20260511_090501,201583,nominal,exporter,0001000,True,accepted
20260511_090501,201584,nominal,exporter,0101110,True,accepted
20260511_090501,201585,nominal,exporter,0000000,True,accepted
20260511_090501,201586,nominal,exporter,0001010,True,accepted
20260511_090501,201587,nominal,exporter,1110100,True,accepted
20260511_090501,201588,nominal,exporter,1100110,True,accepted
20260511_090501,201589,nominal,exporter,0100100,True,accepted
20260511_090501,201590,nominal,exporter,0001000,True,accepted
20260511_090501,201591,nominal,exporter,0101110,True,accepted
20260511_090501,201592,nominal,exporter,0001100,True,accepted
20260511_090501,201593,nominal,exporter,1111100,True,accepted
20260511_090501,201594,nominal,exporter,0111100,True,accepted
20260511_090501,201595,nominal,exporter,0000100,True,accepted
20260511_090501,201596,nominal,exporter,0000100,True,accepted
20260511_090501,201597,nominal,exporter,0100110,True,accepted
20260511_090501,201598,nominal,exporter,1100100,True,accepted
20260511_090501,201599,nominal,exporter,0001110,True,accepted
20260511_090501,201600,nominal,exporter,1101100,True,accepted
20260511_090501,201601,nominal,exporter,0100100,True,accepted
20260511_090501,201602,nominal,exporter,0001000,True,accepted
20260511_090501,201603,nominal,exporter,0101100,True,accepted
20260511_090501,201604,nominal,exporter,0110100,True,accepted
20260511_090501,201605,nominal,exporter,0000010,True,accepted
20260511_090501,201606,nominal,exporter,0001010,True,accepted
20260511_090501,201607,nominal,exporter,1101110,True,accepted
20260511_090501,201608,nominal,exporter,0000110,True,accepted
20260511_090501,201609,nominal,exporter,0101100,True,accepted
20260511_090501,201610,nominal,exporter,0111110,True,accepted
20260511_090501,201611,nominal,exporter,0001110,True,accepted
20260511_090501,201612,nominal,exporter,0001100,True,accepted
20260511_090501,201613,nominal,exporter,1111110,True,accepted
20260511_090501,201614,nominal,exporter,0110110,True,accepted
20260511_090501,201615,nominal,exporter,0000010,True,accepted
20260511_090501,201616,nominal,exporter,0100110,True,accepted
20260511_090501,201617,nominal,exporter,0000110,True,accepted
20260511_090501,201618,nominal,exporter,0001110,True,accepted
20260511_090501,201619,nominal,exporter,0111110,True,accepted
20260511_090501,201620,nominal,exporter,1111100,True,accepted
20260511_090501,201621,nominal,exporter,0001100,True,accepted
20260511_090501,201622,nominal,exporter,0000100,True,accepted
20260511_090501,201623,nominal,exporter,0111100,True,accepted
20260511_090501,201624,nominal,exporter,0100100,True,accepted
20260511_090501,201625,nominal,exporter,1100100,True,accepted
20260511_090501,201626,nominal,exporter,0101110,True,accepted
20260511_090501,201627,nominal,exporter,0001000,True,accepted
20260511_090501,201628,nominal,exporter,0000000,True,accepted
20260511_090501,201629,nominal,exporter,0101110,True,accepted
20260511_090501,201630,nominal,exporter,1110100,True,accepted
20260511_090501,201631,nominal,exporter,0001010,True,accepted
20260511_090501,201632,nominal,exporter,0000100,True,accepted
20260511_090501,201633,nominal,exporter,0110110,True,accepted
20260511_090501,201634,nominal,exporter,1110110,True,accepted
20260511_090501,201635,nominal,exporter,0001100,True,accepted
20260511_090501,201636,nominal,exporter,0001110,True,accepted
20260511_090501,201637,nominal,exporter,0111110,True,accepted
20260511_090501,201638,nominal,exporter,0100110,True,accepted
20260511_090501,201639,nominal,exporter,0000100,True,accepted
20260511_090501,201640,nominal,exporter,1101110,True,accepted
20260511_090501,201641,nominal,exporter,0001010,True,accepted
20260511_090501,201642,nominal,exporter,0000000,True,accepted
20260511_090501,201643,nominal,exporter,0101110,True,accepted
20260511_090501,201644,nominal,exporter,0101100,True,accepted
20260511_090501,201645,nominal,exporter,0001000,True,accepted
20260511_090501,201646,nominal,exporter,0001110,True,accepted
20260511_090501,201647,nominal,exporter,1100100,True,accepted
20260511_090501,201648,nominal,exporter,0001000,True,accepted
20260511_090501,201649,nominal,exporter,1101100,True,accepted
20260511_090501,201650,nominal,exporter,0110100,True,accepted
20260511_090501,201651,nominal,exporter,0000000,True,accepted
20260511_090501,201652,nominal,exporter,0000110,True,accepted
20260511_090501,201653,nominal,exporter,0101100,True,accepted
20260511_090501,201654,nominal,exporter,1100110,True,accepted
20260511_090501,201655,nominal,exporter,0100100,True,accepted
20260511_090501,201656,nominal,exporter,0110100,True,accepted
20260511_090501,201657,nominal,exporter,0000010,True,accepted
20260511_090501,201658,nominal,exporter,0001100,True,accepted
20260511_090501,201659,nominal,exporter,1111100,True,accepted
20260511_090501,201660,nominal,exporter,0111100,True,accepted
20260511_090501,201661,nominal,exporter,0001110,True,accepted
20260511_090501,201662,nominal,exporter,0000110,True,accepted
20260511_090501,201663,nominal,exporter,0100110,True,accepted
20260511_090501,201664,nominal,exporter,0001000,True,accepted
20260511_090501,201665,nominal,exporter,0101110,True,accepted
20260511_090501,201666,nominal,exporter,1100110,True,accepted
20260511_090501,201667,nominal,exporter,0100100,True,accepted
20260511_090501,201668,nominal,exporter,0001010,True,accepted
20260511_090501,201669,nominal,exporter,1110100,True,accepted
20260511_090501,201670,nominal,exporter,0101110,True,accepted
20260511_090501,201671,nominal,exporter,0000000,True,accepted
20260511_090501,201672,nominal,exporter,0111110,True,accepted
20260511_090501,201673,nominal,exporter,0001110,True,accepted
20260511_090501,201674,nominal,exporter,0000110,True,accepted
20260511_090501,201675,nominal,exporter,0100110,True,accepted
20260511_090501,201676,nominal,exporter,0111100,True,accepted
20260511_090501,201677,nominal,exporter,0000100,True,accepted
20260511_090501,201678,nominal,exporter,0001100,True,accepted
20260511_090501,201679,nominal,exporter,1110110,True,accepted
20260511_090501,201680,nominal,exporter,0001110,True,accepted
20260511_090501,201681,nominal,exporter,0111110,True,accepted
20260511_090501,201682,nominal,exporter,0101100,True,accepted
20260511_090501,201683,nominal,exporter,0000110,True,accepted
20260511_090501,201684,nominal,exporter,0000010,True,accepted
20260511_090501,201685,nominal,exporter,0110110,True,accepted
20260511_090501,201686,nominal,exporter,1111110,True,accepted
20260511_090501,201687,nominal,exporter,0001100,True,accepted
20260511_090501,201688,nominal,exporter,0101100,True,accepted
20260511_090501,201689,nominal,exporter,0001000,True,accepted
20260511_090501,201690,nominal,exporter,0100100,True,accepted
20260511_090501,201691,nominal,exporter,1101100,True,accepted
20260511_090501,201692,nominal,exporter,1101110,True,accepted
20260511_090501,201693,nominal,exporter,0001010,True,accepted
20260511_090501,201694,nominal,exporter,0000010,True,accepted
20260511_090501,201695,nominal,exporter,0110100,True,accepted
20260511_090501,201696,nominal,exporter,1111100,True,accepted
20260511_090501,201697,nominal,exporter,0001100,True,accepted
20260511_090501,201698,nominal,exporter,0000010,True,accepted
20260511_090501,201699,nominal,exporter,0110100,True,accepted
20260511_090501,201700,nominal,exporter,0100110,True,accepted
20260511_090501,201701,nominal,exporter,0000110,True,accepted
20260511_090501,201702,nominal,exporter,0001100,True,accepted
20260511_090501,201703,nominal,exporter,0111100,True,accepted
20260511_090501,201704,nominal,exporter,0000000,True,accepted
20260511_090501,201705,nominal,exporter,0101110,True,accepted
20260511_090501,201706,nominal,exporter,1101100,True,accepted
20260511_090501,201707,nominal,exporter,0001010,True,accepted
20260511_090501,201708,nominal,exporter,0100100,True,accepted
20260511_090501,201709,nominal,exporter,1100110,True,accepted
20260511_090501,201710,nominal,exporter,0101100,True,accepted
20260511_090501,201711,nominal,exporter,0000110,True,accepted
20260511_090501,201712,nominal,exporter,0101110,True,accepted
20260511_090501,201713,nominal,exporter,0000000,True,accepted
20260511_090501,201714,nominal,exporter,0001010,True,accepted
20260511_090501,201715,nominal,exporter,1101110,True,accepted
20260511_090501,201716,nominal,exporter,1100100,True,accepted
20260511_090501,201717,nominal,exporter,0001110,True,accepted
20260511_090501,201718,nominal,exporter,0001000,True,accepted
20260511_090501,201719,nominal,exporter,0101100,True,accepted
20260511_090501,201720,nominal,exporter,0001100,True,accepted
20260511_090501,201721,nominal,exporter,1110110,True,accepted
20260511_090501,201722,nominal,exporter,0110110,True,accepted
20260511_090501,201723,nominal,exporter,0000100,True,accepted
20260511_090501,201724,nominal,exporter,0000100,True,accepted
20260511_090501,201725,nominal,exporter,0100110,True,accepted
20260511_090501,201726,nominal,exporter,0111110,True,accepted
20260511_090501,201727,nominal,exporter,0001110,True,accepted
20260511_090501,201728,nominal,exporter,1100110,True,accepted
20260511_090501,201729,nominal,exporter,0100100,True,accepted
20260511_090501,201730,nominal,exporter,0000110,True,accepted
20260511_090501,201731,nominal,exporter,0101100,True,accepted
20260511_090501,201732,nominal,exporter,0110100,True,accepted
20260511_090501,201733,nominal,exporter,0000000,True,accepted
20260511_090501,201734,nominal,exporter,0001000,True,accepted
20260511_090501,201735,nominal,exporter,1101100,True,accepted
20260511_090501,201736,nominal,exporter,0000110,True,accepted
20260511_090501,201737,nominal,exporter,0100110,True,accepted
20260511_090501,201738,nominal,exporter,0111100,True,accepted
20260511_090501,201739,nominal,exporter,0001100,True,accepted
20260511_090501,201740,nominal,exporter,0001100,True,accepted
20260511_090501,201741,nominal,exporter,1111110,True,accepted
20260511_090501,201742,nominal,exporter,0110110,True,accepted
20260511_090501,201743,nominal,exporter,0000010,True,accepted
20260511_090501,201744,nominal,exporter,0100110,True,accepted
20260511_090501,201745,nominal,exporter,0000100,True,accepted
20260511_090501,201746,nominal,exporter,0001110,True,accepted
20260511_090501,201747,nominal,exporter,0111110,True,accepted
20260511_090501,201748,nominal,exporter,1110110,True,accepted
20260511_090501,201749,nominal,exporter,0001010,True,accepted
20260511_090501,201750,nominal,exporter,0000010,True,accepted
20260511_090501,201751,nominal,exporter,0111100,True,accepted
20260511_090501,201752,nominal,exporter,0001110,True,accepted
20260511_090501,201753,nominal,exporter,1100100,True,accepted
20260511_090501,201754,nominal,exporter,0101110,True,accepted
20260511_090501,201755,nominal,exporter,0001000,True,accepted
20260511_090501,201756,nominal,exporter,0000000,True,accepted
20260511_090501,201757,nominal,exporter,0101110,True,accepted
20260511_090501,201758,nominal,exporter,1101110,True,accepted
20260511_090501,201759,nominal,exporter,0001010,True,accepted
20260511_090501,201760,nominal,exporter,0000100,True,accepted
20260511_090501,201761,nominal,exporter,0111100,True,accepted
20260511_090501,201762,nominal,exporter,1111100,True,accepted
20260511_090501,201763,nominal,exporter,0001100,True,accepted
20260511_090501,201764,nominal,exporter,0001110,True,accepted
20260511_090501,201765,nominal,exporter,1100100,True,accepted
20260511_090501,201766,nominal,exporter,0100110,True,accepted
20260511_090501,201767,nominal,exporter,0000100,True,accepted
20260511_090501,201768,nominal,exporter,1110100,True,accepted
20260511_090501,201769,nominal,exporter,0001010,True,accepted
20260511_090501,201770,nominal,exporter,0000000,True,accepted
20260511_090501,201771,nominal,exporter,0101110,True,accepted
20260511_090501,201772,nominal,exporter,0101110,True,accepted
20260511_090501,201773,nominal,exporter,0001000,True,accepted
20260511_090501,201774,nominal,exporter,0100100,True,accepted
20260511_090501,201775,nominal,exporter,1100110,True,accepted
20260511_090501,201776,nominal,exporter,0001010,True,accepted
20260511_090501,201777,nominal,exporter,1101110,True,accepted
20260511_090501,201778,nominal,exporter,0110100,True,accepted
20260511_090501,201779,nominal,exporter,0000010,True,accepted
20260511_090501,201780,nominal,exporter,0000110,True,accepted
20260511_090501,201781,nominal,exporter,0101100,True,accepted
20260511_090501,201782,nominal,exporter,1101100,True,accepted
20260511_090501,201783,nominal,exporter,0100100,True,accepted
20260511_090501,201784,nominal,exporter,0110110,True,accepted
20260511_090501,201785,nominal,exporter,0000010,True,accepted
20260511_090501,201786,nominal,exporter,0001100,True,accepted
20260511_090501,201787,nominal,exporter,1111110,True,accepted
20260511_090501,201788,nominal,exporter,0111110,True,accepted
20260511_090501,201789,nominal,exporter,0001110,True,accepted
20260511_090501,201790,nominal,exporter,0000110,True,accepted
20260511_090501,201791,nominal,exporter,0101100,True,accepted
20260511_090501,201792,nominal,exporter,0101100,True,accepted
20260511_090501,201793,nominal,exporter,0001000,True,accepted
20260511_090501,201794,nominal,exporter,0001110,True,accepted
20260511_090501,201795,nominal,exporter,1100100,True,accepted
20260511_090501,201796,nominal,exporter,1101110,True,accepted
20260511_090501,201797,nominal,exporter,0001010,True,accepted
20260511_090501,201798,nominal,exporter,0000000,True,accepted
20260511_090501,201799,nominal,exporter,0101110,True,accepted
20260511_090501,201800,nominal,exporter,0001110,True,accepted
20260511_090501,201801,nominal,exporter,0111110,True,accepted
20260511_090501,201802,nominal,exporter,0100110,True,accepted
20260511_090501,201803,nominal,exporter,0000100,True,accepted
20260511_090501,201804,nominal,exporter,0000100,True,accepted
20260511_090501,201805,nominal,exporter,0110110,True,accepted
20260511_090501,201806,nominal,exporter,1110110,True,accepted
20260511_090501,201807,nominal,exporter,0001010,True,accepted
20260511_090501,201808,nominal,exporter,0111100,True,accepted
20260511_090501,201809,nominal,exporter,0001110,True,accepted
20260511_090501,201810,nominal,exporter,0000110,True,accepted
20260511_090501,201811,nominal,exporter,0100110,True,accepted
20260511_090501,201812,nominal,exporter,0110100,True,accepted
20260511_090501,201813,nominal,exporter,0000010,True,accepted
20260511_090501,201814,nominal,exporter,0001100,True,accepted
20260511_090501,201815,nominal,exporter,1111100,True,accepted
20260511_090501,201816,nominal,exporter,0000110,True,accepted
20260511_090501,201817,nominal,exporter,0101100,True,accepted
20260511_090501,201818,nominal,exporter,1100110,True,accepted
20260511_090501,201819,nominal,exporter,0100100,True,accepted
20260511_090501,201820,nominal,exporter,0001010,True,accepted
20260511_090501,201821,nominal,exporter,1101100,True,accepted
20260511_090501,201822,nominal,exporter,0101110,True,accepted
20260511_090501,201823,nominal,exporter,0000000,True,accepted
20260511_090501,201824,nominal,exporter,0001100,True,accepted
20260511_090501,201825,nominal,exporter,1111110,True,accepted
20260511_090501,201826,nominal,exporter,0110110,True,accepted
20260511_090501,201827,nominal,exporter,0000010,True,accepted
20260511_090501,201828,nominal,exporter,0000110,True,accepted
20260511_090501,201829,nominal,exporter,0101100,True,accepted
20260511_090501,201830,nominal,exporter,0111110,True,accepted
20260511_090501,201831,nominal,exporter,0001110,True,accepted
20260511_090501,201832,nominal,exporter,0110100,True,accepted
20260511_090501,201833,nominal,exporter,0000010,True,accepted
20260511_090501,201834,nominal,exporter,0001010,True,accepted
20260511_090501,201835,nominal,exporter,1101110,True,accepted
20260511_090501,201836,nominal,exporter,1101100,True,accepted
20260511_090501,201837,nominal,exporter,0100100,True,accepted
20260511_090501,201838,nominal,exporter,0001000,True,accepted
20260511_090501,201839,nominal,exporter,0101100,True,accepted
20260511_090501,201840,nominal,exporter,0000000,True,accepted
20260511_090501,201841,nominal,exporter,0101110,True,accepted
20260511_090501,201842,nominal,exporter,1110100,True,accepted
20260511_090501,201843,nominal,exporter,0001010,True,accepted
20260511_090501,201844,nominal,exporter,0100100,True,accepted
20260511_090501,201845,nominal,exporter,1100110,True,accepted
20260511_090501,201846,nominal,exporter,0101110,True,accepted
20260511_090501,201847,nominal,exporter,0001000,True,accepted
20260511_090501,201848,nominal,exporter,1110110,True,accepted
20260511_090501,201849,nominal,exporter,0001100,True,accepted
20260511_090501,201850,nominal,exporter,0000100,True,accepted
20260511_090501,201851,nominal,exporter,0111100,True,accepted
20260511_090501,201852,nominal,exporter,0100110,True,accepted
20260511_090501,201853,nominal,exporter,0000110,True,accepted
20260511_090501,201854,nominal,exporter,0001110,True,accepted
20260511_090501,201855,nominal,exporter,0111110,True,accepted
20260511_090501,201856,nominal,exporter,0100100,True,accepted
20260511_090501,201857,nominal,exporter,1101100,True,accepted
20260511_090501,201858,nominal,exporter,0101100,True,accepted
20260511_090501,201859,nominal,exporter,0000110,True,accepted
20260511_090501,201860,nominal,exporter,0000010,True,accepted
20260511_090501,201861,nominal,exporter,0110100,True,accepted
20260511_090501,201862,nominal,exporter,1101110,True,accepted
20260511_090501,201863,nominal,exporter,0001010,True,accepted
20260511_090501,201864,nominal,exporter,0101100,True,accepted
20260511_090501,201865,nominal,exporter,0000110,True,accepted
20260511_090501,201866,nominal,exporter,0001110,True,accepted
20260511_090501,201867,nominal,exporter,0111110,True,accepted
20260511_090501,201868,nominal,exporter,1111110,True,accepted
20260511_090501,201869,nominal,exporter,0001100,True,accepted
20260511_090501,201870,nominal,exporter,0000010,True,accepted
20260511_090501,201871,nominal,exporter,0110110,True,accepted
20260511_090501,201872,nominal,exporter,0000100,True,accepted
20260511_090501,201873,nominal,exporter,0100110,True,accepted
20260511_090501,201874,nominal,exporter,0111110,True,accepted
20260511_090501,201875,nominal,exporter,0001110,True,accepted
20260511_090501,201876,nominal,exporter,0001100,True,accepted
20260511_090501,201877,nominal,exporter,1111100,True,accepted
20260511_090501,201878,nominal,exporter,0111100,True,accepted
20260511_090501,201879,nominal,exporter,0000100,True,accepted
20260511_090501,201880,nominal,exporter,1100110,True,accepted
20260511_090501,201881,nominal,exporter,0001110,True,accepted
20260511_090501,201882,nominal,exporter,0001000,True,accepted
20260511_090501,201883,nominal,exporter,0101110,True,accepted
20260511_090501,201884,nominal,exporter,0101110,True,accepted
20260511_090501,201885,nominal,exporter,0000000,True,accepted
20260511_090501,201886,nominal,exporter,0001010,True,accepted
20260511_090501,201887,nominal,exporter,1110100,True,accepted
20260511_090501,201888,nominal,exporter,0110110,True,accepted
20260511_090501,201889,nominal,exporter,0000010,True,accepted
20260511_090501,201890,nominal,exporter,0001010,True,accepted
20260511_090501,201891,nominal,exporter,1110110,True,accepted
20260511_090501,201892,nominal,exporter,0111110,True,accepted
20260511_090501,201893,nominal,exporter,0001110,True,accepted
20260511_090501,201894,nominal,exporter,0000100,True,accepted
20260511_090501,201895,nominal,exporter,0100110,True,accepted
20260511_090501,201896,nominal,exporter,0001010,True,accepted
20260511_090501,201897,nominal,exporter,1110100,True,accepted
20260511_090501,201898,nominal,exporter,0101110,True,accepted
20260511_090501,201899,nominal,exporter,0000000,True,accepted
20260511_090501,201900,nominal,exporter,0001000,True,accepted
20260511_090501,201901,nominal,exporter,0101110,True,accepted
20260511_090501,201902,nominal,exporter,1100100,True,accepted
20260511_090501,201903,nominal,exporter,0001110,True,accepted
20260511_090501,201904,nominal,exporter,1101100,True,accepted
20260511_090501,201905,nominal,exporter,0001000,True,accepted
20260511_090501,201906,nominal,exporter,0000000,True,accepted
20260511_090501,201907,nominal,exporter,0110100,True,accepted
20260511_090501,201908,nominal,exporter,0101100,True,accepted
20260511_090501,201909,nominal,exporter,0000110,True,accepted
20260511_090501,201910,nominal,exporter,0100100,True,accepted
20260511_090501,201911,nominal,exporter,1100110,True,accepted
20260511_090501,201912,nominal,exporter,0000010,True,accepted
20260511_090501,201913,nominal,exporter,0110110,True,accepted
20260511_090501,201914,nominal,exporter,1111110,True,accepted
20260511_090501,201915,nominal,exporter,0001100,True,accepted
20260511_090501,201916,nominal,exporter,0001100,True,accepted
20260511_090501,201917,nominal,exporter,0111100,True,accepted
20260511_090501,201918,nominal,exporter,0100110,True,accepted
20260511_090501,201919,nominal,exporter,0000110,True,accepted
20260511_090501,201920,nominal,exporter,0101110,True,accepted
20260511_090501,201921,nominal,exporter,0001000,True,accepted
20260511_090501,201922,nominal,exporter,0100100,True,accepted
20260511_090501,201923,nominal,exporter,1100110,True,accepted
20260511_090501,201924,nominal,exporter,1110100,True,accepted
20260511_090501,201925,nominal,exporter,0001010,True,accepted
20260511_090501,201926,nominal,exporter,0000000,True,accepted
20260511_090501,201927,nominal,exporter,0101110,True,accepted
20260511_090501,201928,nominal,exporter,0001110,True,accepted
20260511_090501,201929,nominal,exporter,1100100,True,accepted
20260511_090501,201930,nominal,exporter,0100110,True,accepted
20260511_090501,201931,nominal,exporter,0000100,True,accepted
20260511_090501,201932,nominal,exporter,0000100,True,accepted
20260511_090501,201933,nominal,exporter,0111100,True,accepted
20260511_090501,201934,nominal,exporter,1111100,True,accepted
20260511_090501,201935,nominal,exporter,0001100,True,accepted
20260511_090501,201936,nominal,exporter,0111110,True,accepted
20260511_090501,201937,nominal,exporter,0001110,True,accepted
20260511_090501,201938,nominal,exporter,0000110,True,accepted
20260511_090501,201939,nominal,exporter,0101100,True,accepted
20260511_090501,201940,nominal,exporter,0110110,True,accepted
20260511_090501,201941,nominal,exporter,0000010,True,accepted
20260511_090501,201942,nominal,exporter,0001100,True,accepted
20260511_090501,201943,nominal,exporter,1111110,True,accepted
20260511_090501,201944,nominal,exporter,0001000,True,accepted
20260511_090501,201945,nominal,exporter,0101100,True,accepted
20260511_090501,201946,nominal,exporter,1101100,True,accepted
20260511_090501,201947,nominal,exporter,0100100,True,accepted
20260511_090501,201948,nominal,exporter,0001010,True,accepted
20260511_090501,201949,nominal,exporter,1101110,True,accepted
20260511_090501,201950,nominal,exporter,0110100,True,accepted
20260511_090501,201951,nominal,exporter,0000010,True,accepted
20260511_090501,201952,nominal,exporter,0001100,True,accepted
20260511_090501,201953,nominal,exporter,1111110,True,accepted
20260511_090501,201954,nominal,exporter,0110110,True,accepted
20260511_090501,201955,nominal,exporter,0000010,True,accepted
20260511_090501,201956,nominal,exporter,0000110,True,accepted
20260511_090501,201957,nominal,exporter,0100110,True,accepted
20260511_090501,201958,nominal,exporter,0111100,True,accepted
20260511_090501,201959,nominal,exporter,0001100,True,accepted
20260511_090501,201960,nominal,exporter,0110100,True,accepted
20260511_090501,201961,nominal,exporter,0000000,True,accepted
20260511_090501,201962,nominal,exporter,0001000,True,accepted
20260511_090501,201963,nominal,exporter,1101110,True,accepted
20260511_090501,201964,nominal,exporter,1100110,True,accepted
20260511_090501,201965,nominal,exporter,0100100,True,accepted
20260511_090501,201966,nominal,exporter,0000110,True,accepted
20260511_090501,201967,nominal,exporter,0101100,True,accepted
20260511_090501,201968,nominal,exporter,0000000,True,accepted
20260511_090501,201969,nominal,exporter,0101110,True,accepted
20260511_090501,201970,nominal,exporter,1101110,True,accepted
20260511_090501,201971,nominal,exporter,0001010,True,accepted
20260511_090501,201972,nominal,exporter,0001110,True,accepted
20260511_090501,201973,nominal,exporter,1100100,True,accepted
20260511_090501,201974,nominal,exporter,0101110,True,accepted
20260511_090501,201975,nominal,exporter,0001000,True,accepted
20260511_090501,201976,nominal,exporter,1110110,True,accepted
20260511_090501,201977,nominal,exporter,0001010,True,accepted
20260511_090501,201978,nominal,exporter,0000100,True,accepted
20260511_090501,201979,nominal,exporter,0111100,True,accepted
20260511_090501,201980,nominal,exporter,0100110,True,accepted
20260511_090501,201981,nominal,exporter,0000100,True,accepted
20260511_090501,201982,nominal,exporter,0001110,True,accepted
20260511_090501,201983,nominal,exporter,0111110,True,accepted
20260511_090501,201984,nominal,exporter,0100100,True,accepted
20260511_090501,201985,nominal,exporter,1100110,True,accepted
20260511_090501,201986,nominal,exporter,0101100,True,accepted
20260511_090501,201987,nominal,exporter,0000110,True,accepted
20260511_090501,201988,nominal,exporter,0000010,True,accepted
20260511_090501,201989,nominal,exporter,0110100,True,accepted
20260511_090501,201990,nominal,exporter,1101100,True,accepted
20260511_090501,201991,nominal,exporter,0001000,True,accepted
20260511_090501,201992,nominal,exporter,0100110,True,accepted
20260511_090501,201993,nominal,exporter,0000110,True,accepted
20260511_090501,201994,nominal,exporter,0001110,True,accepted
20260511_090501,201995,nominal,exporter,0111100,True,accepted
20260511_090501,201996,nominal,exporter,1111100,True,accepted
20260511_090501,201997,nominal,exporter,0001100,True,accepted
20260511_090501,201998,nominal,exporter,0000010,True,accepted
20260511_090501,201999,nominal,exporter,0110110,True,accepted
20260511_090501,202000,nominal,exporter,0000100,True,accepted
20260511_090501,202001,nominal,exporter,0100110,True,accepted
20260511_090501,202002,nominal,exporter,0111110,True,accepted
20260511_090501,202003,nominal,exporter,0001110,True,accepted
20260511_090501,202004,nominal,exporter,0001100,True,accepted
20260511_090501,202005,nominal,exporter,1110110,True,accepted
20260511_090501,202006,nominal,exporter,0110110,True,accepted
20260511_090501,202007,nominal,exporter,0000100,True,accepted
20260511_090501,202008,nominal,exporter,1100100,True,accepted
20260511_090501,202009,nominal,exporter,0001110,True,accepted
20260511_090501,202010,nominal,exporter,0001000,True,accepted
20260511_090501,202011,nominal,exporter,0101100,True,accepted
20260511_090501,202012,nominal,exporter,0101110,True,accepted
20260511_090501,202013,nominal,exporter,0000000,True,accepted
20260511_090501,202014,nominal,exporter,0001010,True,accepted
20260511_090501,202015,nominal,exporter,1101110,True,accepted
20260511_090501,202016,nominal,exporter,0111100,True,accepted
20260511_090501,202017,nominal,exporter,0000100,True,accepted
20260511_090501,202018,nominal,exporter,0001100,True,accepted
20260511_090501,202019,nominal,exporter,1111100,True,accepted
20260511_090501,202020,nominal,exporter,0111110,True,accepted
20260511_090501,202021,nominal,exporter,0001110,True,accepted
20260511_090501,202022,nominal,exporter,0000110,True,accepted
20260511_090501,202023,nominal,exporter,0100110,True,accepted
20260511_090501,301024,nominal,processor,,False,conditional_h_C_interval_empty
20260511_090501,301025,nominal,processor,0001011,True,accepted
20260511_090501,301026,nominal,processor,0000011,True,accepted
20260511_090501,301027,nominal,processor,0111100,True,accepted
20260511_090501,301028,nominal,processor,0101101,True,accepted
20260511_090501,301029,nominal,processor,0000111,True,accepted
20260511_090501,301030,nominal,processor,0001110,True,accepted
20260511_090501,301031,nominal,processor,,False,conditional_h_C_interval_empty
20260511_090501,301032,nominal,processor,0000000,True,accepted
20260511_090501,301033,nominal,processor,0101111,True,accepted
20260511_090501,301034,nominal,processor,1110110,True,accepted
20260511_090501,301035,nominal,processor,0001100,True,accepted
20260511_090501,301036,nominal,processor,0100101,True,accepted
20260511_090501,301037,nominal,processor,1100111,True,accepted
20260511_090501,301038,nominal,processor,0101100,True,accepted
20260511_090501,301039,nominal,processor,,False,conditional_h_C_interval_empty
20260511_090501,301040,nominal,processor,,False,conditional_h_C_interval_empty
20260511_090501,301041,nominal,processor,0000010,True,accepted
20260511_090501,301042,nominal,processor,0001100,True,accepted
20260511_090501,301043,nominal,processor,1111111,True,accepted
20260511_090501,301044,nominal,processor,1100110,True,accepted
20260511_090501,301045,nominal,processor,0001111,True,accepted
20260511_090501,301046,nominal,processor,0000101,True,accepted
20260511_090501,301047,nominal,processor,,False,conditional_h_C_interval_empty
20260511_090501,301048,nominal,processor,0001001,True,accepted
20260511_090501,301049,nominal,processor,1101110,True,accepted
20260511_090501,301050,nominal,processor,0110110,True,accepted
20260511_090501,301051,nominal,processor,0000011,True,accepted
20260511_090501,301052,nominal,processor,0001001,True,accepted
20260511_090501,301053,nominal,processor,0101101,True,accepted
20260511_090501,301054,nominal,processor,0111111,True,accepted
20260511_090501,301055,nominal,processor,,False,conditional_h_C_interval_empty
20260511_090501,301056,nominal,processor,,False,conditional_h_C_interval_empty
20260511_090501,301057,nominal,processor,0100110,True,accepted
20260511_090501,301058,nominal,processor,1100100,True,accepted
20260511_090501,301059,nominal,processor,0100100,True,accepted
20260511_090501,301060,nominal,processor,0001101,True,accepted
20260511_090501,301061,nominal,processor,1111110,True,accepted
20260511_090501,301062,nominal,processor,0110101,True,accepted
20260511_090501,301063,nominal,processor,0000001,True,accepted
20260511_090501,301064,nominal,processor,,False,conditional_h_C_interval_empty
20260511_090501,301065,nominal,processor,0001111,True,accepted
20260511_090501,301066,nominal,processor,0001000,True,accepted
20260511_090501,301067,nominal,processor,0101110,True,accepted
20260511_090501,301068,nominal,processor,0110111,True,accepted
20260511_090501,301069,nominal,processor,0000010,True,accepted
20260511_090501,301070,nominal,processor,0001010,True,accepted
20260511_090501,301071,nominal,processor,,False,conditional_h_C_interval_empty
20260511_090501,301072,nominal,processor,,False,conditional_h_C_interval_empty
20260511_090501,301073,nominal,processor,0111110,True,accepted
20260511_090501,301074,nominal,processor,0101100,True,accepted
20260511_090501,301075,nominal,processor,0001000,True,accepted
20260511_090501,301076,nominal,processor,0000100,True,accepted
20260511_090501,301077,nominal,processor,0110111,True,accepted
20260511_090501,301078,nominal,processor,1110100,True,accepted
20260511_090501,301079,nominal,processor,0001010,True,accepted
20260511_090501,301080,nominal,processor,,False,conditional_h_C_interval_empty
20260511_090501,301081,nominal,processor,0000111,True,accepted
20260511_090501,301082,nominal,processor,0100101,True,accepted
20260511_090501,301083,nominal,processor,1101101,True,accepted
20260511_090501,301084,nominal,processor,1110111,True,accepted
20260511_090501,301085,nominal,processor,0001011,True,accepted
20260511_090501,301086,nominal,processor,0000000,True,accepted
20260511_090501,301087,nominal,processor,,False,conditional_h_C_interval_empty
20260511_090501,301088,nominal,processor,,False,conditional_h_C_interval_empty
20260511_090501,301089,nominal,processor,0110110,True,accepted
20260511_090501,301090,nominal,processor,1101101,True,accepted
20260511_090501,301091,nominal,processor,0001010,True,accepted
20260511_090501,301092,nominal,processor,0001111,True,accepted
20260511_090501,301093,nominal,processor,0111111,True,accepted
20260511_090501,301094,nominal,processor,0101110,True,accepted
20260511_090501,301095,nominal,processor,,False,conditional_h_C_interval_empty
20260511_090501,301096,nominal,processor,,False,conditional_h_C_interval_empty
20260511_090501,301097,nominal,processor,0001101,True,accepted
20260511_090501,301098,nominal,processor,0000001,True,accepted
20260511_090501,301099,nominal,processor,0110100,True,accepted
20260511_090501,301100,nominal,processor,0100111,True,accepted
20260511_090501,301101,nominal,processor,0000101,True,accepted
20260511_090501,301102,nominal,processor,0100100,True,accepted
20260511_090501,301103,nominal,processor,,False,conditional_h_C_interval_empty
20260511_090501,301104,nominal,processor,,False,conditional_h_C_interval_empty
20260511_090501,301105,nominal,processor,1111100,True,accepted
20260511_090501,301106,nominal,processor,0101111,True,accepted
20260511_090501,301107,nominal,processor,0000001,True,accepted
20260511_090501,301108,nominal,processor,0000110,True,accepted
20260511_090501,301109,nominal,processor,0100111,True,accepted
20260511_090501,301110,nominal,processor,1101100,True,accepted
20260511_090501,301111,nominal,processor,0100100,True,accepted
20260511_090501,301112,nominal,processor,,False,conditional_h_C_interval_empty
20260511_090501,301113,nominal,processor,0000101,True,accepted
20260511_090501,301114,nominal,processor,0001010,True,accepted
20260511_090501,301115,nominal,processor,1110101,True,accepted
20260511_090501,301116,nominal,processor,0111110,True,accepted
20260511_090501,301117,nominal,processor,0001101,True,accepted
20260511_090501,301118,nominal,processor,0000111,True,accepted
20260511_090501,301119,nominal,processor,,False,conditional_h_C_interval_empty
20260511_090501,301120,nominal,processor,,False,conditional_h_C_interval_empty
20260511_090501,301121,nominal,processor,0100101,True,accepted
20260511_090501,301122,nominal,processor,0000110,True,accepted
20260511_090501,301123,nominal,processor,0101100,True,accepted
20260511_090501,301124,nominal,processor,0101111,True,accepted
20260511_090501,301125,nominal,processor,0000000,True,accepted
20260511_090501,301126,nominal,processor,0001100,True,accepted
20260511_090501,301127,nominal,processor,,False,conditional_h_C_interval_empty
20260511_090501,301128,nominal,processor,0000111,True,accepted
20260511_090501,301129,nominal,processor,0101101,True,accepted
20260511_090501,301130,nominal,processor,0111101,True,accepted
20260511_090501,301131,nominal,processor,0001110,True,accepted
20260511_090501,301132,nominal,processor,0001011,True,accepted
20260511_090501,301133,nominal,processor,1101111,True,accepted
20260511_090501,301134,nominal,processor,0111100,True,accepted
20260511_090501,301135,nominal,processor,0000100,True,accepted
20260511_090501,301136,nominal,processor,,False,conditional_h_C_interval_empty
20260511_090501,301137,nominal,processor,0001001,True,accepted
20260511_090501,301138,nominal,processor,0001111,True,accepted
20260511_090501,301139,nominal,processor,1100100,True,accepted
20260511_090501,301140,nominal,processor,1101110,True,accepted
20260511_090501,301141,nominal,processor,0001001,True,accepted
20260511_090501,301142,nominal,processor,0000011,True,accepted
20260511_090501,301143,nominal,processor,,False,conditional_h_C_interval_empty
20260511_090501,301144,nominal,processor,0001111,True,accepted
20260511_090501,301145,nominal,processor,1100110,True,accepted
20260511_090501,301146,nominal,processor,0100110,True,accepted
20260511_090501,301147,nominal,processor,0000110,True,accepted
20260511_090501,301148,nominal,processor,0000010,True,accepted
20260511_090501,301149,nominal,processor,0110100,True,accepted
20260511_090501,301150,nominal,processor,1111110,True,accepted
20260511_090501,301151,nominal,processor,,False,conditional_h_C_interval_empty
20260511_090501,301152,nominal,processor,,False,conditional_h_C_interval_empty
20260511_090501,301153,nominal,processor,0001011,True,accepted
20260511_090501,301154,nominal,processor,0000100,True,accepted
20260511_090501,301155,nominal,processor,0111100,True,accepted
20260511_090501,301156,nominal,processor,0101100,True,accepted
20260511_090501,301157,nominal,processor,0001000,True,accepted
20260511_090501,301158,nominal,processor,0001101,True,accepted
20260511_090501,301159,nominal,processor,,False,conditional_h_C_interval_empty
20260511_090501,301160,nominal,processor,0000001,True,accepted
20260511_090501,301161,nominal,processor,0101111,True,accepted
20260511_090501,301162,nominal,processor,1111101,True,accepted
20260511_090501,301163,nominal,processor,0001100,True,accepted
20260511_090501,301164,nominal,processor,0100100,True,accepted
20260511_090501,301165,nominal,processor,1101100,True,accepted
20260511_090501,301166,nominal,processor,0100111,True,accepted
20260511_090501,301167,nominal,processor,,False,conditional_h_C_interval_empty
20260511_090501,301168,nominal,processor,,False,conditional_h_C_interval_empty
20260511_090501,301169,nominal,processor,0000001,True,accepted
20260511_090501,301170,nominal,processor,0001101,True,accepted
20260511_090501,301171,nominal,processor,1111101,True,accepted
20260511_090501,301172,nominal,processor,1100101,True,accepted
20260511_090501,301173,nominal,processor,0100100,True,accepted
20260511_090501,301174,nominal,processor,0000101,True,accepted
20260511_090501,301175,nominal,processor,,False,conditional_h_C_interval_empty
20260511_090501,301176,nominal,processor,0001010,True,accepted
20260511_090501,301177,nominal,processor,1101101,True,accepted
20260511_090501,301178,nominal,processor,0110110,True,accepted
20260511_090501,301179,nominal,processor,0000010,True,accepted
20260511_090501,301180,nominal,processor,0001000,True,accepted
20260511_090501,301181,nominal,processor,0101110,True,accepted
20260511_090501,301182,nominal,processor,0111111,True,accepted
20260511_090501,301183,nominal,processor,,False,conditional_h_C_interval_empty
20260511_090501,301184,nominal,processor,,False,conditional_h_C_interval_empty
20260511_090501,301185,nominal,processor,0100110,True,accepted
20260511_090501,301186,nominal,processor,1100110,True,accepted
20260511_090501,301187,nominal,processor,0001111,True,accepted
20260511_090501,301188,nominal,processor,0001100,True,accepted
20260511_090501,301189,nominal,processor,1111111,True,accepted
20260511_090501,301190,nominal,processor,0101111,True,accepted
20260511_090501,301191,nominal,processor,0000010,True,accepted
20260511_090501,301192,nominal,processor,1100100,True,accepted
20260511_090501,301193,nominal,processor,0001110,True,accepted
20260511_090501,301194,nominal,processor,0001001,True,accepted
20260511_090501,301195,nominal,processor,0101110,True,accepted
20260511_090501,301196,nominal,processor,0110101,True,accepted
20260511_090501,301197,nominal,processor,0000011,True,accepted
20260511_090501,301198,nominal,processor,0001001,True,accepted
20260511_090501,301199,nominal,processor,,False,conditional_h_C_interval_empty
20260511_090501,301200,nominal,processor,,False,conditional_h_C_interval_empty
20260511_090501,301201,nominal,processor,0111101,True,accepted
20260511_090501,301202,nominal,processor,0101101,True,accepted
20260511_090501,301203,nominal,processor,0000111,True,accepted
20260511_090501,301204,nominal,processor,0000100,True,accepted
20260511_090501,301205,nominal,processor,0111101,True,accepted
20260511_090501,301206,nominal,processor,1101111,True,accepted
20260511_090501,301207,nominal,processor,0001011,True,accepted
20260511_090501,301208,nominal,processor,,False,conditional_h_C_interval_empty
20260511_090501,301209,nominal,processor,0000110,True,accepted
20260511_090501,301210,nominal,processor,0100101,True,accepted
20260511_090501,301211,nominal,processor,1100111,True,accepted
20260511_090501,301212,nominal,processor,1110110,True,accepted
20260511_090501,301213,nominal,processor,0001100,True,accepted
20260511_090501,301214,nominal,processor,0000000,True,accepted
20260511_090501,301215,nominal,processor,,False,conditional_h_C_interval_empty
20260511_090501,301216,nominal,processor,,False,conditional_h_C_interval_empty
20260511_090501,301217,nominal,processor,0110110,True,accepted
20260511_090501,301218,nominal,processor,1101110,True,accepted
20260511_090501,301219,nominal,processor,0001010,True,accepted
20260511_090501,301220,nominal,processor,0001110,True,accepted
20260511_090501,301221,nominal,processor,0111111,True,accepted
20260511_090501,301222,nominal,processor,0101101,True,accepted
20260511_090501,301223,nominal,processor,0001001,True,accepted
20260511_090501,301224,nominal,processor,,False,conditional_h_C_interval_empty
20260511_090501,301225,nominal,processor,0001101,True,accepted
20260511_090501,301226,nominal,processor,0000010,True,accepted
20260511_090501,301227,nominal,processor,0110100,True,accepted
20260511_090501,301228,nominal,processor,0100110,True,accepted
20260511_090501,301229,nominal,processor,0000101,True,accepted
20260511_090501,301230,nominal,processor,0001111,True,accepted
20260511_090501,301231,nominal,processor,,False,conditional_h_C_interval_empty
20260511_090501,301232,nominal,processor,0001100,True,accepted
20260511_090501,301233,nominal,processor,1110110,True,accepted
20260511_090501,301234,nominal,processor,0101111,True,accepted
20260511_090501,301235,nominal,processor,0000000,True,accepted
20260511_090501,301236,nominal,processor,0000110,True,accepted
20260511_090501,301237,nominal,processor,0101100,True,accepted
20260511_090501,301238,nominal,processor,1100111,True,accepted
20260511_090501,301239,nominal,processor,0100101,True,accepted
20260511_090501,301240,nominal,processor,,False,conditional_h_C_interval_empty
20260511_090501,301241,nominal,processor,0000100,True,accepted
20260511_090501,301242,nominal,processor,0001011,True,accepted
20260511_090501,301243,nominal,processor,1101111,True,accepted
20260511_090501,301244,nominal,processor,0111101,True,accepted
20260511_090501,301245,nominal,processor,0001110,True,accepted
20260511_090501,301246,nominal,processor,0000111,True,accepted
20260511_090501,301247,nominal,processor,,False,conditional_h_C_interval_empty
20260511_090501,301248,nominal,processor,,False,conditional_h_C_interval_empty
20260511_090501,301249,nominal,processor,0100101,True,accepted
20260511_090501,301250,nominal,processor,0000111,True,accepted
20260511_090501,301251,nominal,processor,0100111,True,accepted
20260511_090501,301252,nominal,processor,0101110,True,accepted
20260511_090501,301253,nominal,processor,0000000,True,accepted
20260511_090501,301254,nominal,processor,0001011,True,accepted
20260511_090501,301255,nominal,processor,,False,conditional_h_C_interval_empty
20260511_090501,301256,nominal,processor,0001000,True,accepted
20260511_090501,301257,nominal,processor,0101100,True,accepted
20260511_090501,301258,nominal,processor,0111110,True,accepted
20260511_090501,301259,nominal,processor,0001101,True,accepted
20260511_090501,301260,nominal,processor,0001010,True,accepted
20260511_090501,301261,nominal,processor,1110100,True,accepted
20260511_090501,301262,nominal,processor,0110111,True,accepted
20260511_090501,301263,nominal,processor,,False,conditional_h_C_interval_empty
20260511_090501,301264,nominal,processor,,False,conditional_h_C_interval_empty
20260511_090501,301265,nominal,processor,0001000,True,accepted
20260511_090501,301266,nominal,processor,0001111,True,accepted
20260511_090501,301267,nominal,processor,0111111,True,accepted
20260511_090501,301268,nominal,processor,1101101,True,accepted
20260511_090501,301269,nominal,processor,0001010,True,accepted
20260511_090501,301270,nominal,processor,0000011,True,accepted
20260511_090501,301271,nominal,processor,0110111,True,accepted
20260511_090501,301272,nominal,processor,,False,conditional_h_C_interval_empty
20260511_090501,301273,nominal,processor,1100100,True,accepted
20260511_090501,301274,nominal,processor,0100110,True,accepted
20260511_090501,301275,nominal,processor,0000101,True,accepted
20260511_090501,301276,nominal,processor,0000001,True,accepted
20260511_090501,301277,nominal,processor,0110101,True,accepted
20260511_090501,301278,nominal,processor,1111110,True,accepted
20260511_090501,301279,nominal,processor,,False,conditional_h_C_interval_empty
20260511_090501,301280,nominal,processor,,False,conditional_h_C_interval_empty
20260511_090501,301281,nominal,processor,1101111,True,accepted
20260511_090501,301282,nominal,processor,0111101,True,accepted
20260511_090501,301283,nominal,processor,0000100,True,accepted
20260511_090501,301284,nominal,processor,0000111,True,accepted
20260511_090501,301285,nominal,processor,0101101,True,accepted
20260511_090501,301286,nominal,processor,0111101,True,accepted
20260511_090501,301287,nominal,processor,,False,conditional_h_C_interval_empty
20260511_090501,301288,nominal,processor,,False,conditional_h_C_interval_empty
20260511_090501,301289,nominal,processor,0000000,True,accepted
20260511_090501,301290,nominal,processor,0001100,True,accepted
20260511_090501,301291,nominal,processor,1110111,True,accepted
20260511_090501,301292,nominal,processor,1100111,True,accepted
20260511_090501,301293,nominal,processor,0100101,True,accepted
20260511_090501,301294,nominal,processor,0000110,True,accepted
20260511_090501,301295,nominal,processor,,False,conditional_h_C_interval_empty
20260511_090501,301296,nominal,processor,0000010,True,accepted
20260511_090501,301297,nominal,processor,0101111,True,accepted
20260511_090501,301298,nominal,processor,1111110,True,accepted
20260511_090501,301299,nominal,processor,0001100,True,accepted
20260511_090501,301300,nominal,processor,0001111,True,accepted
20260511_090501,301301,nominal,processor,1100110,True,accepted
20260511_090501,301302,nominal,processor,0100110,True,accepted
20260511_090501,301303,nominal,processor,0000110,True,accepted
20260511_090501,301304,nominal,processor,,False,conditional_h_C_interval_empty
20260511_090501,301305,nominal,processor,0001001,True,accepted
20260511_090501,301306,nominal,processor,0000011,True,accepted
20260511_090501,301307,nominal,processor,0110101,True,accepted
20260511_090501,301308,nominal,processor,0101110,True,accepted
20260511_090501,301309,nominal,processor,0001001,True,accepted
20260511_090501,301310,nominal,processor,0001110,True,accepted
20260511_090501,301311,nominal,processor,,False,conditional_h_C_interval_empty
20260511_090501,301312,nominal,processor,,False,conditional_h_C_interval_empty
20260511_090501,301313,nominal,processor,0000101,True,accepted
20260511_090501,301314,nominal,processor,0100100,True,accepted
20260511_090501,301315,nominal,processor,1100101,True,accepted
20260511_090501,301316,nominal,processor,1111101,True,accepted
20260511_090501,301317,nominal,processor,0001101,True,accepted
20260511_090501,301318,nominal,processor,0000001,True,accepted
20260511_090501,301319,nominal,processor,,False,conditional_h_C_interval_empty
20260511_090501,301320,nominal,processor,0001111,True,accepted
20260511_090501,301321,nominal,processor,0111111,True,accepted
20260511_090501,301322,nominal,processor,0101110,True,accepted
20260511_090501,301323,nominal,processor,0001000,True,accepted
20260511_090501,301324,nominal,processor,0000010,True,accepted
20260511_090501,301325,nominal,processor,0110110,True,accepted
20260511_090501,301326,nominal,processor,1101101,True,accepted
20260511_090501,301327,nominal,processor,,False,conditional_h_C_interval_empty
20260511_090501,301328,nominal,processor,,False,conditional_h_C_interval_empty
20260511_090501,301329,nominal,processor,0001101,True,accepted
20260511_090501,301330,nominal,processor,0001000,True,accepted
20260511_090501,301331,nominal,processor,0101100,True,accepted
20260511_090501,301332,nominal,processor,0111100,True,accepted
20260511_090501,301333,nominal,processor,0000100,True,accepted
20260511_090501,301334,nominal,processor,0001011,True,accepted
20260511_090501,301335,nominal,processor,1110101,True,accepted
20260511_090501,301336,nominal,processor,0000110,True,accepted
20260511_090501,301337,nominal,processor,0100111,True,accepted
20260511_090501,301338,nominal,processor,1101100,True,accepted
20260511_090501,301339,nominal,processor,0100100,True,accepted
20260511_090501,301340,nominal,processor,0001100,True,accepted
20260511_090501,301341,nominal,processor,1111100,True,accepted
20260511_090501,301342,nominal,processor,0101111,True,accepted
20260511_090501,301343,nominal,processor,0000001,True,accepted
20260511_090501,301344,nominal,processor,,False,conditional_h_C_interval_empty
20260511_090501,301345,nominal,processor,0000011,True,accepted
20260511_090501,301346,nominal,processor,0001010,True,accepted
20260511_090501,301347,nominal,processor,1101101,True,accepted
20260511_090501,301348,nominal,processor,0111111,True,accepted
20260511_090501,301349,nominal,processor,0001111,True,accepted
20260511_090501,301350,nominal,processor,0001000,True,accepted
20260511_090501,301351,nominal,processor,,False,conditional_h_C_interval_empty
20260511_090501,301352,nominal,processor,0001101,True,accepted
20260511_090501,301353,nominal,processor,1111110,True,accepted
20260511_090501,301354,nominal,processor,0110101,True,accepted
20260511_090501,301355,nominal,processor,0000010,True,accepted
20260511_090501,301356,nominal,processor,0000101,True,accepted
20260511_090501,301357,nominal,processor,0100110,True,accepted
20260511_090501,301358,nominal,processor,1100100,True,accepted
20260511_090501,301359,nominal,processor,,False,conditional_h_C_interval_empty
20260511_090501,301360,nominal,processor,,False,conditional_h_C_interval_empty
20260511_090501,301361,nominal,processor,0001011,True,accepted
20260511_090501,301362,nominal,processor,0000000,True,accepted
20260511_090501,301363,nominal,processor,0101110,True,accepted
20260511_090501,301364,nominal,processor,0100111,True,accepted
20260511_090501,301365,nominal,processor,0000111,True,accepted
20260511_090501,301366,nominal,processor,0100100,True,accepted
20260511_090501,301367,nominal,processor,,False,conditional_h_C_interval_empty
20260511_090501,301368,nominal,processor,0000100,True,accepted
20260511_090501,301369,nominal,processor,0110111,True,accepted
20260511_090501,301370,nominal,processor,1110101,True,accepted
20260511_090501,301371,nominal,processor,0001010,True,accepted
20260511_090501,301372,nominal,processor,0001110,True,accepted
20260511_090501,301373,nominal,processor,0111110,True,accepted
20260511_090501,301374,nominal,processor,0101101,True,accepted
20260511_090501,301375,nominal,processor,,False,conditional_h_C_interval_empty
20260511_090501,301376,nominal,processor,,False,conditional_h_C_interval_empty
20260511_090501,301377,nominal,processor,1100111,True,accepted
20260511_090501,301378,nominal,processor,0101100,True,accepted
20260511_090501,301379,nominal,processor,0000110,True,accepted
20260511_090501,301380,nominal,processor,0000000,True,accepted
20260511_090501,301381,nominal,processor,0101111,True,accepted
20260511_090501,301382,nominal,processor,1110110,True,accepted
20260511_090501,301383,nominal,processor,0001100,True,accepted
20260511_090501,301384,nominal,processor,,False,conditional_h_C_interval_empty
20260511_090501,301385,nominal,processor,0000111,True,accepted
20260511_090501,301386,nominal,processor,0001110,True,accepted
20260511_090501,301387,nominal,processor,0111101,True,accepted
20260511_090501,301388,nominal,processor,1101111,True,accepted
20260511_090501,301389,nominal,processor,0001011,True,accepted
20260511_090501,301390,nominal,processor,0000100,True,accepted
20260511_090501,301391,nominal,processor,,False,conditional_h_C_interval_empty
20260511_090501,301392,nominal,processor,,False,conditional_h_C_interval_empty
20260511_090501,301393,nominal,processor,0101101,True,accepted
20260511_090501,301394,nominal,processor,0111111,True,accepted
20260511_090501,301395,nominal,processor,0001110,True,accepted
20260511_090501,301396,nominal,processor,0001010,True,accepted
20260511_090501,301397,nominal,processor,1101111,True,accepted
20260511_090501,301398,nominal,processor,0110110,True,accepted
20260511_090501,301399,nominal,processor,0000011,True,accepted
20260511_090501,301400,nominal,processor,,False,conditional_h_C_interval_empty
20260511_090501,301401,nominal,processor,0001111,True,accepted
20260511_090501,301402,nominal,processor,0000101,True,accepted
20260511_090501,301403,nominal,processor,0100110,True,accepted
20260511_090501,301404,nominal,processor,0110100,True,accepted
20260511_090501,301405,nominal,processor,0000010,True,accepted
20260511_090501,301406,nominal,processor,0001101,True,accepted
20260511_090501,301407,nominal,processor,,False,conditional_h_C_interval_empty
20260511_090501,301408,nominal,processor,,False,conditional_h_C_interval_empty
20260511_090501,301409,nominal,processor,1110100,True,accepted
20260511_090501,301410,nominal,processor,0110111,True,accepted
20260511_090501,301411,nominal,processor,0000100,True,accepted
20260511_090501,301412,nominal,processor,0001000,True,accepted
20260511_090501,301413,nominal,processor,0101100,True,accepted
20260511_090501,301414,nominal,processor,0111110,True,accepted
20260511_090501,301415,nominal,processor,,False,conditional_h_C_interval_empty
20260511_090501,301416,nominal,processor,,False,conditional_h_C_interval_empty
20260511_090501,301417,nominal,processor,0000000,True,accepted
20260511_090501,301418,nominal,processor,0001011,True,accepted
20260511_090501,301419,nominal,processor,1111100,True,accepted
20260511_090501,301420,nominal,processor,1101100,True,accepted
20260511_090501,301421,nominal,processor,0100101,True,accepted
20260511_090501,301422,nominal,processor,0000111,True,accepted
20260511_090501,301423,nominal,processor,,False,conditional_h_C_interval_empty
20260511_090501,301424,nominal,processor,,False,conditional_h_C_interval_empty
20260511_090501,301425,nominal,processor,0110101,True,accepted
20260511_090501,301426,nominal,processor,1111110,True,accepted
20260511_090501,301427,nominal,processor,0001101,True,accepted
20260511_090501,301428,nominal,processor,0001111,True,accepted
20260511_090501,301429,nominal,processor,1100100,True,accepted
20260511_090501,301430,nominal,processor,0100110,True,accepted
20260511_090501,301431,nominal,processor,0000101,True,accepted
20260511_090501,301432,nominal,processor,,False,conditional_h_C_interval_empty
20260511_090501,301433,nominal,processor,0001010,True,accepted
20260511_090501,301434,nominal,processor,0000011,True,accepted
20260511_090501,301435,nominal,processor,0110111,True,accepted
20260511_090501,301436,nominal,processor,0101110,True,accepted
20260511_090501,301437,nominal,processor,0001000,True,accepted
20260511_090501,301438,nominal,processor,0001111,True,accepted
20260511_090501,301439,nominal,processor,,False,conditional_h_C_interval_empty
20260511_090501,301440,nominal,processor,,False,conditional_h_C_interval_empty
20260511_090501,301441,nominal,processor,0000101,True,accepted
20260511_090501,301442,nominal,processor,0001111,True,accepted
20260511_090501,301443,nominal,processor,1100110,True,accepted
20260511_090501,301444,nominal,processor,1111111,True,accepted
20260511_090501,301445,nominal,processor,0001100,True,accepted
20260511_090501,301446,nominal,processor,0000010,True,accepted
20260511_090501,301447,nominal,processor,,False,conditional_h_C_interval_empty
20260511_090501,301448,nominal,processor,0001110,True,accepted
20260511_090501,301449,nominal,processor,0111111,True,accepted
20260511_090501,301450,nominal,processor,0101101,True,accepted
20260511_090501,301451,nominal,processor,0001001,True,accepted
20260511_090501,301452,nominal,processor,0000011,True,accepted
20260511_090501,301453,nominal,processor,0110110,True,accepted
20260511_090501,301454,nominal,processor,1101110,True,accepted
20260511_090501,301455,nominal,processor,,False,conditional_h_C_interval_empty
20260511_090501,301456,nominal,processor,,False,conditional_h_C_interval_empty
20260511_090501,301457,nominal,processor,0001110,True,accepted
20260511_090501,301458,nominal,processor,0000111,True,accepted
20260511_090501,301459,nominal,processor,0101101,True,accepted
20260511_090501,301460,nominal,processor,0111100,True,accepted
20260511_090501,301461,nominal,processor,0000100,True,accepted
20260511_090501,301462,nominal,processor,0001011,True,accepted
20260511_090501,301463,nominal,processor,,False,conditional_h_C_interval_empty
20260511_090501,301464,nominal,processor,0000110,True,accepted
20260511_090501,301465,nominal,processor,0101100,True,accepted
20260511_090501,301466,nominal,processor,1100111,True,accepted
20260511_090501,301467,nominal,processor,0100101,True,accepted
20260511_090501,301468,nominal,processor,0001100,True,accepted
20260511_090501,301469,nominal,processor,1110110,True,accepted
20260511_090501,301470,nominal,processor,0101111,True,accepted
20260511_090501,301471,nominal,processor,,False,conditional_h_C_interval_empty
20260511_090501,301472,nominal,processor,,False,conditional_h_C_interval_empty
20260511_090501,301473,nominal,processor,0000011,True,accepted
20260511_090501,301474,nominal,processor,0001001,True,accepted
20260511_090501,301475,nominal,processor,1101110,True,accepted
20260511_090501,301476,nominal,processor,1100100,True,accepted
20260511_090501,301477,nominal,processor,0001110,True,accepted
20260511_090501,301478,nominal,processor,0001001,True,accepted
20260511_090501,301479,nominal,processor,,False,conditional_h_C_interval_empty
20260511_090501,301480,nominal,processor,0001100,True,accepted
20260511_090501,301481,nominal,processor,1111110,True,accepted
20260511_090501,301482,nominal,processor,0101111,True,accepted
20260511_090501,301483,nominal,processor,0000010,True,accepted
20260511_090501,301484,nominal,processor,0000110,True,accepted
20260511_090501,301485,nominal,processor,0100110,True,accepted
20260511_090501,301486,nominal,processor,1100110,True,accepted
20260511_090501,301487,nominal,processor,,False,conditional_h_C_interval_empty
20260511_090501,301488,nominal,processor,,False,conditional_h_C_interval_empty
20260511_090501,301489,nominal,processor,0001100,True,accepted
20260511_090501,301490,nominal,processor,0000000,True,accepted
20260511_090501,301491,nominal,processor,0101111,True,accepted
20260511_090501,301492,nominal,processor,0101100,True,accepted
20260511_090501,301493,nominal,processor,0000110,True,accepted
20260511_090501,301494,nominal,processor,0100101,True,accepted
20260511_090501,301495,nominal,processor,1100111,True,accepted
20260511_090501,301496,nominal,processor,0000100,True,accepted
20260511_090501,301497,nominal,processor,0111100,True,accepted
20260511_090501,301498,nominal,processor,1101111,True,accepted
20260511_090501,301499,nominal,processor,0001011,True,accepted
20260511_090501,301500,nominal,processor,0001110,True,accepted
20260511_090501,301501,nominal,processor,0111101,True,accepted
20260511_090501,301502,nominal,processor,0101101,True,accepted
20260511_090501,301503,nominal,processor,,False,conditional_h_C_interval_empty
20260511_090501,301504,nominal,processor,,False,conditional_h_C_interval_empty
20260511_090501,301505,nominal,processor,1101100,True,accepted
20260511_090501,301506,nominal,processor,0100111,True,accepted
20260511_090501,301507,nominal,processor,0000110,True,accepted
20260511_090501,301508,nominal,processor,0000001,True,accepted
20260511_090501,301509,nominal,processor,0101111,True,accepted
20260511_090501,301510,nominal,processor,1111100,True,accepted
20260511_090501,301511,nominal,processor,0001011,True,accepted
20260511_090501,301512,nominal,processor,,False,conditional_h_C_interval_empty
20260511_090501,301513,nominal,processor,0000111,True,accepted
20260511_090501,301514,nominal,processor,0001101,True,accepted
20260511_090501,301515,nominal,processor,0111110,True,accepted
20260511_090501,301516,nominal,processor,1110101,True,accepted
20260511_090501,301517,nominal,processor,0001010,True,accepted
20260511_090501,301518,nominal,processor,0000100,True,accepted
20260511_090501,301519,nominal,processor,,False,conditional_h_C_interval_empty
20260511_090501,301520,nominal,processor,,False,conditional_h_C_interval_empty
20260511_090501,301521,nominal,processor,0101110,True,accepted
20260511_090501,301522,nominal,processor,0111111,True,accepted
20260511_090501,301523,nominal,processor,0001111,True,accepted
20260511_090501,301524,nominal,processor,0001010,True,accepted
20260511_090501,301525,nominal,processor,1101101,True,accepted
20260511_090501,301526,nominal,processor,0110110,True,accepted
20260511_090501,301527,nominal,processor,0000010,True,accepted
20260511_090501,301528,nominal,processor,,False,conditional_h_C_interval_empty
20260511_090501,301529,nominal,processor,0100100,True,accepted
20260511_090501,301530,nominal,processor,0000101,True,accepted
20260511_090501,301531,nominal,processor,0100111,True,accepted
20260511_090501,301532,nominal,processor,0110100,True,accepted
20260511_090501,301533,nominal,processor,0000001,True,accepted
20260511_090501,301534,nominal,processor,0001101,True,accepted
20260511_090501,301535,nominal,processor,,False,conditional_h_C_interval_empty
20260511_090501,301536,nominal,processor,,False,conditional_h_C_interval_empty
20260511_090501,301537,nominal,processor,0000100,True,accepted
20260511_090501,301538,nominal,processor,0001011,True,accepted
20260511_090501,301539,nominal,processor,1101111,True,accepted
20260511_090501,301540,nominal,processor,0111101,True,accepted
20260511_090501,301541,nominal,processor,0001110,True,accepted
20260511_090501,301542,nominal,processor,0000111,True,accepted
20260511_090501,301543,nominal,processor,,False,conditional_h_C_interval_empty
20260511_090501,301544,nominal,processor,0001100,True,accepted
20260511_090501,301545,nominal,processor,1110111,True,accepted
20260511_090501,301546,nominal,processor,0101111,True,accepted
20260511_090501,301547,nominal,processor,0000000,True,accepted
20260511_090501,301548,nominal,processor,0000110,True,accepted
20260511_090501,301549,nominal,processor,0101100,True,accepted
20260511_090501,301550,nominal,processor,1100110,True,accepted
20260511_090501,301551,nominal,processor,,False,conditional_h_C_interval_empty
20260511_090501,301552,nominal,processor,,False,conditional_h_C_interval_empty
20260511_090501,301553,nominal,processor,0001100,True,accepted
20260511_090501,301554,nominal,processor,0000010,True,accepted
20260511_090501,301555,nominal,processor,0110100,True,accepted
20260511_090501,301556,nominal,processor,0100110,True,accepted
20260511_090501,301557,nominal,processor,0000110,True,accepted
20260511_090501,301558,nominal,processor,0001111,True,accepted
20260511_090501,301559,nominal,processor,1100110,True,accepted
20260511_090501,301560,nominal,processor,,False,conditional_h_C_interval_empty
20260511_090501,301561,nominal,processor,0110101,False,no_active_currency
20260511_090501,301562,nominal,processor,1101110,True,accepted
20260511_090501,301563,nominal,processor,0001001,True,accepted
20260511_090501,301564,nominal,processor,0001110,True,accepted
20260511_090501,301565,nominal,processor,1100100,True,accepted
20260511_090501,301566,nominal,processor,0101110,True,accepted
20260511_090501,301567,nominal,processor,,False,conditional_h_C_interval_empty
20260511_090501,301568,nominal,processor,,False,conditional_h_C_interval_empty
20260511_090501,301569,nominal,processor,1100101,True,accepted
20260511_090501,301570,nominal,processor,0100111,True,accepted
20260511_090501,301571,nominal,processor,0000101,True,accepted
20260511_090501,301572,nominal,processor,0000001,True,accepted
20260511_090501,301573,nominal,processor,0110100,True,accepted
20260511_090501,301574,nominal,processor,1111101,True,accepted
20260511_090501,301575,nominal,processor,,False,conditional_h_C_interval_empty
20260511_090501,301576,nominal,processor,0101110,True,accepted
20260511_090501,301577,nominal,processor,0001000,True,accepted
20260511_090501,301578,nominal,processor,0001111,True,accepted
20260511_090501,301579,nominal,processor,0111111,True,accepted
20260511_090501,301580,nominal,processor,1101101,True,accepted
20260511_090501,301581,nominal,processor,0001010,True,accepted
20260511_090501,301582,nominal,processor,0000010,True,accepted
20260511_090501,301583,nominal,processor,,False,conditional_h_C_interval_empty
20260511_090501,301584,nominal,processor,,False,conditional_h_C_interval_empty
20260511_090501,301585,nominal,processor,0101100,True,accepted
20260511_090501,301586,nominal,processor,0111110,True,accepted
20260511_090501,301587,nominal,processor,0001101,True,accepted
20260511_090501,301588,nominal,processor,0001010,True,accepted
20260511_090501,301589,nominal,processor,1110101,True,accepted
20260511_090501,301590,nominal,processor,0111100,True,accepted
20260511_090501,301591,nominal,processor,,False,conditional_h_C_interval_empty
20260511_090501,301592,nominal,processor,1101100,True,accepted
20260511_090501,301593,nominal,processor,0100100,True,accepted
20260511_090501,301594,nominal,processor,0000110,True,accepted
20260511_090501,301595,nominal,processor,0100111,True,accepted
20260511_090501,301596,nominal,processor,,False,conditional_h_C_interval_empty
20260511_090501,301597,nominal,processor,0000001,True,accepted
20260511_090501,301598,nominal,processor,0001100,True,accepted
20260511_090501,301599,nominal,processor,,False,conditional_h_C_interval_empty
20260511_090501,301600,nominal,processor,,False,conditional_h_C_interval_empty
20260511_090501,301601,nominal,processor,1101101,True,accepted
20260511_090501,301602,nominal,processor,0110111,True,accepted
20260511_090501,301603,nominal,processor,0000011,True,accepted
20260511_090501,301604,nominal,processor,0001000,True,accepted
20260511_090501,301605,nominal,processor,0101110,True,accepted
20260511_090501,301606,nominal,processor,0111110,True,accepted
20260511_090501,301607,nominal,processor,,False,conditional_h_C_interval_empty
20260511_090501,301608,nominal,processor,0110101,True,accepted
20260511_090501,301609,nominal,processor,0000001,True,accepted
20260511_090501,301610,nominal,processor,0001101,True,accepted
20260511_090501,301611,nominal,processor,1111110,True,accepted
20260511_090501,301612,nominal,processor,1100100,True,accepted
20260511_090501,301613,nominal,processor,0100100,True,accepted
20260511_090501,301614,nominal,processor,0000101,True,accepted
20260511_090501,301615,nominal,processor,,False,conditional_h_C_interval_empty
20260511_090501,301616,nominal,processor,,False,conditional_h_C_interval_empty
20260511_090501,301617,nominal,processor,0101110,True,accepted
20260511_090501,301618,nominal,processor,1110111,True,accepted
20260511_090501,301619,nominal,processor,0001011,True,accepted
20260511_090501,301620,nominal,processor,0100101,True,accepted
20260511_090501,301621,nominal,processor,1101100,True,accepted
20260511_090501,301622,nominal,processor,0100111,True,accepted
20260511_090501,301623,nominal,processor,0000111,True,accepted
20260511_090501,301624,nominal,processor,1110100,True,accepted
20260511_090501,301625,nominal,processor,0001010,True,accepted
20260511_090501,301626,nominal,processor,0000100,True,accepted
20260511_090501,301627,nominal,processor,0110111,True,accepted
20260511_090501,301628,nominal,processor,,False,conditional_h_C_interval_empty
20260511_090501,301629,nominal,processor,0001000,True,accepted
20260511_090501,301630,nominal,processor,0001110,True,accepted
20260511_090501,301631,nominal,processor,,False,conditional_h_C_interval_empty
20260511_090501,301632,nominal,processor,,False,conditional_h_C_interval_empty
20260511_090501,301633,nominal,processor,0000110,True,accepted
20260511_090501,301634,nominal,processor,0100101,True,accepted
20260511_090501,301635,nominal,processor,1100111,True,accepted
20260511_090501,301636,nominal,processor,1110110,True,accepted
20260511_090501,301637,nominal,processor,0001100,True,accepted
20260511_090501,301638,nominal,processor,0000000,True,accepted
20260511_090501,301639,nominal,processor,0101111,True,accepted
20260511_090501,301640,nominal,processor,,False,conditional_h_C_interval_empty
20260511_090501,301641,nominal,processor,0111101,True,accepted
20260511_090501,301642,nominal,processor,0101101,True,accepted
20260511_090501,301643,nominal,processor,0000111,True,accepted
20260511_090501,301644,nominal,processor,0000011,True,accepted
20260511_090501,301645,nominal,processor,0111100,True,accepted
20260511_090501,301646,nominal,processor,1101111,True,accepted
20260511_090501,301647,nominal,processor,,False,conditional_h_C_interval_empty
20260511_090501,301648,nominal,processor,,False,conditional_h_C_interval_empty
20260511_090501,301649,nominal,processor,0001110,True,accepted
20260511_090501,301650,nominal,processor,0001000,True,accepted
20260511_090501,301651,nominal,processor,0101101,True,accepted
20260511_090501,301652,nominal,processor,0110110,True,accepted
20260511_090501,301653,nominal,processor,0000011,True,accepted
20260511_090501,301654,nominal,processor,0001001,True,accepted
20260511_090501,301655,nominal,processor,1101110,True,accepted
20260511_090501,301656,nominal,processor,,False,conditional_h_C_interval_empty
20260511_090501,301657,nominal,processor,0100110,True,accepted
20260511_090501,301658,nominal,processor,1100110,True,accepted
20260511_090501,301659,nominal,processor,0001111,True,accepted
20260511_090501,301660,nominal,processor,0001100,True,accepted
20260511_090501,301661,nominal,processor,1111111,True,accepted
20260511_090501,301662,nominal,processor,0110100,True,accepted
20260511_090501,301663,nominal,processor,,False,conditional_h_C_interval_empty
20260511_090501,301664,nominal,processor,,False,conditional_h_C_interval_empty
20260511_090501,301665,nominal,processor,0000100,True,accepted
20260511_090501,301666,nominal,processor,0001010,True,accepted
20260511_090501,301667,nominal,processor,1110100,True,accepted
20260511_090501,301668,nominal,processor,0111110,True,accepted
20260511_090501,301669,nominal,processor,0001101,True,accepted
20260511_090501,301670,nominal,processor,0001000,True,accepted
20260511_090501,301671,nominal,processor,,False,conditional_h_C_interval_empty
20260511_090501,301672,nominal,processor,,False,conditional_h_C_interval_empty
20260511_090501,301673,nominal,processor,1111100,True,accepted
20260511_090501,301674,nominal,processor,0101110,True,accepted
20260511_090501,301675,nominal,processor,0000000,True,accepted
20260511_090501,301676,nominal,processor,0000111,True,accepted
20260511_090501,301677,nominal,processor,0100111,True,accepted
20260511_090501,301678,nominal,processor,1101100,True,accepted
20260511_090501,301679,nominal,processor,,False,conditional_h_C_interval_empty
20260511_090501,301680,nominal,processor,,False,conditional_h_C_interval_empty
20260511_090501,301681,nominal,processor,0001101,True,accepted
20260511_090501,301682,nominal,processor,0000001,True,accepted
20260511_090501,301683,nominal,processor,0110101,True,accepted
20260511_090501,301684,nominal,processor,0100110,True,accepted
20260511_090501,301685,nominal,processor,0000101,True,accepted
20260511_090501,301686,nominal,processor,0100100,True,accepted
20260511_090501,301687,nominal,processor,1100101,True,accepted
20260511_090501,301688,nominal,processor,0000011,True,accepted
20260511_090501,301689,nominal,processor,0110111,True,accepted
20260511_090501,301690,nominal,processor,1101101,True,accepted
20260511_090501,301691,nominal,processor,0001010,True,accepted
20260511_090501,301692,nominal,processor,0001111,True,accepted
20260511_090501,301693,nominal,processor,0111110,True,accepted
20260511_090501,301694,nominal,processor,0101110,True,accepted
20260511_090501,301695,nominal,processor,,False,conditional_h_C_interval_empty
20260511_090501,301696,nominal,processor,,False,conditional_h_C_interval_empty
20260511_090501,301697,nominal,processor,1100101,True,accepted
20260511_090501,301698,nominal,processor,0100110,True,accepted
20260511_090501,301699,nominal,processor,0000101,True,accepted
20260511_090501,301700,nominal,processor,0000010,True,accepted
20260511_090501,301701,nominal,processor,0110100,True,accepted
20260511_090501,301702,nominal,processor,1111111,True,accepted
20260511_090501,301703,nominal,processor,,False,conditional_h_C_interval_empty
20260511_090501,301704,nominal,processor,0101101,True,accepted
20260511_090501,301705,nominal,processor,0001001,True,accepted
20260511_090501,301706,nominal,processor,0001110,True,accepted
20260511_090501,301707,nominal,processor,0111111,True,accepted
20260511_090501,301708,nominal,processor,1101110,True,accepted
20260511_090501,301709,nominal,processor,0001010,True,accepted
20260511_090501,301710,nominal,processor,0000011,True,accepted
20260511_090501,301711,nominal,processor,,False,conditional_h_C_interval_empty
20260511_090501,301712,nominal,processor,,False,conditional_h_C_interval_empty
20260511_090501,301713,nominal,processor,0101101,True,accepted
20260511_090501,301714,nominal,processor,0111101,True,accepted
20260511_090501,301715,nominal,processor,0001110,True,accepted
20260511_090501,301716,nominal,processor,0001011,True,accepted
20260511_090501,301717,nominal,processor,1101111,True,accepted
20260511_090501,301718,nominal,processor,0111100,True,accepted
20260511_090501,301719,nominal,processor,0000100,True,accepted
20260511_090501,301720,nominal,processor,,False,conditional_h_C_interval_empty
20260511_090501,301721,nominal,processor,0100101,True,accepted
20260511_090501,301722,nominal,processor,0000110,True,accepted
20260511_090501,301723,nominal,processor,0101100,True,accepted
20260511_090501,301724,nominal,processor,0101111,True,accepted
20260511_090501,301725,nominal,processor,0000000,True,accepted
20260511_090501,301726,nominal,processor,0001100,True,accepted
20260511_090501,301727,nominal,processor,,False,conditional_h_C_interval_empty
20260511_090501,301728,nominal,processor,,False,conditional_h_C_interval_empty
20260511_090501,301729,nominal,processor,1101110,True,accepted
20260511_090501,301730,nominal,processor,0110101,True,accepted
20260511_090501,301731,nominal,processor,0000011,True,accepted
20260511_090501,301732,nominal,processor,0001001,True,accepted
20260511_090501,301733,nominal,processor,0101110,True,accepted
20260511_090501,301734,nominal,processor,1100100,True,accepted
20260511_090501,301735,nominal,processor,,False,conditional_h_C_interval_empty
20260511_090501,301736,nominal,processor,,False,conditional_h_C_interval_empty
20260511_090501,301737,nominal,processor,0000010,True,accepted
20260511_090501,301738,nominal,processor,0001100,True,accepted
20260511_090501,301739,nominal,processor,1111111,True,accepted
20260511_090501,301740,nominal,processor,1100110,True,accepted
20260511_090501,301741,nominal,processor,0001111,True,accepted
20260511_090501,301742,nominal,processor,0000110,True,accepted
20260511_090501,301743,nominal,processor,,False,conditional_h_C_interval_empty
20260511_090501,301744,nominal,processor,,False,conditional_h_C_interval_empty
20260511_090501,301745,nominal,processor,0101111,True,accepted
20260511_090501,301746,nominal,processor,1110110,True,accepted
20260511_090501,301747,nominal,processor,0001100,True,accepted
20260511_090501,301748,nominal,processor,0100101,True,accepted
20260511_090501,301749,nominal,processor,1100111,True,accepted
20260511_090501,301750,nominal,processor,0100111,True,accepted
20260511_090501,301751,nominal,processor,,False,conditional_h_C_interval_empty
20260511_090501,301752,nominal,processor,1101111,True,accepted
20260511_090501,301753,nominal,processor,0001011,True,accepted
20260511_090501,301754,nominal,processor,0000100,True,accepted
20260511_090501,301755,nominal,processor,0111101,True,accepted
20260511_090501,301756,nominal,processor,,False,conditional_h_C_interval_empty
20260511_090501,301757,nominal,processor,0000111,True,accepted
20260511_090501,301758,nominal,processor,0001110,True,accepted
20260511_090501,301759,nominal,processor,,False,conditional_h_C_interval_empty
20260511_090501,301760,nominal,processor,,False,conditional_h_C_interval_empty
20260511_090501,301761,nominal,processor,0000110,True,accepted
20260511_090501,301762,nominal,processor,0100100,True,accepted
20260511_090501,301763,nominal,processor,1101100,True,accepted
20260511_090501,301764,nominal,processor,1111100,True,accepted
20260511_090501,301765,nominal,processor,0001100,True,accepted
20260511_090501,301766,nominal,processor,0000001,True,accepted
20260511_090501,301767,nominal,processor,,False,conditional_h_C_interval_empty
20260511_090501,301768,nominal,processor,,False,conditional_h_C_interval_empty
20260511_090501,301769,nominal,processor,0111110,True,accepted
20260511_090501,301770,nominal,processor,0101100,True,accepted
20260511_090501,301771,nominal,processor,0001000,True,accepted
20260511_090501,301772,nominal,processor,0000100,True,accepted
20260511_090501,301773,nominal,processor,0111100,True,accepted
20260511_090501,301774,nominal,processor,1110101,True,accepted
20260511_090501,301775,nominal,processor,,False,conditional_h_C_interval_empty
20260511_090501,301776,nominal,processor,,False,conditional_h_C_interval_empty
20260511_090501,301777,nominal,processor,0001111,True,accepted
20260511_090501,301778,nominal,processor,0001000,True,accepted
20260511_090501,301779,nominal,processor,0101110,True,accepted
20260511_090501,301780,nominal,processor,0110110,True,accepted
20260511_090501,301781,nominal,processor,0000010,True,accepted
20260511_090501,301782,nominal,processor,0001010,True,accepted
20260511_090501,301783,nominal,processor,1101101,True,accepted
20260511_090501,301784,nominal,processor,,False,conditional_h_C_interval_empty
20260511_090501,301785,nominal,processor,0100110,True,accepted
20260511_090501,301786,nominal,processor,1100101,True,accepted
20260511_090501,301787,nominal,processor,0100100,True,accepted
20260511_090501,301788,nominal,processor,0001101,True,accepted
20260511_090501,301789,nominal,processor,1111101,True,accepted
20260511_090501,301790,nominal,processor,0110101,True,accepted
20260511_090501,301791,nominal,processor,,False,conditional_h_C_interval_empty
20260511_090501,301792,nominal,processor,,False,conditional_h_C_interval_empty
20260511_090501,301793,nominal,processor,0111100,True,accepted
20260511_090501,301794,nominal,processor,1101111,True,accepted
20260511_090501,301795,nominal,processor,0001011,True,accepted
20260511_090501,301796,nominal,processor,0001110,True,accepted
20260511_090501,301797,nominal,processor,0111110,True,accepted
20260511_090501,301798,nominal,processor,0101101,True,accepted
20260511_090501,301799,nominal,processor,,False,conditional_h_C_interval_empty
20260511_090501,301800,nominal,processor,1110110,True,accepted
20260511_090501,301801,nominal,processor,0001100,True,accepted
20260511_090501,301802,nominal,processor,0000000,True,accepted
20260511_090501,301803,nominal,processor,0101111,True,accepted
20260511_090501,301804,nominal,processor,0101100,True,accepted
20260511_090501,301805,nominal,processor,0000110,True,accepted
20260511_090501,301806,nominal,processor,0100101,True,accepted
20260511_090501,301807,nominal,processor,,False,conditional_h_C_interval_empty
20260511_090501,301808,nominal,processor,,False,conditional_h_C_interval_empty
20260511_090501,301809,nominal,processor,1111111,True,accepted
20260511_090501,301810,nominal,processor,0110100,True,accepted
20260511_090501,301811,nominal,processor,0000010,True,accepted
20260511_090501,301812,nominal,processor,0000101,True,accepted
20260511_090501,301813,nominal,processor,0100110,True,accepted
20260511_090501,301814,nominal,processor,1100101,True,accepted
20260511_090501,301815,nominal,processor,,False,conditional_h_C_interval_empty
20260511_090501,301816,nominal,processor,0110110,True,accepted
20260511_090501,301817,nominal,processor,0000011,True,accepted
20260511_090501,301818,nominal,processor,0001010,True,accepted
20260511_090501,301819,nominal,processor,1101111,True,accepted
20260511_090501,301820,nominal,processor,,False,conditional_h_C_interval_empty
20260511_090501,301821,nominal,processor,0001110,True,accepted
20260511_090501,301822,nominal,processor,0001001,True,accepted
20260511_090501,301823,nominal,processor,,False,conditional_h_C_interval_empty
20260511_090501,301824,nominal,processor,,False,conditional_h_C_interval_empty
20260511_090501,301825,nominal,processor,0100100,True,accepted
20260511_090501,301826,nominal,processor,0000101,True,accepted
20260511_090501,301827,nominal,processor,0100110,True,accepted
20260511_090501,301828,nominal,processor,0110101,True,accepted
20260511_090501,301829,nominal,processor,0000001,True,accepted
20260511_090501,301830,nominal,processor,0001101,True,accepted
20260511_090501,301831,nominal,processor,,False,conditional_h_C_interval_empty
20260511_090501,301832,nominal,processor,,False,conditional_h_C_interval_empty
20260511_090501,301833,nominal,processor,0101110,True,accepted
20260511_090501,301834,nominal,processor,0111111,True,accepted
20260511_090501,301835,nominal,processor,0001111,True,accepted
20260511_090501,301836,nominal,processor,0001010,True,accepted
20260511_090501,301837,nominal,processor,1101101,True,accepted
20260511_090501,301838,nominal,processor,0110111,True,accepted
20260511_090501,301839,nominal,processor,,False,conditional_h_C_interval_empty
20260511_090501,301840,nominal,processor,,False,conditional_h_C_interval_empty
20260511_090501,301841,nominal,processor,0001000,True,accepted
20260511_090501,301842,nominal,processor,0001110,True,accepted
20260511_090501,301843,nominal,processor,,False,conditional_h_C_interval_empty
20260511_090501,301844,nominal,processor,1110100,True,accepted
20260511_090501,301845,nominal,processor,0001010,True,accepted
20260511_090501,301846,nominal,processor,0000100,True,accepted
20260511_090501,301847,nominal,processor,0110111,True,accepted
20260511_090501,301848,nominal,processor,,False,conditional_h_C_interval_empty
20260511_090501,301849,nominal,processor,1101100,True,accepted
20260511_090501,301850,nominal,processor,0100111,True,accepted
20260511_090501,301851,nominal,processor,0000111,True,accepted
20260511_090501,301852,nominal,processor,0000000,True,accepted
20260511_090501,301853,nominal,processor,0101110,True,accepted
20260511_090501,301854,nominal,processor,1111100,True,accepted
20260511_090501,301855,nominal,processor,,False,conditional_h_C_interval_empty
20260511_090501,301856,nominal,processor,,False,conditional_h_C_interval_empty
20260511_090501,301857,nominal,processor,0001010,True,accepted
20260511_090501,301858,nominal,processor,0000010,True,accepted
20260511_090501,301859,nominal,processor,,False,conditional_h_C_interval_empty
20260511_090501,301860,nominal,processor,0101110,True,accepted
20260511_090501,301861,nominal,processor,0001000,True,accepted
20260511_090501,301862,nominal,processor,0001111,True,accepted
20260511_090501,301863,nominal,processor,,False,conditional_h_C_interval_empty
20260511_090501,301864,nominal,processor,0000001,True,accepted
20260511_090501,301865,nominal,processor,0110100,True,accepted
20260511_090501,301866,nominal,processor,1111101,True,accepted
20260511_090501,301867,nominal,processor,0001101,True,accepted
20260511_090501,301868,nominal,processor,0100100,True,accepted
20260511_090501,301869,nominal,processor,1100101,True,accepted
20260511_090501,301870,nominal,processor,0100111,True,accepted
20260511_090501,301871,nominal,processor,,False,conditional_h_C_interval_empty
20260511_090501,301872,nominal,processor,,False,conditional_h_C_interval_empty
20260511_090501,301873,nominal,processor,0000001,True,accepted
20260511_090501,301874,nominal,processor,0001100,True,accepted
20260511_090501,301875,nominal,processor,1111100,True,accepted
20260511_090501,301876,nominal,processor,1101100,True,accepted
20260511_090501,301877,nominal,processor,0100100,True,accepted
20260511_090501,301878,nominal,processor,0000111,True,accepted
20260511_090501,301879,nominal,processor,0100111,True,accepted
20260511_090501,301880,nominal,processor,,False,conditional_h_C_interval_empty
20260511_090501,301881,nominal,processor,1110101,True,accepted
20260511_090501,301882,nominal,processor,0110111,True,accepted
20260511_090501,301883,nominal,processor,0000100,True,accepted
20260511_090501,301884,nominal,processor,0001000,True,accepted
20260511_090501,301885,nominal,processor,0101100,True,accepted
20260511_090501,301886,nominal,processor,0111110,True,accepted
20260511_090501,301887,nominal,processor,,False,conditional_h_C_interval_empty
20260511_090501,301888,nominal,processor,,False,conditional_h_C_interval_empty
20260511_090501,301889,nominal,processor,0101100,True,accepted
20260511_090501,301890,nominal,processor,1100111,True,accepted
20260511_090501,301891,nominal,processor,0100101,True,accepted
20260511_090501,301892,nominal,processor,0001100,True,accepted
20260511_090501,301893,nominal,processor,1110111,True,accepted
20260511_090501,301894,nominal,processor,0101111,True,accepted
20260511_090501,301895,nominal,processor,,False,conditional_h_C_interval_empty
20260511_090501,301896,nominal,processor,,False,conditional_h_C_interval_empty
20260511_090501,301897,nominal,processor,0001110,True,accepted
20260511_090501,301898,nominal,processor,0000111,True,accepted
20260511_090501,301899,nominal,processor,0101101,True,accepted
20260511_090501,301900,nominal,processor,0111101,True,accepted
20260511_090501,301901,nominal,processor,0000100,True,accepted
20260511_090501,301902,nominal,processor,0001011,True,accepted
20260511_090501,301903,nominal,processor,,False,conditional_h_C_interval_empty
20260511_090501,301904,nominal,processor,,False,conditional_h_C_interval_empty
20260511_090501,301905,nominal,processor,0111111,True,accepted
20260511_090501,301906,nominal,processor,0101110,True,accepted
20260511_090501,301907,nominal,processor,0001001,True,accepted
20260511_090501,301908,nominal,processor,0000011,True,accepted
20260511_090501,301909,nominal,processor,0110101,True,accepted
20260511_090501,301910,nominal,processor,1101110,True,accepted
20260511_090501,301911,nominal,processor,0001001,True,accepted
20260511_090501,301912,nominal,processor,,False,conditional_h_C_interval_empty
20260511_090501,301913,nominal,processor,0000110,True,accepted
20260511_090501,301914,nominal,processor,0001111,True,accepted
20260511_090501,301915,nominal,processor,1100110,True,accepted
20260511_090501,301916,nominal,processor,1111111,True,accepted
20260511_090501,301917,nominal,processor,0001100,True,accepted
20260511_090501,301918,nominal,processor,0000010,True,accepted
20260511_090501,301919,nominal,processor,,False,conditional_h_C_interval_empty
20260511_090501,301920,nominal,processor,,False,conditional_h_C_interval_empty
20260511_090501,301921,nominal,processor,0111100,True,accepted
20260511_090501,301922,nominal,processor,1110101,True,accepted
20260511_090501,301923,nominal,processor,0001010,True,accepted
20260511_090501,301924,nominal,processor,0001101,True,accepted
20260511_090501,301925,nominal,processor,0111110,True,accepted
20260511_090501,301926,nominal,processor,0101100,True,accepted
20260511_090501,301927,nominal,processor,,False,conditional_h_C_interval_empty
20260511_090501,301928,nominal,processor,1111100,True,accepted
20260511_090501,301929,nominal,processor,0001011,True,accepted
20260511_090501,301930,nominal,processor,0000001,True,accepted
20260511_090501,301931,nominal,processor,0101111,True,accepted
20260511_090501,301932,nominal,processor,0100111,True,accepted
20260511_090501,301933,nominal,processor,0000110,True,accepted
20260511_090501,301934,nominal,processor,0100100,True,accepted
20260511_090501,301935,nominal,processor,,False,conditional_h_C_interval_empty
20260511_090501,301936,nominal,processor,,False,conditional_h_C_interval_empty
20260511_090501,301937,nominal,processor,1111101,True,accepted
20260511_090501,301938,nominal,processor,0110100,True,accepted
20260511_090501,301939,nominal,processor,0000001,True,accepted
20260511_090501,301940,nominal,processor,0000101,True,accepted
20260511_090501,301941,nominal,processor,0100111,True,accepted
20260511_090501,301942,nominal,processor,1100101,True,accepted
20260511_090501,301943,nominal,processor,,False,conditional_h_C_interval_empty
20260511_090501,301944,nominal,processor,,False,conditional_h_C_interval_empty
20260511_090501,301945,nominal,processor,0000010,True,accepted
20260511_090501,301946,nominal,processor,0001010,True,accepted
20260511_090501,301947,nominal,processor,1101101,True,accepted
20260511_090501,301948,nominal,processor,,False,conditional_h_C_interval_empty
20260511_090501,301949,nominal,processor,0001111,True,accepted
20260511_090501,301950,nominal,processor,0001000,True,accepted
20260511_090501,301951,nominal,processor,,False,conditional_h_C_interval_empty
20260511_090501,301952,nominal,processor,,False,conditional_h_C_interval_empty
20260511_090501,301953,nominal,processor,0001111,True,accepted
20260511_090501,301954,nominal,processor,0000101,True,accepted
20260511_090501,301955,nominal,processor,0100110,True,accepted
20260511_090501,301956,nominal,processor,0101111,True,accepted
20260511_090501,301957,nominal,processor,0000010,True,accepted
20260511_090501,301958,nominal,processor,0001100,True,accepted
20260511_090501,301959,nominal,processor,1111110,True,accepted
20260511_090501,301960,nominal,processor,,False,conditional_h_C_interval_empty
20260511_090501,301961,nominal,processor,0101101,True,accepted
20260511_090501,301962,nominal,processor,1100100,True,accepted
20260511_090501,301963,nominal,processor,0001110,True,accepted
20260511_090501,301964,nominal,processor,0001001,True,accepted
20260511_090501,301965,nominal,processor,1101110,True,accepted
20260511_090501,301966,nominal,processor,0110110,True,accepted
20260511_090501,301967,nominal,processor,,False,conditional_h_C_interval_empty
20260511_090501,301968,nominal,processor,,False,conditional_h_C_interval_empty
20260511_090501,301969,nominal,processor,0000111,True,accepted
20260511_090501,301970,nominal,processor,0001110,True,accepted
20260511_090501,301971,nominal,processor,0111101,True,accepted
20260511_090501,301972,nominal,processor,1110100,True,accepted
20260511_090501,301973,nominal,processor,0001011,True,accepted
20260511_090501,301974,nominal,processor,0000100,True,accepted
20260511_090501,301975,nominal,processor,,False,conditional_h_C_interval_empty
20260511_090501,301976,nominal,processor,,False,conditional_h_C_interval_empty
20260511_090501,301977,nominal,processor,1100111,True,accepted
20260511_090501,301978,nominal,processor,0101100,True,accepted
20260511_090501,301979,nominal,processor,0000110,True,accepted
20260511_090501,301980,nominal,processor,0000000,True,accepted
20260511_090501,301981,nominal,processor,0101111,True,accepted
20260511_090501,301982,nominal,processor,1110111,True,accepted
20260511_090501,301983,nominal,processor,,False,conditional_h_C_interval_empty
20260511_090501,301984,nominal,processor,,False,conditional_h_C_interval_empty
20260511_090501,301985,nominal,processor,0001001,True,accepted
20260511_090501,301986,nominal,processor,0000011,True,accepted
20260511_090501,301987,nominal,processor,0110110,True,accepted
20260511_090501,301988,nominal,processor,0101101,True,accepted
20260511_090501,301989,nominal,processor,0001001,True,accepted
20260511_090501,301990,nominal,processor,0001110,True,accepted
20260511_090501,301991,nominal,processor,,False,conditional_h_C_interval_empty
20260511_090501,301992,nominal,processor,0000010,True,accepted
20260511_090501,301993,nominal,processor,0110100,True,accepted
20260511_090501,301994,nominal,processor,1111111,True,accepted
20260511_090501,301995,nominal,processor,0001100,True,accepted
20260511_090501,301996,nominal,processor,0001111,True,accepted
20260511_090501,301997,nominal,processor,1100110,True,accepted
20260511_090501,301998,nominal,processor,0100110,True,accepted
20260511_090501,301999,nominal,processor,,False,conditional_h_C_interval_empty
20260511_090501,302000,nominal,processor,,False,conditional_h_C_interval_empty
20260511_090501,302001,nominal,processor,0000000,True,accepted
20260511_090501,302002,nominal,processor,0001100,True,accepted
20260511_090501,302003,nominal,processor,1110110,True,accepted
20260511_090501,302004,nominal,processor,1100111,True,accepted
20260511_090501,302005,nominal,processor,0100101,True,accepted
20260511_090501,302006,nominal,processor,0000110,True,accepted
20260511_090501,302007,nominal,processor,0101100,True,accepted
20260511_090501,302008,nominal,processor,,False,conditional_h_C_interval_empty
20260511_090501,302009,nominal,processor,1101111,True,accepted
20260511_090501,302010,nominal,processor,0111100,True,accepted
20260511_090501,302011,nominal,processor,0000011,True,accepted
20260511_090501,302012,nominal,processor,0000111,True,accepted
20260511_090501,302013,nominal,processor,0101101,True,accepted
20260511_090501,302014,nominal,processor,0111101,True,accepted
20260511_090501,302015,nominal,processor,,False,conditional_h_C_interval_empty
20260511_090501,302016,nominal,processor,,False,conditional_h_C_interval_empty
20260511_090501,302017,nominal,processor,0100111,True,accepted
20260511_090501,302018,nominal,processor,1101100,True,accepted
20260511_090501,302019,nominal,processor,0100101,True,accepted
20260511_090501,302020,nominal,processor,0001011,True,accepted
20260511_090501,302021,nominal,processor,1110111,True,accepted
20260511_090501,302022,nominal,processor,0101110,True,accepted
20260511_090501,302023,nominal,processor,0000000,True,accepted
20260511_090501,302024,nominal,processor,,False,conditional_h_C_interval_empty
20260511_090501,302025,nominal,processor,0001110,True,accepted
20260511_090501,302026,nominal,processor,0001000,True,accepted
20260511_090501,302027,nominal,processor,0101100,True,accepted
20260511_090501,302028,nominal,processor,0110111,True,accepted
20260511_090501,302029,nominal,processor,0000100,True,accepted
20260511_090501,302030,nominal,processor,0001010,True,accepted
20260511_090501,302031,nominal,processor,1110100,True,accepted
20260511_090501,302032,nominal,processor,,False,conditional_h_C_interval_empty
20260511_090501,302033,nominal,processor,0111110,True,accepted
20260511_090501,302034,nominal,processor,0101110,True,accepted
20260511_090501,302035,nominal,processor,0001000,True,accepted
20260511_090501,302036,nominal,processor,0000011,True,accepted
20260511_090501,302037,nominal,processor,0110111,True,accepted
20260511_090501,302038,nominal,processor,1101110,True,accepted
20260511_090501,302039,nominal,processor,,False,conditional_h_C_interval_empty
20260511_090501,302040,nominal,processor,0100110,True,accepted
20260511_090501,302041,nominal,processor,0000101,True,accepted
20260511_090501,302042,nominal,processor,0001111,True,accepted
20260511_090501,302043,nominal,processor,1100100,True,accepted
20260511_090501,302044,nominal,processor,1111110,True,accepted
20260511_090501,302045,nominal,processor,0001101,True,accepted
20260511_090501,302046,nominal,processor,0000001,True,accepted
20260511_090501,302047,nominal,processor,,False,conditional_h_C_interval_empty
20260511_090501,302048,nominal,processor,,False,conditional_h_C_interval_empty
20260511_090501,302049,nominal,processor,0101111,True,accepted
20260511_090501,302050,nominal,processor,1110110,True,accepted
20260511_090501,302051,nominal,processor,0001100,True,accepted
20260511_090501,302052,nominal,processor,0100101,True,accepted
20260511_090501,302053,nominal,processor,1100111,True,accepted
20260511_090501,302054,nominal,processor,0101100,True,accepted
20260511_090501,302055,nominal,processor,0000110,True,accepted
20260511_090501,302056,nominal,processor,1101111,True,accepted
20260511_090501,302057,nominal,processor,0001011,True,accepted
20260511_090501,302058,nominal,processor,0000100,True,accepted
20260511_090501,302059,nominal,processor,0111100,True,accepted
20260511_090501,302060,nominal,processor,0101101,True,accepted
20260511_090501,302061,nominal,processor,0000111,True,accepted
20260511_090501,302062,nominal,processor,0001110,True,accepted
20260511_090501,302063,nominal,processor,,False,conditional_h_C_interval_empty
20260511_090501,302064,nominal,processor,,False,conditional_h_C_interval_empty
20260511_090501,302065,nominal,processor,1101110,True,accepted
20260511_090501,302066,nominal,processor,0110110,True,accepted
20260511_090501,302067,nominal,processor,0000011,True,accepted
20260511_090501,302068,nominal,processor,0001001,True,accepted
20260511_090501,302069,nominal,processor,0101101,True,accepted
20260511_090501,302070,nominal,processor,0111111,True,accepted
20260511_090501,302071,nominal,processor,0001110,True,accepted
20260511_090501,302072,nominal,processor,,False,conditional_h_C_interval_empty
20260511_090501,302073,nominal,processor,0000010,True,accepted
20260511_090501,302074,nominal,processor,0001101,True,accepted
20260511_090501,302075,nominal,processor,1111111,True,accepted
20260511_090501,302076,nominal,processor,1100101,True,accepted
20260511_090501,302077,nominal,processor,0001111,True,accepted
20260511_090501,302078,nominal,processor,0000101,True,accepted
20260511_090501,302079,nominal,processor,,False,conditional_h_C_interval_empty
20260511_090501,302080,nominal,processor,,False,conditional_h_C_interval_empty
20260511_090501,302081,nominal,processor,0001111,True,accepted
20260511_090501,302082,nominal,processor,0001000,True,accepted
20260511_090501,302083,nominal,processor,0101110,True,accepted
20260511_090501,302084,nominal,processor,0110111,True,accepted
20260511_090501,302085,nominal,processor,0000011,True,accepted
20260511_090501,302086,nominal,processor,0001010,True,accepted
20260511_090501,302087,nominal,processor,,False,conditional_h_C_interval_empty
20260511_090501,302088,nominal,processor,0000101,True,accepted
20260511_090501,302089,nominal,processor,0100110,True,accepted
20260511_090501,302090,nominal,processor,1100100,True,accepted
20260511_090501,302091,nominal,processor,0100100,True,accepted
20260511_090501,302092,nominal,processor,0001101,True,accepted
20260511_090501,302093,nominal,processor,1111110,True,accepted
20260511_090501,302094,nominal,processor,0110101,True,accepted
20260511_090501,302095,nominal,processor,0000001,True,accepted
20260511_090501,302096,nominal,processor,,False,conditional_h_C_interval_empty
20260511_090501,302097,nominal,processor,0000111,True,accepted
20260511_090501,302098,nominal,processor,0100100,True,accepted
20260511_090501,302099,nominal,processor,1101100,True,accepted
20260511_090501,302100,nominal,processor,1111100,True,accepted
20260511_090501,302101,nominal,processor,0001011,True,accepted
20260511_090501,302102,nominal,processor,0000000,True,accepted
20260511_090501,302103,nominal,processor,,False,conditional_h_C_interval_empty
20260511_090501,302104,nominal,processor,0001101,True,accepted
20260511_090501,302105,nominal,processor,0111110,True,accepted
20260511_090501,302106,nominal,processor,0101101,True,accepted
20260511_090501,302107,nominal,processor,0001000,True,accepted
20260511_090501,302108,nominal,processor,0000100,True,accepted
20260511_090501,302109,nominal,processor,0110111,True,accepted
20260511_090501,302110,nominal,processor,1110100,True,accepted
20260511_090501,302111,nominal,processor,,False,conditional_h_C_interval_empty
20260511_090501,302112,nominal,processor,,False,conditional_h_C_interval_empty
20260511_090501,302113,nominal,processor,0001101,True,accepted
20260511_090501,302114,nominal,processor,0000001,True,accepted
20260511_090501,302115,nominal,processor,0110100,True,accepted
20260511_090501,302116,nominal,processor,0100111,True,accepted
20260511_090501,302117,nominal,processor,0000101,True,accepted
20260511_090501,302118,nominal,processor,0100100,True,accepted
20260511_090501,302119,nominal,processor,,False,conditional_h_C_interval_empty
20260511_090501,302120,nominal,processor,0000010,True,accepted
20260511_090501,302121,nominal,processor,0110110,True,accepted
20260511_090501,302122,nominal,processor,1101101,True,accepted
20260511_090501,302123,nominal,processor,0001010,True,accepted
20260511_090501,302124,nominal,processor,0001111,True,accepted
20260511_090501,302125,nominal,processor,0111111,True,accepted
20260511_090501,302126,nominal,processor,0101110,True,accepted
20260511_090501,302127,nominal,processor,,False,conditional_h_C_interval_empty
20260511_090501,302128,nominal,processor,,False,conditional_h_C_interval_empty
20260511_090501,302129,nominal,processor,0000100,True,accepted
20260511_090501,302130,nominal,processor,0001011,True,accepted
20260511_090501,302131,nominal,processor,1110101,True,accepted
20260511_090501,302132,nominal,processor,0111110,True,accepted
20260511_090501,302133,nominal,processor,0001101,True,accepted
20260511_090501,302134,nominal,processor,0001000,True,accepted
20260511_090501,302135,nominal,processor,,False,conditional_h_C_interval_empty
20260511_090501,302136,nominal,processor,,False,conditional_h_C_interval_empty
20260511_090501,302137,nominal,processor,1111100,True,accepted
20260511_090501,302138,nominal,processor,0101111,True,accepted
20260511_090501,302139,nominal,processor,0000001,True,accepted
20260511_090501,302140,nominal,processor,0000111,True,accepted
20260511_090501,302141,nominal,processor,0100111,True,accepted
20260511_090501,302142,nominal,processor,1101100,True,accepted
20260511_090501,302143,nominal,processor,,False,conditional_h_C_interval_empty
20260511_090501,302144,nominal,processor,,False,conditional_h_C_interval_empty
20260511_090501,302145,nominal,processor,0101101,True,accepted
20260511_090501,302146,nominal,processor,0111101,True,accepted
20260511_090501,302147,nominal,processor,0001110,True,accepted
20260511_090501,302148,nominal,processor,0001011,True,accepted
20260511_090501,302149,nominal,processor,1101111,True,accepted
20260511_090501,302150,nominal,processor,0111101,True,accepted
20260511_090501,302151,nominal,processor,0000100,True,accepted
20260511_090501,302152,nominal,processor,,False,conditional_h_C_interval_empty
20260511_090501,302153,nominal,processor,0100101,True,accepted
20260511_090501,302154,nominal,processor,0000110,True,accepted
20260511_090501,302155,nominal,processor,0101100,True,accepted
20260511_090501,302156,nominal,processor,0101111,True,accepted
20260511_090501,302157,nominal,processor,0000000,True,accepted
20260511_090501,302158,nominal,processor,0001100,True,accepted
20260511_090501,302159,nominal,processor,,False,conditional_h_C_interval_empty
20260511_090501,302160,nominal,processor,,False,conditional_h_C_interval_empty
20260511_090501,302161,nominal,processor,1100110,True,accepted
20260511_090501,302162,nominal,processor,0100110,True,accepted
20260511_090501,302163,nominal,processor,0000110,True,accepted
20260511_090501,302164,nominal,processor,0000010,True,accepted
20260511_090501,302165,nominal,processor,0101111,True,accepted
20260511_090501,302166,nominal,processor,1111111,True,accepted
20260511_090501,302167,nominal,processor,0001100,True,accepted
20260511_090501,302168,nominal,processor,,False,conditional_h_C_interval_empty
20260511_090501,302169,nominal,processor,0001001,True,accepted
20260511_090501,302170,nominal,processor,0001110,True,accepted
20260511_090501,302171,nominal,processor,0111111,True,accepted
20260511_090501,302172,nominal,processor,1101110,True,accepted
20260511_090501,302173,nominal,processor,0001001,True,accepted
20260511_090501,302174,nominal,processor,0000011,True,accepted
20260511_090501,302175,nominal,processor,,False,conditional_h_C_interval_empty
20260511_090501,302176,nominal,processor,,False,conditional_h_C_interval_empty
20260511_090501,302177,nominal,processor,0101111,True,accepted
20260511_090501,302178,nominal,processor,1111100,True,accepted
20260511_090501,302179,nominal,processor,0001011,True,accepted
20260511_090501,302180,nominal,processor,0100100,True,accepted
20260511_090501,302181,nominal,processor,1101100,True,accepted
20260511_090501,302182,nominal,processor,0100111,True,accepted
20260511_090501,302183,nominal,processor,0000110,True,accepted
20260511_090501,302184,nominal,processor,1110101,True,accepted
20260511_090501,302185,nominal,processor,0001010,True,accepted
20260511_090501,302186,nominal,processor,0000100,True,accepted
20260511_090501,302187,nominal,processor,0111100,True,accepted
20260511_090501,302188,nominal,processor,0101100,True,accepted
20260511_090501,302189,nominal,processor,0000111,True,accepted
20260511_090501,302190,nominal,processor,0001101,True,accepted
20260511_090501,302191,nominal,processor,,False,conditional_h_C_interval_empty
20260511_090501,302192,nominal,processor,,False,conditional_h_C_interval_empty
20260511_090501,302193,nominal,processor,1101101,True,accepted
20260511_090501,302194,nominal,processor,0110110,True,accepted
20260511_090501,302195,nominal,processor,0000010,True,accepted
20260511_090501,302196,nominal,processor,0001000,True,accepted
20260511_090501,302197,nominal,processor,0101110,True,accepted
20260511_090501,302198,nominal,processor,0111111,True,accepted
20260511_090501,302199,nominal,processor,0001111,True,accepted
20260511_090501,302200,nominal,processor,,False,conditional_h_C_interval_empty
20260511_090501,302201,nominal,processor,0000001,True,accepted
20260511_090501,302202,nominal,processor,0001101,True,accepted
20260511_090501,302203,nominal,processor,1111101,True,accepted
20260511_090501,302204,nominal,processor,1100101,True,accepted
20260511_090501,302205,nominal,processor,0100100,True,accepted
20260511_090501,302206,nominal,processor,0000101,True,accepted
20260511_090501,302207,nominal,processor,,False,conditional_h_C_interval_empty
20260511_090501,302208,nominal,processor,,False,conditional_h_C_interval_empty
20260511_090501,302209,nominal,processor,0001110,True,accepted
20260511_090501,302210,nominal,processor,0001001,True,accepted
20260511_090501,302211,nominal,processor,0101101,True,accepted
20260511_090501,302212,nominal,processor,0110110,True,accepted
20260511_090501,302213,nominal,processor,0000011,True,accepted
20260511_090501,302214,nominal,processor,0001001,True,accepted
20260511_090501,302215,nominal,processor,,False,conditional_h_C_interval_empty
20260511_090501,302216,nominal,processor,0000101,True,accepted
20260511_090501,302217,nominal,processor,0100110,True,accepted
20260511_090501,302218,nominal,processor,1100110,True,accepted
20260511_090501,302219,nominal,processor,0001111,True,accepted
20260511_090501,302220,nominal,processor,0001100,True,accepted
20260511_090501,302221,nominal,processor,1111110,True,accepted
20260511_090501,302222,nominal,processor,0101111,True,accepted
20260511_090501,302223,nominal,processor,0000010,True,accepted
20260511_090501,302224,nominal,processor,,False,conditional_h_C_interval_empty
20260511_090501,302225,nominal,processor,0000110,True,accepted
20260511_090501,302226,nominal,processor,0100101,True,accepted
20260511_090501,302227,nominal,processor,1100111,True,accepted
20260511_090501,302228,nominal,processor,1110111,True,accepted
20260511_090501,302229,nominal,processor,0001100,True,accepted
20260511_090501,302230,nominal,processor,0000000,True,accepted
20260511_090501,302231,nominal,processor,,False,conditional_h_C_interval_empty
20260511_090501,302232,nominal,processor,,False,conditional_h_C_interval_empty
20260511_090501,302233,nominal,processor,0111101,True,accepted
20260511_090501,302234,nominal,processor,0101101,True,accepted
20260511_090501,302235,nominal,processor,0000111,True,accepted
20260511_090501,302236,nominal,processor,0000100,True,accepted
20260511_090501,302237,nominal,processor,0111100,True,accepted
20260511_090501,302238,nominal,processor,1110100,True,accepted
20260511_090501,302239,nominal,processor,,False,conditional_h_C_interval_empty
20260511_090501,302240,nominal,processor,,False,conditional_h_C_interval_empty
20260511_090501,302241,nominal,processor,0001100,True,accepted
20260511_090501,302242,nominal,processor,0000010,True,accepted
20260511_090501,302243,nominal,processor,0110100,True,accepted
20260511_090501,302244,nominal,processor,0100110,True,accepted
20260511_090501,302245,nominal,processor,0000101,True,accepted
20260511_090501,302246,nominal,processor,0001111,True,accepted
20260511_090501,302247,nominal,processor,,False,conditional_h_C_interval_empty
20260511_090501,302248,nominal,processor,0000011,True,accepted
20260511_090501,302249,nominal,processor,0110110,True,accepted
20260511_090501,302250,nominal,processor,1101110,True,accepted
20260511_090501,302251,nominal,processor,0001001,True,accepted
20260511_090501,302252,nominal,processor,0001110,True,accepted
20260511_090501,302253,nominal,processor,0111111,True,accepted
20260511_090501,302254,nominal,processor,0101101,True,accepted
20260511_090501,302255,nominal,processor,,False,conditional_h_C_interval_empty
20260511_090501,302256,nominal,processor,,False,conditional_h_C_interval_empty
20260511_090501,302257,nominal,processor,0000011,True,accepted
20260511_090501,302258,nominal,processor,0001011,True,accepted
20260511_090501,302259,nominal,processor,1101111,True,accepted
20260511_090501,302260,nominal,processor,0111101,True,accepted
20260511_090501,302261,nominal,processor,0001110,True,accepted
20260511_090501,302262,nominal,processor,0000111,True,accepted
20260511_090501,302263,nominal,processor,,False,conditional_h_C_interval_empty
20260511_090501,302264,nominal,processor,0001100,True,accepted
20260511_090501,302265,nominal,processor,1110110,True,accepted
20260511_090501,302266,nominal,processor,0101111,True,accepted
20260511_090501,302267,nominal,processor,0000000,True,accepted
20260511_090501,302268,nominal,processor,0000110,True,accepted
20260511_090501,302269,nominal,processor,0101100,True,accepted
20260511_090501,302270,nominal,processor,1100111,True,accepted
20260511_090501,302271,nominal,processor,,False,conditional_h_C_interval_empty
20260511_090501,302272,nominal,processor,,False,conditional_h_C_interval_empty
20260511_090501,302273,nominal,processor,0101100,True,accepted
20260511_090501,302274,nominal,processor,0111110,True,accepted
20260511_090501,302275,nominal,processor,0001110,True,accepted
20260511_090501,302276,nominal,processor,0001010,True,accepted
20260511_090501,302277,nominal,processor,1110100,True,accepted
20260511_090501,302278,nominal,processor,0110111,True,accepted
20260511_090501,302279,nominal,processor,0000100,True,accepted
20260511_090501,302280,nominal,processor,,False,conditional_h_C_interval_empty
20260511_090501,302281,nominal,processor,0100101,True,accepted
20260511_090501,302282,nominal,processor,0000111,True,accepted
20260511_090501,302283,nominal,processor,0100111,True,accepted
20260511_090501,302284,nominal,processor,0101110,True,accepted
20260511_090501,302285,nominal,processor,0000000,True,accepted
20260511_090501,302286,nominal,processor,0001011,True,accepted
20260511_090501,302287,nominal,processor,,False,conditional_h_C_interval_empty
20260511_090501,302288,nominal,processor,,False,conditional_h_C_interval_empty
20260511_090501,302289,nominal,processor,1100100,True,accepted
20260511_090501,302290,nominal,processor,0100110,True,accepted
20260511_090501,302291,nominal,processor,0000101,True,accepted
20260511_090501,302292,nominal,processor,0000001,True,accepted
20260511_090501,302293,nominal,processor,0110101,True,accepted
20260511_090501,302294,nominal,processor,1111110,True,accepted
20260511_090501,302295,nominal,processor,0001101,True,accepted
20260511_090501,302296,nominal,processor,,False,conditional_h_C_interval_empty
20260511_090501,302297,nominal,processor,0001000,True,accepted
20260511_090501,302298,nominal,processor,0001111,True,accepted
20260511_090501,302299,nominal,processor,0111110,True,accepted
20260511_090501,302300,nominal,processor,1101110,True,accepted
20260511_090501,302301,nominal,processor,0001010,True,accepted
20260511_090501,302302,nominal,processor,0000011,True,accepted
20260511_090501,302303,nominal,processor,,False,conditional_h_C_interval_empty
20260511_090501,302304,nominal,processor,,False,conditional_h_C_interval_empty
20260511_090501,302305,nominal,processor,0000000,True,accepted
20260511_090501,302306,nominal,processor,0001100,True,accepted
20260511_090501,302307,nominal,processor,1110111,True,accepted
20260511_090501,302308,nominal,processor,1100110,True,accepted
20260511_090501,302309,nominal,processor,0100101,True,accepted
20260511_090501,302310,nominal,processor,0000110,True,accepted
20260511_090501,302311,nominal,processor,,False,conditional_h_C_interval_empty
20260511_090501,302312,nominal,processor,0001011,True,accepted
20260511_090501,302313,nominal,processor,1101111,True,accepted
20260511_090501,302314,nominal,processor,0111100,True,accepted
20260511_090501,302315,nominal,processor,0000100,True,accepted
20260511_090501,302316,nominal,processor,0000111,True,accepted
20260511_090501,302317,nominal,processor,0101101,True,accepted
20260511_090501,302318,nominal,processor,0111101,True,accepted
20260511_090501,302319,nominal,processor,,False,conditional_h_C_interval_empty
20260511_090501,302320,nominal,processor,,False,conditional_h_C_interval_empty
20260511_090501,302321,nominal,processor,0001001,True,accepted
20260511_090501,302322,nominal,processor,0000011,True,accepted
20260511_090501,302323,nominal,processor,0110101,True,accepted
20260511_090501,302324,nominal,processor,0101110,True,accepted
20260511_090501,302325,nominal,processor,0001001,True,accepted
20260511_090501,302326,nominal,processor,0001110,True,accepted
20260511_090501,302327,nominal,processor,,False,conditional_h_C_interval_empty
20260511_090501,302328,nominal,processor,0000010,True,accepted
20260511_090501,302329,nominal,processor,0110100,True,accepted
20260511_090501,302330,nominal,processor,1111110,True,accepted
20260511_090501,302331,nominal,processor,0001100,True,accepted
20260511_090501,302332,nominal,processor,,False,conditional_h_C_interval_empty
20260511_090501,302333,nominal,processor,1100110,True,accepted
20260511_090501,302334,nominal,processor,0100110,True,accepted
20260511_090501,302335,nominal,processor,,False,conditional_h_C_interval_empty
20260511_090501,302336,nominal,processor,,False,conditional_h_C_interval_empty
20260511_090501,302337,nominal,processor,0111111,True,accepted
20260511_090501,302338,nominal,processor,0101110,True,accepted
20260511_090501,302339,nominal,processor,0001000,True,accepted
20260511_090501,302340,nominal,processor,0000010,True,accepted
20260511_090501,302341,nominal,processor,0110110,True,accepted
20260511_090501,302342,nominal,processor,1101101,True,accepted
20260511_090501,302343,nominal,processor,0001010,True,accepted
20260511_090501,302344,nominal,processor,,False,conditional_h_C_interval_empty
20260511_090501,302345,nominal,processor,0000101,True,accepted
20260511_090501,302346,nominal,processor,0100100,True,accepted
20260511_090501,302347,nominal,processor,1100101,True,accepted
20260511_090501,302348,nominal,processor,1111101,True,accepted
20260511_090501,302349,nominal,processor,0001101,True,accepted
20260511_090501,302350,nominal,processor,0000001,True,accepted
20260511_090501,302351,nominal,processor,,False,conditional_h_C_interval_empty
20260511_090501,302352,nominal,processor,,False,conditional_h_C_interval_empty
20260511_090501,302353,nominal,processor,0100111,True,accepted
20260511_090501,302354,nominal,processor,1101100,True,accepted
20260511_090501,302355,nominal,processor,0100100,True,accepted
20260511_090501,302356,nominal,processor,0001100,True,accepted
20260511_090501,302357,nominal,processor,1111100,True,accepted
20260511_090501,302358,nominal,processor,0101111,True,accepted
20260511_090501,302359,nominal,processor,0000001,True,accepted
20260511_090501,302360,nominal,processor,,False,conditional_h_C_interval_empty
20260511_090501,302361,nominal,processor,0001101,True,accepted
20260511_090501,302362,nominal,processor,0000111,True,accepted
20260511_090501,302363,nominal,processor,0101100,True,accepted
20260511_090501,302364,nominal,processor,0111100,True,accepted
20260511_090501,302365,nominal,processor,0000101,True,accepted
20260511_090501,302366,nominal,processor,0001010,True,accepted
20260511_090501,302367,nominal,processor,,False,conditional_h_C_interval_empty
20260511_090501,302368,nominal,processor,,False,conditional_h_C_interval_empty
20260511_090501,302369,nominal,processor,1111110,True,accepted
20260511_090501,302370,nominal,processor,0110101,True,accepted
20260511_090501,302371,nominal,processor,0000001,True,accepted
20260511_090501,302372,nominal,processor,0000101,True,accepted
20260511_090501,302373,nominal,processor,0100110,True,accepted
20260511_090501,302374,nominal,processor,1100100,True,accepted
20260511_090501,302375,nominal,processor,0100100,True,accepted
20260511_090501,302376,nominal,processor,,False,conditional_h_C_interval_empty
20260511_090501,302377,nominal,processor,0000011,True,accepted
20260511_090501,302378,nominal,processor,0001010,True,accepted
20260511_090501,302379,nominal,processor,1101101,True,accepted
20260511_090501,302380,nominal,processor,0111110,True,accepted
20260511_090501,302381,nominal,processor,0001111,True,accepted
20260511_090501,302382,nominal,processor,0001000,True,accepted
20260511_090501,302383,nominal,processor,,False,conditional_h_C_interval_empty
20260511_090501,302384,nominal,processor,0000100,True,accepted
20260511_090501,302385,nominal,processor,0110111,True,accepted
20260511_090501,302386,nominal,processor,1110100,True,accepted
20260511_090501,302387,nominal,processor,0001010,True,accepted
20260511_090501,302388,nominal,processor,0001110,True,accepted
20260511_090501,302389,nominal,processor,0111110,True,accepted
20260511_090501,302390,nominal,processor,0101100,True,accepted
20260511_090501,302391,nominal,processor,0001000,True,accepted
20260511_090501,302392,nominal,processor,,False,conditional_h_C_interval_empty
20260511_090501,302393,nominal,processor,0001011,True,accepted
20260511_090501,302394,nominal,processor,0000000,True,accepted
20260511_090501,302395,nominal,processor,0101110,True,accepted
20260511_090501,302396,nominal,processor,0100111,True,accepted
20260511_090501,302397,nominal,processor,0000111,True,accepted
20260511_090501,302398,nominal,processor,0100101,True,accepted
20260511_090501,302399,nominal,processor,,False,conditional_h_C_interval_empty
20260511_090501,302400,nominal,processor,,False,conditional_h_C_interval_empty
20260511_090501,302401,nominal,processor,0000111,True,accepted
20260511_090501,302402,nominal,processor,0001110,True,accepted
20260511_090501,302403,nominal,processor,0111101,True,accepted
20260511_090501,302404,nominal,processor,1101111,True,accepted
20260511_090501,302405,nominal,processor,0001011,True,accepted
20260511_090501,302406,nominal,processor,0000011,True,accepted
20260511_090501,302407,nominal,processor,,False,conditional_h_C_interval_empty
20260511_090501,302408,nominal,processor,0100101,True,accepted
20260511_090501,302409,nominal,processor,1100111,True,accepted
20260511_090501,302410,nominal,processor,0101100,True,accepted
20260511_090501,302411,nominal,processor,0000110,True,accepted
20260511_090501,302412,nominal,processor,0000000,True,accepted
20260511_090501,302413,nominal,processor,0101111,True,accepted
20260511_090501,302414,nominal,processor,1110110,True,accepted
20260511_090501,302415,nominal,processor,,False,conditional_h_C_interval_empty
20260511_090501,302416,nominal,processor,,False,conditional_h_C_interval_empty
20260511_090501,302417,nominal,processor,0001111,True,accepted
20260511_090501,302418,nominal,processor,0000101,True,accepted
20260511_090501,302419,nominal,processor,0100110,True,accepted
20260511_090501,302420,nominal,processor,0110100,True,accepted
20260511_090501,302421,nominal,processor,0000010,True,accepted
20260511_090501,302422,nominal,processor,0001100,True,accepted
20260511_090501,302423,nominal,processor,,False,conditional_h_C_interval_empty
20260511_090501,302424,nominal,processor,,False,conditional_h_C_interval_empty
20260511_090501,302425,nominal,processor,0101101,True,accepted
20260511_090501,302426,nominal,processor,0111111,True,accepted
20260511_090501,302427,nominal,processor,0001110,True,accepted
20260511_090501,302428,nominal,processor,0001001,True,accepted
20260511_090501,302429,nominal,processor,1101110,True,accepted
20260511_090501,302430,nominal,processor,0110110,True,accepted
20260511_090501,302431,nominal,processor,,False,conditional_h_C_interval_empty
20260511_090501,302432,nominal,processor,,False,conditional_h_C_interval_empty
20260511_090501,302433,nominal,processor,0000000,True,accepted
20260511_090501,302434,nominal,processor,0001011,True,accepted
20260511_090501,302435,nominal,processor,1111100,True,accepted
20260511_090501,302436,nominal,processor,1101100,True,accepted
20260511_090501,302437,nominal,processor,0100101,True,accepted
20260511_090501,302438,nominal,processor,0000111,True,accepted
20260511_090501,302439,nominal,processor,,False,conditional_h_C_interval_empty
20260511_090501,302440,nominal,processor,0001010,True,accepted
20260511_090501,302441,nominal,processor,1110100,True,accepted
20260511_090501,302442,nominal,processor,0110111,True,accepted
20260511_090501,302443,nominal,processor,0000100,True,accepted
20260511_090501,302444,nominal,processor,0001000,True,accepted
20260511_090501,302445,nominal,processor,0101100,True,accepted
20260511_090501,302446,nominal,processor,0111110,True,accepted
20260511_090501,302447,nominal,processor,,False,conditional_h_C_interval_empty
20260511_090501,302448,nominal,processor,,False,conditional_h_C_interval_empty
20260511_090501,302449,nominal,processor,0001010,True,accepted
20260511_090501,302450,nominal,processor,0000011,True,accepted
20260511_090501,302451,nominal,processor,0110111,True,accepted
20260511_090501,302452,nominal,processor,0101110,True,accepted
20260511_090501,302453,nominal,processor,0001000,True,accepted
20260511_090501,302454,nominal,processor,0001111,True,accepted
20260511_090501,302455,nominal,processor,,False,conditional_h_C_interval_empty
20260511_090501,302456,nominal,processor,0000001,True,accepted
20260511_090501,302457,nominal,processor,0110101,True,accepted
20260511_090501,302458,nominal,processor,1111101,True,accepted
20260511_090501,302459,nominal,processor,0001101,True,accepted
20260511_090501,302460,nominal,processor,0100100,True,accepted
20260511_090501,302461,nominal,processor,1100101,True,accepted
20260511_090501,302462,nominal,processor,0100110,True,accepted
20260511_090501,302463,nominal,processor,,False,conditional_h_C_interval_empty
20260511_090501,302464,nominal,processor,,False,conditional_h_C_interval_empty
20260511_090501,302465,nominal,processor,0111111,True,accepted
20260511_090501,302466,nominal,processor,0101101,True,accepted
20260511_090501,302467,nominal,processor,0001001,True,accepted
20260511_090501,302468,nominal,processor,0000011,True,accepted
20260511_090501,302469,nominal,processor,0110110,True,accepted
20260511_090501,302470,nominal,processor,1101110,True,accepted
20260511_090501,302471,nominal,processor,0001010,True,accepted
20260511_090501,302472,nominal,processor,,False,conditional_h_C_interval_empty
20260511_090501,302473,nominal,processor,0000101,True,accepted
20260511_090501,302474,nominal,processor,0001111,True,accepted
20260511_090501,302475,nominal,processor,1100101,True,accepted
20260511_090501,302476,nominal,processor,1111111,True,accepted
20260511_090501,302477,nominal,processor,0001101,True,accepted
20260511_090501,302478,nominal,processor,0000010,True,accepted
20260511_090501,302479,nominal,processor,,False,conditional_h_C_interval_empty
20260511_090501,302480,nominal,processor,,False,conditional_h_C_interval_empty
20260511_090501,302481,nominal,processor,0101100,True,accepted
20260511_090501,302482,nominal,processor,1101100,True,accepted
20260511_090501,302483,nominal,processor,0100101,True,accepted
20260511_090501,302484,nominal,processor,0001100,True,accepted
20260511_090501,302485,nominal,processor,1110110,True,accepted
20260511_090501,302486,nominal,processor,0101111,True,accepted
20260511_090501,302487,nominal,processor,0000000,True,accepted
20260511_090501,302488,nominal,processor,,False,conditional_h_C_interval_empty
20260511_090501,302489,nominal,processor,0001110,True,accepted
20260511_090501,302490,nominal,processor,0000111,True,accepted
20260511_090501,302491,nominal,processor,0101101,True,accepted
20260511_090501,302492,nominal,processor,0111100,True,accepted
20260511_090501,302493,nominal,processor,0000100,True,accepted
20260511_090501,302494,nominal,processor,0001011,True,accepted
20260511_090501,302495,nominal,processor,,False,conditional_h_C_interval_empty
20260511_090501,302496,nominal,processor,,False,conditional_h_C_interval_empty
20260511_090501,302497,nominal,processor,1111111,True,accepted
20260511_090501,302498,nominal,processor,0101111,True,accepted
20260511_090501,302499,nominal,processor,0000010,True,accepted
20260511_090501,302500,nominal,processor,0000110,True,accepted
20260511_090501,302501,nominal,processor,0100110,True,accepted
20260511_090501,302502,nominal,processor,1100110,True,accepted
20260511_090501,302503,nominal,processor,,False,conditional_h_C_interval_empty
20260511_090501,302504,nominal,processor,,False,conditional_h_C_interval_empty
20260511_090501,302505,nominal,processor,0000011,True,accepted
20260511_090501,302506,nominal,processor,0001001,True,accepted
20260511_090501,302507,nominal,processor,1101110,True,accepted
20260511_090501,302508,nominal,processor,1100100,True,accepted
20260511_090501,302509,nominal,processor,0001110,True,accepted
20260511_090501,302510,nominal,processor,0001001,True,accepted
20260511_090501,302511,nominal,processor,,False,conditional_h_C_interval_empty
20260511_090501,302512,nominal,processor,,False,conditional_h_C_interval_empty
20260511_090501,302513,nominal,processor,0111101,True,accepted
20260511_090501,302514,nominal,processor,1101111,True,accepted
20260511_090501,302515,nominal,processor,0001011,True,accepted
20260511_090501,302516,nominal,processor,0001110,True,accepted
20260511_090501,302517,nominal,processor,0111101,True,accepted
20260511_090501,302518,nominal,processor,0101101,True,accepted
20260511_090501,302519,nominal,processor,0000111,True,accepted
20260511_090501,302520,nominal,processor,,False,conditional_h_C_interval_empty
20260511_090501,302521,nominal,processor,0001100,True,accepted
20260511_090501,302522,nominal,processor,0000000,True,accepted
20260511_090501,302523,nominal,processor,0101111,True,accepted
20260511_090501,302524,nominal,processor,0100111,True,accepted
20260511_090501,302525,nominal,processor,0000110,True,accepted
20260511_090501,302526,nominal,processor,0100101,True,accepted
20260511_090501,302527,nominal,processor,,False,conditional_h_C_interval_empty
20260511_090501,302528,nominal,processor,,False,conditional_h_C_interval_empty
20260511_090501,302529,nominal,processor,0001000,True,accepted
20260511_090501,302530,nominal,processor,0001101,True,accepted
20260511_090501,302531,nominal,processor,0111110,True,accepted
20260511_090501,302532,nominal,processor,1110101,True,accepted
20260511_090501,302533,nominal,processor,0001011,True,accepted
20260511_090501,302534,nominal,processor,0000100,True,accepted
20260511_090501,302535,nominal,processor,,False,conditional_h_C_interval_empty
20260511_090501,302536,nominal,processor,0100100,True,accepted
20260511_090501,302537,nominal,processor,1101100,True,accepted
20260511_090501,302538,nominal,processor,0100111,True,accepted
20260511_090501,302539,nominal,processor,0000110,True,accepted
20260511_090501,302540,nominal,processor,0000001,True,accepted
20260511_090501,302541,nominal,processor,0101111,True,accepted
20260511_090501,302542,nominal,processor,1111100,True,accepted
20260511_090501,302543,nominal,processor,,False,conditional_h_C_interval_empty
20260511_090501,302544,nominal,processor,,False,conditional_h_C_interval_empty
20260511_090501,302545,nominal,processor,0100100,True,accepted
20260511_090501,302546,nominal,processor,0000101,True,accepted
20260511_090501,302547,nominal,processor,0100110,True,accepted
20260511_090501,302548,nominal,processor,0110101,True,accepted
20260511_090501,302549,nominal,processor,0000001,True,accepted
20260511_090501,302550,nominal,processor,0001101,True,accepted
20260511_090501,302551,nominal,processor,,False,conditional_h_C_interval_empty
20260511_090501,302552,nominal,processor,,False,conditional_h_C_interval_empty
20260511_090501,302553,nominal,processor,0101110,True,accepted
20260511_090501,302554,nominal,processor,0111111,True,accepted
20260511_090501,302555,nominal,processor,0001111,True,accepted
20260511_090501,302556,nominal,processor,0001010,True,accepted
20260511_090501,302557,nominal,processor,1101101,True,accepted
20260511_090501,302558,nominal,processor,0110110,True,accepted
20260511_090501,302559,nominal,processor,,False,conditional_h_C_interval_empty
20260511_090501,302560,nominal,processor,,False,conditional_h_C_interval_empty
20260511_090501,302561,nominal,processor,1110111,True,accepted
20260511_090501,302562,nominal,processor,0101111,True,accepted
20260511_090501,302563,nominal,processor,0000000,True,accepted
20260511_090501,302564,nominal,processor,0000110,True,accepted
20260511_090501,302565,nominal,processor,0101100,True,accepted
20260511_090501,302566,nominal,processor,1100111,True,accepted
20260511_090501,302567,nominal,processor,,False,conditional_h_C_interval_empty
20260511_090501,302568,nominal,processor,0111101,True,accepted
20260511_090501,302569,nominal,processor,0000100,True,accepted
20260511_090501,302570,nominal,processor,0001011,True,accepted
20260511_090501,302571,nominal,processor,1101111,True,accepted
20260511_090501,302572,nominal,processor,,False,conditional_h_C_interval_empty
20260511_090501,302573,nominal,processor,0001110,True,accepted
20260511_090501,302574,nominal,processor,0000111,True,accepted
20260511_090501,302575,nominal,processor,,False,conditional_h_C_interval_empty
20260511_090501,302576,nominal,processor,,False,conditional_h_C_interval_empty
20260511_090501,302577,nominal,processor,0110101,True,accepted
20260511_090501,302578,nominal,processor,1101110,True,accepted
20260511_090501,302579,nominal,processor,0001001,True,accepted
20260511_090501,302580,nominal,processor,0001110,True,accepted
20260511_090501,302581,nominal,processor,0111111,True,accepted
20260511_090501,302582,nominal,processor,0101110,True,accepted
20260511_090501,302583,nominal,processor,,False,conditional_h_C_interval_empty
20260511_090501,302584,nominal,processor,,False,conditional_h_C_interval_empty
20260511_090501,302585,nominal,processor,0001100,True,accepted
20260511_090501,302586,nominal,processor,0000010,True,accepted
20260511_090501,302587,nominal,processor,0101111,True,accepted
20260511_090501,302588,nominal,processor,0100110,True,accepted
20260511_090501,302589,nominal,processor,0000110,True,accepted
20260511_090501,302590,nominal,processor,0001111,True,accepted
20260511_090501,302591,nominal,processor,,False,conditional_h_C_interval_empty
20260511_090501,302592,nominal,processor,,False,conditional_h_C_interval_empty
20260511_090501,302593,nominal,processor,0001000,True,accepted
20260511_090501,302594,nominal,processor,0001111,True,accepted
20260511_090501,302595,nominal,processor,,False,conditional_h_C_interval_empty
20260511_090501,302596,nominal,processor,1101101,True,accepted
20260511_090501,302597,nominal,processor,0001010,True,accepted
20260511_090501,302598,nominal,processor,0000010,True,accepted
20260511_090501,302599,nominal,processor,0110110,True,accepted
20260511_090501,302600,nominal,processor,,False,conditional_h_C_interval_empty
20260511_090501,302601,nominal,processor,1100101,True,accepted
20260511_090501,302602,nominal,processor,0100111,True,accepted
20260511_090501,302603,nominal,processor,0000101,True,accepted
20260511_090501,302604,nominal,processor,0000001,True,accepted
20260511_090501,302605,nominal,processor,0110100,True,accepted
20260511_090501,302606,nominal,processor,1111101,True,accepted
20260511_090501,302607,nominal,processor,,False,conditional_h_C_interval_empty
20260511_090501,302608,nominal,processor,,False,conditional_h_C_interval_empty
20260511_090501,302609,nominal,processor,0100100,True,accepted
20260511_090501,302610,nominal,processor,0000110,True,accepted
20260511_090501,302611,nominal,processor,0100111,True,accepted
20260511_090501,302612,nominal,processor,0101111,True,accepted
20260511_090501,302613,nominal,processor,0000001,True,accepted
20260511_090501,302614,nominal,processor,0001100,True,accepted
20260511_090501,302615,nominal,processor,1111100,True,accepted
20260511_090501,302616,nominal,processor,,False,conditional_h_C_interval_empty
20260511_090501,302617,nominal,processor,0101100,True,accepted
20260511_090501,302618,nominal,processor,0111110,True,accepted
20260511_090501,302619,nominal,processor,0001101,True,accepted
20260511_090501,302620,nominal,processor,0001011,True,accepted
20260511_090501,302621,nominal,processor,1110101,True,accepted
20260511_090501,302622,nominal,processor,0110111,True,accepted
20260511_090501,302623,nominal,processor,,False,conditional_h_C_interval_empty
20260511_090501,302624,nominal,processor,,False,conditional_h_C_interval_empty
20260511_090501,302625,nominal,processor,0000010,True,accepted
20260511_090501,302626,nominal,processor,0001101,True,accepted
20260511_090501,302627,nominal,processor,1111110,True,accepted
20260511_090501,302628,nominal,processor,1100100,True,accepted
20260511_090501,302629,nominal,processor,0100100,True,accepted
20260511_090501,302630,nominal,processor,0000101,True,accepted
20260511_090501,302631,nominal,processor,,False,conditional_h_C_interval_empty
20260511_090501,302632,nominal,processor,0001010,True,accepted
20260511_090501,302633,nominal,processor,1101101,True,accepted
20260511_090501,302634,nominal,processor,0110111,True,accepted
20260511_090501,302635,nominal,processor,0000011,True,accepted
20260511_090501,302636,nominal,processor,0001000,True,accepted
20260511_090501,302637,nominal,processor,0101110,True,accepted
20260511_090501,302638,nominal,processor,0111111,True,accepted
20260511_090501,302639,nominal,processor,,False,conditional_h_C_interval_empty
20260511_090501,302640,nominal,processor,,False,conditional_h_C_interval_empty
20260511_090501,302641,nominal,processor,0001010,True,accepted
20260511_090501,302642,nominal,processor,0000100,True,accepted
20260511_090501,302643,nominal,processor,0110111,True,accepted
20260511_090501,302644,nominal,processor,0101101,True,accepted
20260511_090501,302645,nominal,processor,0001000,True,accepted
20260511_090501,302646,nominal,processor,0001110,True,accepted
20260511_090501,302647,nominal,processor,0111110,True,accepted
20260511_090501,302648,nominal,processor,,False,conditional_h_C_interval_empty
20260511_090501,302649,nominal,processor,0101110,True,accepted
20260511_090501,302650,nominal,processor,1111100,True,accepted
20260511_090501,302651,nominal,processor,0001011,True,accepted
20260511_090501,302652,nominal,processor,0100100,True,accepted
20260511_090501,302653,nominal,processor,1101100,True,accepted
20260511_090501,302654,nominal,processor,0100111,True,accepted
20260511_090501,302655,nominal,processor,,False,conditional_h_C_interval_empty
20260511_090501,302656,nominal,processor,,False,conditional_h_C_interval_empty
20260511_090501,302657,nominal,processor,0111101,True,accepted
20260511_090501,302658,nominal,processor,0101101,True,accepted
20260511_090501,302659,nominal,processor,0000111,True,accepted
20260511_090501,302660,nominal,processor,0000100,True,accepted
20260511_090501,302661,nominal,processor,0111100,True,accepted
20260511_090501,302662,nominal,processor,1101111,True,accepted
20260511_090501,302663,nominal,processor,,False,conditional_h_C_interval_empty
20260511_090501,302664,nominal,processor,0101100,True,accepted
20260511_090501,302665,nominal,processor,0000110,True,accepted
20260511_090501,302666,nominal,processor,0100101,True,accepted
20260511_090501,302667,nominal,processor,1100111,True,accepted
20260511_090501,302668,nominal,processor,1110110,True,accepted
20260511_090501,302669,nominal,processor,0001100,True,accepted
20260511_090501,302670,nominal,processor,0000000,True,accepted
20260511_090501,302671,nominal,processor,,False,conditional_h_C_interval_empty
20260511_090501,302672,nominal,processor,,False,conditional_h_C_interval_empty
20260511_090501,302673,nominal,processor,0100110,True,accepted
20260511_090501,302674,nominal,processor,1100110,True,accepted
20260511_090501,302675,nominal,processor,0001111,True,accepted
20260511_090501,302676,nominal,processor,0001101,True,accepted
20260511_090501,302677,nominal,processor,1111111,True,accepted
20260511_090501,302678,nominal,processor,0110100,True,accepted
20260511_090501,302679,nominal,processor,0000010,True,accepted
20260511_090501,302680,nominal,processor,,False,conditional_h_C_interval_empty
20260511_090501,302681,nominal,processor,0001110,True,accepted
20260511_090501,302682,nominal,processor,0001001,True,accepted
20260511_090501,302683,nominal,processor,0101101,True,accepted
20260511_090501,302684,nominal,processor,0110110,True,accepted
20260511_090501,302685,nominal,processor,0000011,True,accepted
20260511_090501,302686,nominal,processor,0001010,True,accepted
20260511_090501,302687,nominal,processor,,False,conditional_h_C_interval_empty
20260511_090501,302688,nominal,processor,,False,conditional_h_C_interval_empty
20260511_090501,302689,nominal,processor,1111100,True,accepted
20260511_090501,302690,nominal,processor,0101110,True,accepted
20260511_090501,302691,nominal,processor,0000000,True,accepted
20260511_090501,302692,nominal,processor,0000111,True,accepted
20260511_090501,302693,nominal,processor,0100111,True,accepted
20260511_090501,302694,nominal,processor,1101100,True,accepted
20260511_090501,302695,nominal,processor,,False,conditional_h_C_interval_empty
20260511_090501,302696,nominal,processor,0110111,True,accepted
20260511_090501,302697,nominal,processor,0000100,True,accepted
20260511_090501,302698,nominal,processor,0001010,True,accepted
20260511_090501,302699,nominal,processor,1110100,True,accepted
20260511_090501,302700,nominal,processor,0111110,True,accepted
20260511_090501,302701,nominal,processor,0001110,True,accepted
20260511_090501,302702,nominal,processor,0001000,True,accepted
20260511_090501,302703,nominal,processor,,False,conditional_h_C_interval_empty
20260511_090501,302704,nominal,processor,,False,conditional_h_C_interval_empty
20260511_090501,302705,nominal,processor,0110111,True,accepted
20260511_090501,302706,nominal,processor,1101110,True,accepted
20260511_090501,302707,nominal,processor,0001010,True,accepted
20260511_090501,302708,nominal,processor,0001111,True,accepted
20260511_090501,302709,nominal,processor,0111110,True,accepted
20260511_090501,302710,nominal,processor,0101110,True,accepted
20260511_090501,302711,nominal,processor,,False,conditional_h_C_interval_empty
20260511_090501,302712,nominal,processor,1111110,True,accepted
20260511_090501,302713,nominal,processor,0001101,True,accepted
20260511_090501,302714,nominal,processor,0000001,True,accepted
20260511_090501,302715,nominal,processor,0110101,True,accepted
20260511_090501,302716,nominal,processor,,False,conditional_h_C_interval_empty
20260511_090501,302717,nominal,processor,0000101,True,accepted
20260511_090501,302718,nominal,processor,0001111,True,accepted
20260511_090501,302719,nominal,processor,,False,conditional_h_C_interval_empty
20260511_090501,302720,nominal,processor,,False,conditional_h_C_interval_empty
20260511_090501,302721,nominal,processor,0001001,True,accepted
20260511_090501,302722,nominal,processor,0001110,True,accepted
20260511_090501,302723,nominal,processor,,False,conditional_h_C_interval_empty
20260511_090501,302724,nominal,processor,1101110,True,accepted
20260511_090501,302725,nominal,processor,0001001,True,accepted
20260511_090501,302726,nominal,processor,0000011,True,accepted
20260511_090501,302727,nominal,processor,,False,conditional_h_C_interval_empty
20260511_090501,302728,nominal,processor,0001111,True,accepted
20260511_090501,302729,nominal,processor,1100110,True,accepted
20260511_090501,302730,nominal,processor,0100110,True,accepted
20260511_090501,302731,nominal,processor,0000101,True,accepted
20260511_090501,302732,nominal,processor,0000010,True,accepted
20260511_090501,302733,nominal,processor,0110100,True,accepted
20260511_090501,302734,nominal,processor,1111111,True,accepted
20260511_090501,302735,nominal,processor,,False,conditional_h_C_interval_empty
20260511_090501,302736,nominal,processor,,False,conditional_h_C_interval_empty
20260511_090501,302737,nominal,processor,0100101,True,accepted
20260511_090501,302738,nominal,processor,0000110,True,accepted
20260511_090501,302739,nominal,processor,0101100,True,accepted
20260511_090501,302740,nominal,processor,0101111,True,accepted
20260511_090501,302741,nominal,processor,0000000,True,accepted
20260511_090501,302742,nominal,processor,0001100,True,accepted
20260511_090501,302743,nominal,processor,1110110,True,accepted
20260511_090501,302744,nominal,processor,,False,conditional_h_C_interval_empty
20260511_090501,302745,nominal,processor,0101101,True,accepted
20260511_090501,302746,nominal,processor,0111101,True,accepted
20260511_090501,302747,nominal,processor,0001110,True,accepted
20260511_090501,302748,nominal,processor,0001011,True,accepted
20260511_090501,302749,nominal,processor,1101111,True,accepted
20260511_090501,302750,nominal,processor,0111100,True,accepted
20260511_090501,302751,nominal,processor,,False,conditional_h_C_interval_empty
20260511_090501,302752,nominal,processor,,False,conditional_h_C_interval_empty
20260511_090501,302753,nominal,processor,0000010,True,accepted
20260511_090501,302754,nominal,processor,0001100,True,accepted
20260511_090501,302755,nominal,processor,1111110,True,accepted
20260511_090501,302756,nominal,processor,1100110,True,accepted
20260511_090501,302757,nominal,processor,0001111,True,accepted
20260511_090501,302758,nominal,processor,0000110,True,accepted
20260511_090501,302759,nominal,processor,0100110,True,accepted
20260511_090501,302760,nominal,processor,,False,conditional_h_C_interval_empty
20260511_090501,302761,nominal,processor,1101110,True,accepted
20260511_090501,302762,nominal,processor,0110110,True,accepted
20260511_090501,302763,nominal,processor,0000011,True,accepted
20260511_090501,302764,nominal,processor,0001001,True,accepted
20260511_090501,302765,nominal,processor,0101110,True,accepted
20260511_090501,302766,nominal,processor,1100100,True,accepted
20260511_090501,302767,nominal,processor,,False,conditional_h_C_interval_empty
20260511_090501,302768,nominal,processor,,False,conditional_h_C_interval_empty
20260511_090501,302769,nominal,processor,0001011,True,accepted
20260511_090501,302770,nominal,processor,0000100,True,accepted
20260511_090501,302771,nominal,processor,0111100,True,accepted
20260511_090501,302772,nominal,processor,0101101,True,accepted
20260511_090501,302773,nominal,processor,0000111,True,accepted
20260511_090501,302774,nominal,processor,0001110,True,accepted
20260511_090501,302775,nominal,processor,,False,conditional_h_C_interval_empty
20260511_090501,302776,nominal,processor,,False,conditional_h_C_interval_empty
20260511_090501,302777,nominal,processor,0101111,True,accepted
20260511_090501,302778,nominal,processor,1110111,True,accepted
20260511_090501,302779,nominal,processor,0001100,True,accepted
20260511_090501,302780,nominal,processor,0100101,True,accepted
20260511_090501,302781,nominal,processor,1100111,True,accepted
20260511_090501,302782,nominal,processor,0101100,True,accepted
20260511_090501,302783,nominal,processor,,False,conditional_h_C_interval_empty
20260511_090501,302784,nominal,processor,,False,conditional_h_C_interval_empty
20260511_090501,302785,nominal,processor,0111110,True,accepted
20260511_090501,302786,nominal,processor,0101100,True,accepted
20260511_090501,302787,nominal,processor,0000111,True,accepted
20260511_090501,302788,nominal,processor,0000100,True,accepted
20260511_090501,302789,nominal,processor,0111100,True,accepted
20260511_090501,302790,nominal,processor,1110101,True,accepted
20260511_090501,302791,nominal,processor,,False,conditional_h_C_interval_empty
20260511_090501,302792,nominal,processor,0100111,True,accepted
20260511_090501,302793,nominal,processor,0000110,True,accepted
20260511_090501,302794,nominal,processor,0100100,True,accepted
20260511_090501,302795,nominal,processor,1101100,True,accepted
20260511_090501,302796,nominal,processor,1111100,True,accepted
20260511_090501,302797,nominal,processor,0001011,True,accepted
20260511_090501,302798,nominal,processor,0000001,True,accepted
20260511_090501,302799,nominal,processor,,False,conditional_h_C_interval_empty
20260511_090501,302800,nominal,processor,,False,conditional_h_C_interval_empty
20260511_090501,302801,nominal,processor,0100111,True,accepted
20260511_090501,302802,nominal,processor,1100101,True,accepted
20260511_090501,302803,nominal,processor,0100100,True,accepted
20260511_090501,302804,nominal,processor,0001101,True,accepted
20260511_090501,302805,nominal,processor,1111101,True,accepted
20260511_090501,302806,nominal,processor,0110100,True,accepted
20260511_090501,302807,nominal,processor,0000001,True,accepted
20260511_090501,302808,nominal,processor,,False,conditional_h_C_interval_empty
20260511_090501,302809,nominal,processor,0001111,True,accepted
20260511_090501,302810,nominal,processor,0001000,True,accepted
20260511_090501,302811,nominal,processor,0101110,True,accepted
20260511_090501,302812,nominal,processor,0110110,True,accepted
20260511_090501,302813,nominal,processor,0000010,True,accepted
20260511_090501,302814,nominal,processor,0001010,True,accepted
20260511_090501,302815,nominal,processor,,False,conditional_h_C_interval_empty
20260511_090501,302816,nominal,processor,,False,conditional_h_C_interval_empty
20260511_090501,302817,nominal,processor,0001100,True,accepted
20260511_090501,302818,nominal,processor,0000000,True,accepted
20260511_090501,302819,nominal,processor,,False,conditional_h_C_interval_empty
20260511_090501,302820,nominal,processor,0101100,True,accepted
20260511_090501,302821,nominal,processor,0000110,True,accepted
20260511_090501,302822,nominal,processor,0100101,True,accepted
20260511_090501,302823,nominal,processor,1100111,True,accepted
20260511_090501,302824,nominal,processor,0000011,True,accepted
20260511_090501,302825,nominal,processor,0111100,True,accepted
20260511_090501,302826,nominal,processor,1101111,True,accepted
20260511_090501,302827,nominal,processor,0001011,True,accepted
20260511_090501,302828,nominal,processor,0001110,True,accepted
20260511_090501,302829,nominal,processor,0111101,True,accepted
20260511_090501,302830,nominal,processor,0101101,True,accepted
20260511_090501,302831,nominal,processor,,False,conditional_h_C_interval_empty
20260511_090501,302832,nominal,processor,,False,conditional_h_C_interval_empty
20260511_090501,302833,nominal,processor,0000011,True,accepted
20260511_090501,302834,nominal,processor,0001001,True,accepted
20260511_090501,302835,nominal,processor,1101110,True,accepted
20260511_090501,302836,nominal,processor,0111111,True,accepted
20260511_090501,302837,nominal,processor,0001110,True,accepted
20260511_090501,302838,nominal,processor,0001001,True,accepted
20260511_090501,302839,nominal,processor,,False,conditional_h_C_interval_empty
20260511_090501,302840,nominal,processor,,False,conditional_h_C_interval_empty
20260511_090501,302841,nominal,processor,1111111,True,accepted
20260511_090501,302842,nominal,processor,0110100,True,accepted
20260511_090501,302843,nominal,processor,0000010,True,accepted
20260511_090501,302844,nominal,processor,0000101,True,accepted
20260511_090501,302845,nominal,processor,0100110,True,accepted
20260511_090501,302846,nominal,processor,1100110,True,accepted
20260511_090501,302847,nominal,processor,,False,conditional_h_C_interval_empty
20260511_090501,302848,nominal,processor,,False,conditional_h_C_interval_empty
20260511_090501,302849,nominal,processor,0101110,True,accepted
20260511_090501,302850,nominal,processor,0111110,True,accepted
20260511_090501,302851,nominal,processor,0001111,True,accepted
20260511_090501,302852,nominal,processor,0001010,True,accepted
20260511_090501,302853,nominal,processor,1101110,True,accepted
20260511_090501,302854,nominal,processor,0110111,True,accepted
20260511_090501,302855,nominal,processor,,False,conditional_h_C_interval_empty
20260511_090501,302856,nominal,processor,1100100,True,accepted
20260511_090501,302857,nominal,processor,0100100,True,accepted
20260511_090501,302858,nominal,processor,0000101,True,accepted
20260511_090501,302859,nominal,processor,0100110,True,accepted
20260511_090501,302860,nominal,processor,0110101,True,accepted
20260511_090501,302861,nominal,processor,0000001,True,accepted
20260511_090501,302862,nominal,processor,0001101,True,accepted
20260511_090501,302863,nominal,processor,,False,conditional_h_C_interval_empty
20260511_090501,302864,nominal,processor,,False,conditional_h_C_interval_empty
20260511_090501,302865,nominal,processor,1101101,True,accepted
20260511_090501,302866,nominal,processor,0100111,True,accepted
20260511_090501,302867,nominal,processor,0000111,True,accepted
20260511_090501,302868,nominal,processor,0000000,True,accepted
20260511_090501,302869,nominal,processor,0101110,True,accepted
20260511_090501,302870,nominal,processor,1110111,True,accepted
20260511_090501,302871,nominal,processor,0001011,True,accepted
20260511_090501,302872,nominal,processor,,False,conditional_h_C_interval_empty
20260511_090501,302873,nominal,processor,0001000,True,accepted
20260511_090501,302874,nominal,processor,0001110,True,accepted
20260511_090501,302875,nominal,processor,0111110,True,accepted
20260511_090501,302876,nominal,processor,1110100,True,accepted
20260511_090501,302877,nominal,processor,0001010,True,accepted
20260511_090501,302878,nominal,processor,0000100,True,accepted
20260511_090501,302879,nominal,processor,,False,conditional_h_C_interval_empty
20260511_090501,302880,nominal,processor,,False,conditional_h_C_interval_empty
20260511_090501,302881,nominal,processor,0110100,True,accepted
20260511_090501,302882,nominal,processor,1111101,True,accepted
20260511_090501,302883,nominal,processor,0001101,True,accepted
20260511_090501,302884,nominal,processor,0100100,True,accepted
20260511_090501,302885,nominal,processor,1100101,True,accepted
20260511_090501,302886,nominal,processor,0100111,True,accepted
20260511_090501,302887,nominal,processor,,False,conditional_h_C_interval_empty
20260511_090501,302888,nominal,processor,1101101,True,accepted
20260511_090501,302889,nominal,processor,0001010,True,accepted
20260511_090501,401024,nominal,trader,0000101,True,accepted
20260511_090501,401025,nominal,trader,1101110,True,accepted
20260511_090501,401026,nominal,trader,0101101,True,accepted
20260511_090501,401027,nominal,trader,0001011,True,accepted
20260511_090501,401028,nominal,trader,0001101,True,accepted
20260511_090501,401029,nominal,trader,0101111,True,accepted
20260511_090501,401030,nominal,trader,1100110,True,accepted
20260511_090501,401031,nominal,trader,0000010,True,accepted
20260511_090501,401032,nominal,trader,0100110,True,accepted
20260511_090501,401033,nominal,trader,0001010,True,accepted
20260511_090501,401034,nominal,trader,0001000,True,accepted
20260511_090501,401035,nominal,trader,1110110,True,accepted
20260511_090501,401036,nominal,trader,0111101,True,accepted
20260511_090501,401037,nominal,trader,0000001,True,accepted
20260511_090501,401038,nominal,trader,0100100,True,accepted
20260511_090501,401039,nominal,trader,0110101,True,accepted
20260511_090501,401040,nominal,trader,0001010,True,accepted
20260511_090501,401041,nominal,trader,0101100,True,accepted
20260511_090501,401042,nominal,trader,1111111,True,accepted
20260511_090501,401043,nominal,trader,0001000,True,accepted
20260511_090501,401044,nominal,trader,0000001,True,accepted
20260511_090501,401045,nominal,trader,1100100,True,accepted
20260511_090501,401046,nominal,trader,0111101,True,accepted
20260511_090501,401047,nominal,trader,0100100,True,accepted
20260511_090501,401048,nominal,trader,1101111,True,accepted
20260511_090501,401049,nominal,trader,0000111,True,accepted
20260511_090501,401050,nominal,trader,0001101,True,accepted
20260511_090501,401051,nominal,trader,0101101,True,accepted
20260511_090501,401052,nominal,trader,0101111,True,accepted
20260511_090501,401053,nominal,trader,0001111,True,accepted
20260511_090501,401054,nominal,trader,0000100,True,accepted
20260511_090501,401055,nominal,trader,1100111,True,accepted
20260511_090501,401056,nominal,trader,0110111,True,accepted
20260511_090501,401057,nominal,trader,0100101,True,accepted
20260511_090501,401058,nominal,trader,0000010,True,accepted
20260511_090501,401059,nominal,trader,0111110,True,accepted
20260511_090501,401060,nominal,trader,1111101,True,accepted
20260511_090501,401061,nominal,trader,0001001,True,accepted
20260511_090501,401062,nominal,trader,0001011,True,accepted
20260511_090501,401063,nominal,trader,0100111,True,accepted
20260511_090501,401064,nominal,trader,0000100,True,accepted
20260511_090501,401065,nominal,trader,1101100,True,accepted
20260511_090501,401066,nominal,trader,0110101,True,accepted
20260511_090501,401067,nominal,trader,0001110,True,accepted
20260511_090501,401068,nominal,trader,0001100,True,accepted
20260511_090501,401069,nominal,trader,0101110,True,accepted
20260511_090501,401070,nominal,trader,1110101,True,accepted
20260511_090501,401071,nominal,trader,0000110,True,accepted
20260511_090501,401072,nominal,trader,1100100,True,accepted
20260511_090501,401073,nominal,trader,0000011,True,accepted
20260511_090501,401074,nominal,trader,0001110,True,accepted
20260511_090501,401075,nominal,trader,0101110,True,accepted
20260511_090501,401076,nominal,trader,0101100,True,accepted
20260511_090501,401077,nominal,trader,0001100,True,accepted
20260511_090501,401078,nominal,trader,0000110,True,accepted
20260511_090501,401079,nominal,trader,1101101,True,accepted
20260511_090501,401080,nominal,trader,0001111,True,accepted
20260511_090501,401081,nominal,trader,0110111,True,accepted
20260511_090501,401082,nominal,trader,0111110,True,accepted
20260511_090501,401083,nominal,trader,0000000,True,accepted
20260511_090501,401084,nominal,trader,0000111,True,accepted
20260511_090501,401085,nominal,trader,1111100,True,accepted
20260511_090501,401086,nominal,trader,0100110,True,accepted
20260511_090501,401087,nominal,trader,0001001,True,accepted
20260511_090501,401088,nominal,trader,0101110,True,accepted
20260511_090501,401089,nominal,trader,0001101,True,accepted
20260511_090501,401090,nominal,trader,0000110,True,accepted
20260511_090501,401091,nominal,trader,1110100,True,accepted
20260511_090501,401092,nominal,trader,1101100,True,accepted
20260511_090501,401093,nominal,trader,0000100,True,accepted
20260511_090501,401094,nominal,trader,0001110,True,accepted
20260511_090501,401095,nominal,trader,0110100,True,accepted
20260511_090501,401096,nominal,trader,0001001,True,accepted
20260511_090501,401097,nominal,trader,1111110,True,accepted
20260511_090501,401098,nominal,trader,0100111,True,accepted
20260511_090501,401099,nominal,trader,0001011,True,accepted
20260511_090501,401100,nominal,trader,0100101,True,accepted
20260511_090501,401101,nominal,trader,0111100,True,accepted
20260511_090501,401102,nominal,trader,0111111,True,accepted
20260511_090501,401103,nominal,trader,0000010,True,accepted
20260511_090501,401104,nominal,trader,1110111,True,accepted
20260511_090501,401105,nominal,trader,0000111,True,accepted
20260511_090501,401106,nominal,trader,0001010,True,accepted
20260511_090501,401107,nominal,trader,0100110,True,accepted
20260511_090501,401108,nominal,trader,0110110,True,accepted
20260511_090501,401109,nominal,trader,0001111,True,accepted
20260511_090501,401110,nominal,trader,0000000,True,accepted
20260511_090501,401111,nominal,trader,0111110,True,accepted
20260511_090501,401112,nominal,trader,0001100,True,accepted
20260511_090501,401113,nominal,trader,0101101,True,accepted
20260511_090501,401114,nominal,trader,1101101,True,accepted
20260511_090501,401115,nominal,trader,0000101,True,accepted
20260511_090501,401116,nominal,trader,0000011,True,accepted
20260511_090501,401117,nominal,trader,1100101,True,accepted
20260511_090501,401118,nominal,trader,0101110,True,accepted
20260511_090501,401119,nominal,trader,0001110,True,accepted
20260511_090501,401120,nominal,trader,0000000,True,accepted
20260511_090501,401121,nominal,trader,0111101,True,accepted
20260511_090501,401122,nominal,trader,0110110,True,accepted
20260511_090501,401123,nominal,trader,0100100,True,accepted
20260511_090501,401124,nominal,trader,0001010,True,accepted
20260511_090501,401125,nominal,trader,0100110,True,accepted
20260511_090501,401126,nominal,trader,1110111,True,accepted
20260511_090501,401127,nominal,trader,0000111,True,accepted
20260511_090501,401128,nominal,trader,0101111,True,accepted
20260511_090501,401129,nominal,trader,0001101,True,accepted
20260511_090501,401130,nominal,trader,0000010,True,accepted
20260511_090501,401131,nominal,trader,1100110,True,accepted
20260511_090501,401132,nominal,trader,1101110,True,accepted
20260511_090501,401133,nominal,trader,0000101,True,accepted
20260511_090501,401134,nominal,trader,0001100,True,accepted
20260511_090501,401135,nominal,trader,0101101,True,accepted
20260511_090501,401136,nominal,trader,0001111,True,accepted
20260511_090501,401137,nominal,trader,0110100,True,accepted
20260511_090501,401138,nominal,trader,1100111,True,accepted
20260511_090501,401139,nominal,trader,0000100,True,accepted
20260511_090501,401140,nominal,trader,0000110,True,accepted
20260511_090501,401141,nominal,trader,1110100,True,accepted
20260511_090501,401142,nominal,trader,0101110,True,accepted
20260511_090501,401143,nominal,trader,0001101,True,accepted
20260511_090501,401144,nominal,trader,0111111,True,accepted
20260511_090501,401145,nominal,trader,0000001,True,accepted
20260511_090501,401146,nominal,trader,0100100,True,accepted
20260511_090501,401147,nominal,trader,0111100,True,accepted
20260511_090501,401148,nominal,trader,0101100,True,accepted
20260511_090501,401149,nominal,trader,0001011,True,accepted
20260511_090501,401150,nominal,trader,0001000,True,accepted
20260511_090501,401151,nominal,trader,1111110,True,accepted
20260511_090501,401152,nominal,trader,0000101,True,accepted
20260511_090501,401153,nominal,trader,1101101,True,accepted
20260511_090501,401154,nominal,trader,0101100,True,accepted
20260511_090501,401155,nominal,trader,0001100,True,accepted
20260511_090501,401156,nominal,trader,0001110,True,accepted
20260511_090501,401157,nominal,trader,0101111,True,accepted
20260511_090501,401158,nominal,trader,1100101,True,accepted
20260511_090501,401159,nominal,trader,0000011,True,accepted
20260511_090501,401160,nominal,trader,0100110,True,accepted
20260511_090501,401161,nominal,trader,0001001,True,accepted
20260511_090501,401162,nominal,trader,0000111,True,accepted
20260511_090501,401163,nominal,trader,1111100,True,accepted
20260511_090501,401164,nominal,trader,0111110,True,accepted
20260511_090501,401165,nominal,trader,0000000,True,accepted
20260511_090501,401166,nominal,trader,0001111,True,accepted
20260511_090501,401167,nominal,trader,0110110,True,accepted
20260511_090501,401168,nominal,trader,0001011,True,accepted
20260511_090501,401169,nominal,trader,0100111,True,accepted
20260511_090501,401170,nominal,trader,1111110,True,accepted
20260511_090501,401171,nominal,trader,0001001,True,accepted
20260511_090501,401172,nominal,trader,0000010,True,accepted
20260511_090501,401173,nominal,trader,0111111,True,accepted
20260511_090501,401174,nominal,trader,0111100,True,accepted
20260511_090501,401175,nominal,trader,0100101,True,accepted
20260511_090501,401176,nominal,trader,1110101,True,accepted
20260511_090501,401177,nominal,trader,0000110,True,accepted
20260511_090501,401178,nominal,trader,0001100,True,accepted
20260511_090501,401179,nominal,trader,0101110,True,accepted
20260511_090501,401180,nominal,trader,0110100,True,accepted
20260511_090501,401181,nominal,trader,0001110,True,accepted
20260511_090501,401182,nominal,trader,0000100,True,accepted
20260511_090501,401183,nominal,trader,1101100,True,accepted
20260511_090501,401184,nominal,trader,0111100,True,accepted
20260511_090501,401185,nominal,trader,0100101,True,accepted
20260511_090501,401186,nominal,trader,0000001,True,accepted
20260511_090501,401187,nominal,trader,0111111,True,accepted
20260511_090501,401188,nominal,trader,1111111,True,accepted
20260511_090501,401189,nominal,trader,0001000,True,accepted
20260511_090501,401190,nominal,trader,0001010,True,accepted
20260511_090501,401191,nominal,trader,0101100,True,accepted
20260511_090501,401192,nominal,trader,0000100,True,accepted
20260511_090501,401193,nominal,trader,1100111,True,accepted
20260511_090501,401194,nominal,trader,0110100,True,accepted
20260511_090501,401195,nominal,trader,0001111,True,accepted
20260511_090501,401196,nominal,trader,0001101,True,accepted
20260511_090501,401197,nominal,trader,0101110,True,accepted
20260511_090501,401198,nominal,trader,1101111,True,accepted
20260511_090501,401199,nominal,trader,0000110,True,accepted
20260511_090501,401200,nominal,trader,1100101,True,accepted
20260511_090501,401201,nominal,trader,0000011,True,accepted
20260511_090501,401202,nominal,trader,0001110,True,accepted
20260511_090501,401203,nominal,trader,0101111,True,accepted
20260511_090501,401204,nominal,trader,0101101,True,accepted
20260511_090501,401205,nominal,trader,0001100,True,accepted
20260511_090501,401206,nominal,trader,0000101,True,accepted
20260511_090501,401207,nominal,trader,1101110,True,accepted
20260511_090501,401208,nominal,trader,0100100,True,accepted
20260511_090501,401209,nominal,trader,0110110,True,accepted
20260511_090501,401210,nominal,trader,0111101,True,accepted
20260511_090501,401211,nominal,trader,0000000,True,accepted
20260511_090501,401212,nominal,trader,0001000,True,accepted
20260511_090501,401213,nominal,trader,1110111,True,accepted
20260511_090501,401214,nominal,trader,0100110,True,accepted
20260511_090501,401215,nominal,trader,0001010,True,accepted
20260511_090501,401216,nominal,trader,0101101,True,accepted
20260511_090501,401217,nominal,trader,0001101,True,accepted
20260511_090501,401218,nominal,trader,0000111,True,accepted
20260511_090501,401219,nominal,trader,1101111,True,accepted
20260511_090501,401220,nominal,trader,1100111,True,accepted
20260511_090501,401221,nominal,trader,0000100,True,accepted
20260511_090501,401222,nominal,trader,0001111,True,accepted
20260511_090501,401223,nominal,trader,0101111,True,accepted
20260511_090501,401224,nominal,trader,0001000,True,accepted
20260511_090501,401225,nominal,trader,1111111,True,accepted
20260511_090501,401226,nominal,trader,0101100,True,accepted
20260511_090501,401227,nominal,trader,0001010,True,accepted
20260511_090501,401228,nominal,trader,0100100,True,accepted
20260511_090501,401229,nominal,trader,0111100,True,accepted
20260511_090501,401230,nominal,trader,0111111,True,accepted
20260511_090501,401231,nominal,trader,0000001,True,accepted
20260511_090501,401232,nominal,trader,1110110,True,accepted
20260511_090501,401233,nominal,trader,0001000,True,accepted
20260511_090501,401234,nominal,trader,0001010,True,accepted
20260511_090501,401235,nominal,trader,0100110,True,accepted
20260511_090501,401236,nominal,trader,0110110,True,accepted
20260511_090501,401237,nominal,trader,0100100,True,accepted
20260511_090501,401238,nominal,trader,0000001,True,accepted
20260511_090501,401239,nominal,trader,0111101,True,accepted
20260511_090501,401240,nominal,trader,0001011,True,accepted
20260511_090501,401241,nominal,trader,0101101,True,accepted
20260511_090501,401242,nominal,trader,1101110,True,accepted
20260511_090501,401243,nominal,trader,0000101,True,accepted
20260511_090501,401244,nominal,trader,0000010,True,accepted
20260511_090501,401245,nominal,trader,1100110,True,accepted
20260511_090501,401246,nominal,trader,0101111,True,accepted
20260511_090501,401247,nominal,trader,0001101,True,accepted
20260511_090501,401248,nominal,trader,0000000,True,accepted
20260511_090501,401249,nominal,trader,0111110,True,accepted
20260511_090501,401250,nominal,trader,0110111,True,accepted
20260511_090501,401251,nominal,trader,0001111,True,accepted
20260511_090501,401252,nominal,trader,0001001,True,accepted
20260511_090501,401253,nominal,trader,0100111,True,accepted
20260511_090501,401254,nominal,trader,1111100,True,accepted
20260511_090501,401255,nominal,trader,0000111,True,accepted
20260511_090501,401256,nominal,trader,0101110,True,accepted
20260511_090501,401257,nominal,trader,0001110,True,accepted
20260511_090501,401258,nominal,trader,0000011,True,accepted
20260511_090501,401259,nominal,trader,1100100,True,accepted
20260511_090501,401260,nominal,trader,1101101,True,accepted
20260511_090501,401261,nominal,trader,0000110,True,accepted
20260511_090501,401262,nominal,trader,0001100,True,accepted
20260511_090501,401263,nominal,trader,0101100,True,accepted
20260511_090501,401264,nominal,trader,0001110,True,accepted
20260511_090501,401265,nominal,trader,0110101,True,accepted
20260511_090501,401266,nominal,trader,1101100,True,accepted
20260511_090501,401267,nominal,trader,0000100,True,accepted
20260511_090501,401268,nominal,trader,0000110,True,accepted
20260511_090501,401269,nominal,trader,1110101,True,accepted
20260511_090501,401270,nominal,trader,0101110,True,accepted
20260511_090501,401271,nominal,trader,0001100,True,accepted
20260511_090501,401272,nominal,trader,0111111,True,accepted
20260511_090501,401273,nominal,trader,0000010,True,accepted
20260511_090501,401274,nominal,trader,0100101,True,accepted
20260511_090501,401275,nominal,trader,0110111,True,accepted
20260511_090501,401276,nominal,trader,0100111,True,accepted
20260511_090501,401277,nominal,trader,0001011,True,accepted
20260511_090501,401278,nominal,trader,0001001,True,accepted
20260511_090501,401279,nominal,trader,1111101,True,accepted
20260511_090501,401280,nominal,trader,1101110,True,accepted
20260511_090501,401281,nominal,trader,0000101,True,accepted
20260511_090501,401282,nominal,trader,0001011,True,accepted
20260511_090501,401283,nominal,trader,0101101,True,accepted
20260511_090501,401284,nominal,trader,0101111,True,accepted
20260511_090501,401285,nominal,trader,0001110,True,accepted
20260511_090501,401286,nominal,trader,0000011,True,accepted
20260511_090501,401287,nominal,trader,1100101,True,accepted
20260511_090501,401288,nominal,trader,0001010,True,accepted
20260511_090501,401289,nominal,trader,0100110,True,accepted
20260511_090501,401290,nominal,trader,1110110,True,accepted
20260511_090501,401291,nominal,trader,0001000,True,accepted
20260511_090501,401292,nominal,trader,0000000,True,accepted
20260511_090501,401293,nominal,trader,0111110,True,accepted
20260511_090501,401294,nominal,trader,0110110,True,accepted
20260511_090501,401295,nominal,trader,0001111,True,accepted
20260511_090501,401296,nominal,trader,0101100,True,accepted
20260511_090501,401297,nominal,trader,0001010,True,accepted
20260511_090501,401298,nominal,trader,0001000,True,accepted
20260511_090501,401299,nominal,trader,1111111,True,accepted
20260511_090501,401300,nominal,trader,0111111,True,accepted
20260511_090501,401301,nominal,trader,0000001,True,accepted
20260511_090501,401302,nominal,trader,0100101,True,accepted
20260511_090501,401303,nominal,trader,0111100,True,accepted
20260511_090501,401304,nominal,trader,0000110,True,accepted
20260511_090501,401305,nominal,trader,1101111,True,accepted
20260511_090501,401306,nominal,trader,0101110,True,accepted
20260511_090501,401307,nominal,trader,0001101,True,accepted
20260511_090501,401308,nominal,trader,0001111,True,accepted
20260511_090501,401309,nominal,trader,0110100,True,accepted
20260511_090501,401310,nominal,trader,1100111,True,accepted
20260511_090501,401311,nominal,trader,0000100,True,accepted
20260511_090501,401312,nominal,trader,0100101,True,accepted
20260511_090501,401313,nominal,trader,0111100,True,accepted
20260511_090501,401314,nominal,trader,0111111,True,accepted
20260511_090501,401315,nominal,trader,0000010,True,accepted
20260511_090501,401316,nominal,trader,0001001,True,accepted
20260511_090501,401317,nominal,trader,1111110,True,accepted
20260511_090501,401318,nominal,trader,0100111,True,accepted
20260511_090501,401319,nominal,trader,0001011,True,accepted
20260511_090501,401320,nominal,trader,1101100,True,accepted
20260511_090501,401321,nominal,trader,0000100,True,accepted
20260511_090501,401322,nominal,trader,0001110,True,accepted
20260511_090501,401323,nominal,trader,0110100,True,accepted
20260511_090501,401324,nominal,trader,0101110,True,accepted
20260511_090501,401325,nominal,trader,0001101,True,accepted
20260511_090501,401326,nominal,trader,0000110,True,accepted
20260511_090501,401327,nominal,trader,1110100,True,accepted
20260511_090501,401328,nominal,trader,0000011,True,accepted
20260511_090501,401329,nominal,trader,1100101,True,accepted
20260511_090501,401330,nominal,trader,0101111,True,accepted
20260511_090501,401331,nominal,trader,0001110,True,accepted
20260511_090501,401332,nominal,trader,0001100,True,accepted
20260511_090501,401333,nominal,trader,0101100,True,accepted
20260511_090501,401334,nominal,trader,1101101,True,accepted
20260511_090501,401335,nominal,trader,0000101,True,accepted
20260511_090501,401336,nominal,trader,0110110,True,accepted
20260511_090501,401337,nominal,trader,0001111,True,accepted
20260511_090501,401338,nominal,trader,0000000,True,accepted
20260511_090501,401339,nominal,trader,0111110,True,accepted
20260511_090501,401340,nominal,trader,1111100,True,accepted
20260511_090501,401341,nominal,trader,0000111,True,accepted
20260511_090501,401342,nominal,trader,0001001,True,accepted
20260511_090501,401343,nominal,trader,0100110,True,accepted
20260511_090501,401344,nominal,trader,0001100,True,accepted
20260511_090501,401345,nominal,trader,0101110,True,accepted
20260511_090501,401346,nominal,trader,1110101,True,accepted
20260511_090501,401347,nominal,trader,0000110,True,accepted
20260511_090501,401348,nominal,trader,0000100,True,accepted
20260511_090501,401349,nominal,trader,1101100,True,accepted
20260511_090501,401350,nominal,trader,0110101,True,accepted
20260511_090501,401351,nominal,trader,0001110,True,accepted
20260511_090501,401352,nominal,trader,1111101,True,accepted
20260511_090501,401353,nominal,trader,0001001,True,accepted
20260511_090501,401354,nominal,trader,0001011,True,accepted
20260511_090501,401355,nominal,trader,0100111,True,accepted
20260511_090501,401356,nominal,trader,0110111,True,accepted
20260511_090501,401357,nominal,trader,0100101,True,accepted
20260511_090501,401358,nominal,trader,0000010,True,accepted
20260511_090501,401359,nominal,trader,0111110,True,accepted
20260511_090501,401360,nominal,trader,0000111,True,accepted
20260511_090501,401361,nominal,trader,1111100,True,accepted
20260511_090501,401362,nominal,trader,0100111,True,accepted
20260511_090501,401363,nominal,trader,0001001,True,accepted
20260511_090501,401364,nominal,trader,0001111,True,accepted
20260511_090501,401365,nominal,trader,0110111,True,accepted
20260511_090501,401366,nominal,trader,0111110,True,accepted
20260511_090501,401367,nominal,trader,0000000,True,accepted
20260511_090501,401368,nominal,trader,0101100,True,accepted
20260511_090501,401369,nominal,trader,0001100,True,accepted
20260511_090501,401370,nominal,trader,0000110,True,accepted
20260511_090501,401371,nominal,trader,1101101,True,accepted
20260511_090501,401372,nominal,trader,1100100,True,accepted
20260511_090501,401373,nominal,trader,0000011,True,accepted
20260511_090501,401374,nominal,trader,0001110,True,accepted
20260511_090501,401375,nominal,trader,0101110,True,accepted
20260511_090501,401376,nominal,trader,0111101,True,accepted
20260511_090501,401377,nominal,trader,0000001,True,accepted
20260511_090501,401378,nominal,trader,0100100,True,accepted
20260511_090501,401379,nominal,trader,0110101,True,accepted
20260511_090501,401380,nominal,trader,0100110,True,accepted
20260511_090501,401381,nominal,trader,0001010,True,accepted
20260511_090501,401382,nominal,trader,0001000,True,accepted
20260511_090501,401383,nominal,trader,1110110,True,accepted
20260511_090501,401384,nominal,trader,0001101,True,accepted
20260511_090501,401385,nominal,trader,0101111,True,accepted
20260511_090501,401386,nominal,trader,1100110,True,accepted
20260511_090501,401387,nominal,trader,0000010,True,accepted
20260511_090501,401388,nominal,trader,0000101,True,accepted
20260511_090501,401389,nominal,trader,1101111,True,accepted
20260511_090501,401390,nominal,trader,0101101,True,accepted
20260511_090501,401391,nominal,trader,0001011,True,accepted
20260511_090501,401392,nominal,trader,0110100,True,accepted
20260511_090501,401393,nominal,trader,0001111,True,accepted
20260511_090501,401394,nominal,trader,0000100,True,accepted
20260511_090501,401395,nominal,trader,1100111,True,accepted
20260511_090501,401396,nominal,trader,1101111,True,accepted
20260511_090501,401397,nominal,trader,0000111,True,accepted
20260511_090501,401398,nominal,trader,0001101,True,accepted
20260511_090501,401399,nominal,trader,0101101,True,accepted
20260511_090501,401400,nominal,trader,0000001,True,accepted
20260511_090501,401401,nominal,trader,1100100,True,accepted
20260511_090501,401402,nominal,trader,0111100,True,accepted
20260511_090501,401403,nominal,trader,0100100,True,accepted
20260511_090501,401404,nominal,trader,0001010,True,accepted
20260511_090501,401405,nominal,trader,0101100,True,accepted
20260511_090501,401406,nominal,trader,1111111,True,accepted
20260511_090501,401407,nominal,trader,0001000,True,accepted
20260511_090501,401408,nominal,trader,1101101,True,accepted
20260511_090501,401409,nominal,trader,0000110,True,accepted
20260511_090501,401410,nominal,trader,0001100,True,accepted
20260511_090501,401411,nominal,trader,0101100,True,accepted
20260511_090501,401412,nominal,trader,0101110,True,accepted
20260511_090501,401413,nominal,trader,0001110,True,accepted
20260511_090501,401414,nominal,trader,0000011,True,accepted
20260511_090501,401415,nominal,trader,1100100,True,accepted
20260511_090501,401416,nominal,trader,0001001,True,accepted
20260511_090501,401417,nominal,trader,0100111,True,accepted
20260511_090501,401418,nominal,trader,1111100,True,accepted
20260511_090501,401419,nominal,trader,0000111,True,accepted
20260511_090501,401420,nominal,trader,0000000,True,accepted
20260511_090501,401421,nominal,trader,0111110,True,accepted
20260511_090501,401422,nominal,trader,0110111,True,accepted
20260511_090501,401423,nominal,trader,0001111,True,accepted
20260511_090501,401424,nominal,trader,0100111,True,accepted
20260511_090501,401425,nominal,trader,0001011,True,accepted
20260511_090501,401426,nominal,trader,0001001,True,accepted
20260511_090501,401427,nominal,trader,1111101,True,accepted
20260511_090501,401428,nominal,trader,0111110,True,accepted
20260511_090501,401429,nominal,trader,0000010,True,accepted
20260511_090501,401430,nominal,trader,0100101,True,accepted
20260511_090501,401431,nominal,trader,0110111,True,accepted
20260511_090501,401432,nominal,trader,0000110,True,accepted
20260511_090501,401433,nominal,trader,1110101,True,accepted
20260511_090501,401434,nominal,trader,0101110,True,accepted
20260511_090501,401435,nominal,trader,0001100,True,accepted
20260511_090501,401436,nominal,trader,0001110,True,accepted
20260511_090501,401437,nominal,trader,0110101,True,accepted
20260511_090501,401438,nominal,trader,1101100,True,accepted
20260511_090501,401439,nominal,trader,0000011,True,accepted
20260511_090501,401440,nominal,trader,0100100,True,accepted
20260511_090501,401441,nominal,trader,0111101,True,accepted
20260511_090501,401442,nominal,trader,1100100,True,accepted
20260511_090501,401443,nominal,trader,0000001,True,accepted
20260511_090501,401444,nominal,trader,0001000,True,accepted
20260511_090501,401445,nominal,trader,1111111,True,accepted
20260511_090501,401446,nominal,trader,0101100,True,accepted
20260511_090501,401447,nominal,trader,0001010,True,accepted
20260511_090501,401448,nominal,trader,1100111,True,accepted
20260511_090501,401449,nominal,trader,0000101,True,accepted
20260511_090501,401450,nominal,trader,0001111,True,accepted
20260511_090501,401451,nominal,trader,0101111,True,accepted
20260511_090501,401452,nominal,trader,0101101,True,accepted
20260511_090501,401453,nominal,trader,0001101,True,accepted
20260511_090501,401454,nominal,trader,0000111,True,accepted
20260511_090501,401455,nominal,trader,1101111,True,accepted
20260511_090501,401456,nominal,trader,0000010,True,accepted
20260511_090501,401457,nominal,trader,1100110,True,accepted
20260511_090501,401458,nominal,trader,0101111,True,accepted
20260511_090501,401459,nominal,trader,0001101,True,accepted
20260511_090501,401460,nominal,trader,0001011,True,accepted
20260511_090501,401461,nominal,trader,0101101,True,accepted
20260511_090501,401462,nominal,trader,1101110,True,accepted
20260511_090501,401463,nominal,trader,0000101,True,accepted
20260511_090501,401464,nominal,trader,0110101,True,accepted
20260511_090501,401465,nominal,trader,0100100,True,accepted
20260511_090501,401466,nominal,trader,0000001,True,accepted
20260511_090501,401467,nominal,trader,0111101,True,accepted
20260511_090501,401468,nominal,trader,1110110,True,accepted
20260511_090501,401469,nominal,trader,0001000,True,accepted
20260511_090501,401470,nominal,trader,0001010,True,accepted
20260511_090501,401471,nominal,trader,0100110,True,accepted
20260511_090501,401472,nominal,trader,0001101,True,accepted
20260511_090501,401473,nominal,trader,0101110,True,accepted
20260511_090501,401474,nominal,trader,1101111,True,accepted
20260511_090501,401475,nominal,trader,0000110,True,accepted
20260511_090501,401476,nominal,trader,0000100,True,accepted
20260511_090501,401477,nominal,trader,1100111,True,accepted
20260511_090501,401478,nominal,trader,0110100,True,accepted
20260511_090501,401479,nominal,trader,0001111,True,accepted
20260511_090501,401480,nominal,trader,1111110,True,accepted
20260511_090501,401481,nominal,trader,0001000,True,accepted
20260511_090501,401482,nominal,trader,0001011,True,accepted
20260511_090501,401483,nominal,trader,0100111,True,accepted
20260511_090501,401484,nominal,trader,0111100,True,accepted
20260511_090501,401485,nominal,trader,0100101,True,accepted
20260511_090501,401486,nominal,trader,0000001,True,accepted
20260511_090501,401487,nominal,trader,0111111,True,accepted
20260511_090501,401488,nominal,trader,0000111,True,accepted
20260511_090501,401489,nominal,trader,1110111,True,accepted
20260511_090501,401490,nominal,trader,0100110,True,accepted
20260511_090501,401491,nominal,trader,0001010,True,accepted
20260511_090501,401492,nominal,trader,0100100,True,accepted
20260511_090501,401493,nominal,trader,0110110,True,accepted
20260511_090501,401494,nominal,trader,0111101,True,accepted
20260511_090501,401495,nominal,trader,0000000,True,accepted
20260511_090501,401496,nominal,trader,0101101,True,accepted
20260511_090501,401497,nominal,trader,0001100,True,accepted
20260511_090501,401498,nominal,trader,0000101,True,accepted
20260511_090501,401499,nominal,trader,1101110,True,accepted
20260511_090501,401500,nominal,trader,1100110,True,accepted
20260511_090501,401501,nominal,trader,0000011,True,accepted
20260511_090501,401502,nominal,trader,0001101,True,accepted
20260511_090501,401503,nominal,trader,0101111,True,accepted
20260511_090501,401504,nominal,trader,0111110,True,accepted
20260511_090501,401505,nominal,trader,0000000,True,accepted
20260511_090501,401506,nominal,trader,0001111,True,accepted
20260511_090501,401507,nominal,trader,0110110,True,accepted
20260511_090501,401508,nominal,trader,0100110,True,accepted
20260511_090501,401509,nominal,trader,0001010,True,accepted
20260511_090501,401510,nominal,trader,0000111,True,accepted
20260511_090501,401511,nominal,trader,1110111,True,accepted
20260511_090501,401512,nominal,trader,0001110,True,accepted
20260511_090501,401513,nominal,trader,0101111,True,accepted
20260511_090501,401514,nominal,trader,1100101,True,accepted
20260511_090501,401515,nominal,trader,0000011,True,accepted
20260511_090501,401516,nominal,trader,0000101,True,accepted
20260511_090501,401517,nominal,trader,1101110,True,accepted
20260511_090501,401518,nominal,trader,0101100,True,accepted
20260511_090501,401519,nominal,trader,0001100,True,accepted
20260511_090501,401520,nominal,trader,0110101,True,accepted
20260511_090501,401521,nominal,trader,0001110,True,accepted
20260511_090501,401522,nominal,trader,0000100,True,accepted
20260511_090501,401523,nominal,trader,1101100,True,accepted
20260511_090501,401524,nominal,trader,1110100,True,accepted
20260511_090501,401525,nominal,trader,0000110,True,accepted
20260511_090501,401526,nominal,trader,0001101,True,accepted
20260511_090501,401527,nominal,trader,0101110,True,accepted
20260511_090501,401528,nominal,trader,0000010,True,accepted
20260511_090501,401529,nominal,trader,0111111,True,accepted
20260511_090501,401530,nominal,trader,0111100,True,accepted
20260511_090501,401531,nominal,trader,0100101,True,accepted
20260511_090501,401532,nominal,trader,0001011,True,accepted
20260511_090501,401533,nominal,trader,0100111,True,accepted
20260511_090501,401534,nominal,trader,1111110,True,accepted
20260511_090501,401535,nominal,trader,0001001,True,accepted
20260511_090501,401536,nominal,trader,0001100,True,accepted
20260511_090501,401537,nominal,trader,0101101,True,accepted
20260511_090501,401538,nominal,trader,1101110,True,accepted
20260511_090501,401539,nominal,trader,0000101,True,accepted
20260511_090501,401540,nominal,trader,0000011,True,accepted
20260511_090501,401541,nominal,trader,1100110,True,accepted
20260511_090501,401542,nominal,trader,0101111,True,accepted
20260511_090501,401543,nominal,trader,0001110,True,accepted
20260511_090501,401544,nominal,trader,1110111,True,accepted
20260511_090501,401545,nominal,trader,0000111,True,accepted
20260511_090501,401546,nominal,trader,0001010,True,accepted
20260511_090501,401547,nominal,trader,0100110,True,accepted
20260511_090501,401548,nominal,trader,0110110,True,accepted
20260511_090501,401549,nominal,trader,0100100,True,accepted
20260511_090501,401550,nominal,trader,0000000,True,accepted
20260511_090501,401551,nominal,trader,0111101,True,accepted
20260511_090501,401552,nominal,trader,0001000,True,accepted
20260511_090501,401553,nominal,trader,1111110,True,accepted
20260511_090501,401554,nominal,trader,0101100,True,accepted
20260511_090501,401555,nominal,trader,0001011,True,accepted
20260511_090501,401556,nominal,trader,0100101,True,accepted
20260511_090501,401557,nominal,trader,0111100,True,accepted
20260511_090501,401558,nominal,trader,0111111,True,accepted
20260511_090501,401559,nominal,trader,0000001,True,accepted
20260511_090501,401560,nominal,trader,0101110,True,accepted
20260511_090501,401561,nominal,trader,0001101,True,accepted
20260511_090501,401562,nominal,trader,0000110,True,accepted
20260511_090501,401563,nominal,trader,1101111,True,accepted
20260511_090501,401564,nominal,trader,1100111,True,accepted
20260511_090501,401565,nominal,trader,0000100,True,accepted
20260511_090501,401566,nominal,trader,0001111,True,accepted
20260511_090501,401567,nominal,trader,0110100,True,accepted
20260511_090501,401568,nominal,trader,0111111,True,accepted
20260511_090501,401569,nominal,trader,0000010,True,accepted
20260511_090501,401570,nominal,trader,0100101,True,accepted
20260511_090501,401571,nominal,trader,0111100,True,accepted
20260511_090501,401572,nominal,trader,0100111,True,accepted
20260511_090501,401573,nominal,trader,0001011,True,accepted
20260511_090501,401574,nominal,trader,0001001,True,accepted
20260511_090501,401575,nominal,trader,1111110,True,accepted
20260511_090501,401576,nominal,trader,0001110,True,accepted
20260511_090501,401577,nominal,trader,0110100,True,accepted
20260511_090501,401578,nominal,trader,1101100,True,accepted
20260511_090501,401579,nominal,trader,0000100,True,accepted
20260511_090501,401580,nominal,trader,0000110,True,accepted
20260511_090501,401581,nominal,trader,1110100,True,accepted
20260511_090501,401582,nominal,trader,0101110,True,accepted
20260511_090501,401583,nominal,trader,0001101,True,accepted
20260511_090501,401584,nominal,trader,0101111,True,accepted
20260511_090501,401585,nominal,trader,0001110,True,accepted
20260511_090501,401586,nominal,trader,0000011,True,accepted
20260511_090501,401587,nominal,trader,1100101,True,accepted
20260511_090501,401588,nominal,trader,1101110,True,accepted
20260511_090501,401589,nominal,trader,0000101,True,accepted
20260511_090501,401590,nominal,trader,0001100,True,accepted
20260511_090501,401591,nominal,trader,0101101,True,accepted
20260511_090501,401592,nominal,trader,0000000,True,accepted
20260511_090501,401593,nominal,trader,0111110,True,accepted
20260511_090501,401594,nominal,trader,0110110,True,accepted
20260511_090501,401595,nominal,trader,0001111,True,accepted
20260511_090501,401596,nominal,trader,0001010,True,accepted
20260511_090501,401597,nominal,trader,0100110,True,accepted
20260511_090501,401598,nominal,trader,1110111,True,accepted
20260511_090501,401599,nominal,trader,0000111,True,accepted
20260511_090501,401600,nominal,trader,1110101,True,accepted
20260511_090501,401601,nominal,trader,0000110,True,accepted
20260511_090501,401602,nominal,trader,0001100,True,accepted
20260511_090501,401603,nominal,trader,0101110,True,accepted
20260511_090501,401604,nominal,trader,0110101,True,accepted
20260511_090501,401605,nominal,trader,0001110,True,accepted
20260511_090501,401606,nominal,trader,0000100,True,accepted
20260511_090501,401607,nominal,trader,1101101,True,accepted
20260511_090501,401608,nominal,trader,0001011,True,accepted
20260511_090501,401609,nominal,trader,0100111,True,accepted
20260511_090501,401610,nominal,trader,1111101,True,accepted
20260511_090501,401611,nominal,trader,0001001,True,accepted
20260511_090501,401612,nominal,trader,0000010,True,accepted
20260511_090501,401613,nominal,trader,0111110,True,accepted
20260511_090501,401614,nominal,trader,0110111,True,accepted
20260511_090501,401615,nominal,trader,0100101,True,accepted
20260511_090501,401616,nominal,trader,0100111,True,accepted
20260511_090501,401617,nominal,trader,0001001,True,accepted
20260511_090501,401618,nominal,trader,0000111,True,accepted
20260511_090501,401619,nominal,trader,1111100,True,accepted
20260511_090501,401620,nominal,trader,0111110,True,accepted
20260511_090501,401621,nominal,trader,0000000,True,accepted
20260511_090501,401622,nominal,trader,0001111,True,accepted
20260511_090501,401623,nominal,trader,0110111,True,accepted
20260511_090501,401624,nominal,trader,0000110,True,accepted
20260511_090501,401625,nominal,trader,1101101,True,accepted
20260511_090501,401626,nominal,trader,0101100,True,accepted
20260511_090501,401627,nominal,trader,0001100,True,accepted
20260511_090501,401628,nominal,trader,0001110,True,accepted
20260511_090501,401629,nominal,trader,0101110,True,accepted
20260511_090501,401630,nominal,trader,1100100,True,accepted
20260511_090501,401631,nominal,trader,0000011,True,accepted
20260511_090501,401632,nominal,trader,0100100,True,accepted
20260511_090501,401633,nominal,trader,0110101,True,accepted
20260511_090501,401634,nominal,trader,0111101,True,accepted
20260511_090501,401635,nominal,trader,0000001,True,accepted
20260511_090501,401636,nominal,trader,0001000,True,accepted
20260511_090501,401637,nominal,trader,1110110,True,accepted
20260511_090501,401638,nominal,trader,0100110,True,accepted
20260511_090501,401639,nominal,trader,0001010,True,accepted
20260511_090501,401640,nominal,trader,1100110,True,accepted
20260511_090501,401641,nominal,trader,0000010,True,accepted
20260511_090501,401642,nominal,trader,0001101,True,accepted
20260511_090501,401643,nominal,trader,0101111,True,accepted
20260511_090501,401644,nominal,trader,0101101,True,accepted
20260511_090501,401645,nominal,trader,0001011,True,accepted
20260511_090501,401646,nominal,trader,0000101,True,accepted
20260511_090501,401647,nominal,trader,1101110,True,accepted
20260511_090501,401648,nominal,trader,0000100,True,accepted
20260511_090501,401649,nominal,trader,1100110,True,accepted
20260511_090501,401650,nominal,trader,0101111,True,accepted
20260511_090501,401651,nominal,trader,0001111,True,accepted
20260511_090501,401652,nominal,trader,0001101,True,accepted
20260511_090501,401653,nominal,trader,0101101,True,accepted
20260511_090501,401654,nominal,trader,1101111,True,accepted
20260511_090501,401655,nominal,trader,0000111,True,accepted
20260511_090501,401656,nominal,trader,0111100,True,accepted
20260511_090501,401657,nominal,trader,0100100,True,accepted
20260511_090501,401658,nominal,trader,0000001,True,accepted
20260511_090501,401659,nominal,trader,1100100,True,accepted
20260511_090501,401660,nominal,trader,1111111,True,accepted
20260511_090501,401661,nominal,trader,0001000,True,accepted
20260511_090501,401662,nominal,trader,0001010,True,accepted
20260511_090501,401663,nominal,trader,0101100,True,accepted
20260511_090501,401664,nominal,trader,0001100,True,accepted
20260511_090501,401665,nominal,trader,0101100,True,accepted
20260511_090501,401666,nominal,trader,1101101,True,accepted
20260511_090501,401667,nominal,trader,0000110,True,accepted
20260511_090501,401668,nominal,trader,0000011,True,accepted
20260511_090501,401669,nominal,trader,1100100,True,accepted
20260511_090501,401670,nominal,trader,0101110,True,accepted
20260511_090501,401671,nominal,trader,0001110,True,accepted
20260511_090501,401672,nominal,trader,1111100,True,accepted
20260511_090501,401673,nominal,trader,0000111,True,accepted
20260511_090501,401674,nominal,trader,0001001,True,accepted
20260511_090501,401675,nominal,trader,0100111,True,accepted
20260511_090501,401676,nominal,trader,0110111,True,accepted
20260511_090501,401677,nominal,trader,0001111,True,accepted
20260511_090501,401678,nominal,trader,0000000,True,accepted
20260511_090501,401679,nominal,trader,0111110,True,accepted
20260511_090501,401680,nominal,trader,0001001,True,accepted
20260511_090501,401681,nominal,trader,1111101,True,accepted
20260511_090501,401682,nominal,trader,0100111,True,accepted
20260511_090501,401683,nominal,trader,0001011,True,accepted
20260511_090501,401684,nominal,trader,0100101,True,accepted
20260511_090501,401685,nominal,trader,0110111,True,accepted
20260511_090501,401686,nominal,trader,0111111,True,accepted
20260511_090501,401687,nominal,trader,0000010,True,accepted
20260511_090501,401688,nominal,trader,0101110,True,accepted
20260511_090501,401689,nominal,trader,0001100,True,accepted
20260511_090501,401690,nominal,trader,0000110,True,accepted
20260511_090501,401691,nominal,trader,1110101,True,accepted
20260511_090501,401692,nominal,trader,1101100,True,accepted
20260511_090501,401693,nominal,trader,0000100,True,accepted
20260511_090501,401694,nominal,trader,0001110,True,accepted
20260511_090501,401695,nominal,trader,0110101,True,accepted
20260511_090501,401696,nominal,trader,0111111,True,accepted
20260511_090501,401697,nominal,trader,0000001,True,accepted
20260511_090501,401698,nominal,trader,0100100,True,accepted
20260511_090501,401699,nominal,trader,0111100,True,accepted
20260511_090501,401700,nominal,trader,0101100,True,accepted
20260511_090501,401701,nominal,trader,0001010,True,accepted
20260511_090501,401702,nominal,trader,0001000,True,accepted
20260511_090501,401703,nominal,trader,1111111,True,accepted
20260511_090501,401704,nominal,trader,0001111,True,accepted
20260511_090501,401705,nominal,trader,0101111,True,accepted
20260511_090501,401706,nominal,trader,1100111,True,accepted
20260511_090501,401707,nominal,trader,0000100,True,accepted
20260511_090501,401708,nominal,trader,0000111,True,accepted
20260511_090501,401709,nominal,trader,1101111,True,accepted
20260511_090501,401710,nominal,trader,0101101,True,accepted
20260511_090501,401711,nominal,trader,0001101,True,accepted
20260511_090501,401712,nominal,trader,0101111,True,accepted
20260511_090501,401713,nominal,trader,0001101,True,accepted
20260511_090501,401714,nominal,trader,0000010,True,accepted
20260511_090501,401715,nominal,trader,1100110,True,accepted
20260511_090501,401716,nominal,trader,1101110,True,accepted
20260511_090501,401717,nominal,trader,0000101,True,accepted
20260511_090501,401718,nominal,trader,0001011,True,accepted
20260511_090501,401719,nominal,trader,0101101,True,accepted
20260511_090501,401720,nominal,trader,0000001,True,accepted
20260511_090501,401721,nominal,trader,0111101,True,accepted
20260511_090501,401722,nominal,trader,0110110,True,accepted
20260511_090501,401723,nominal,trader,0100100,True,accepted
20260511_090501,401724,nominal,trader,0001010,True,accepted
20260511_090501,401725,nominal,trader,0100110,True,accepted
20260511_090501,401726,nominal,trader,1110110,True,accepted
20260511_090501,401727,nominal,trader,0001000,True,accepted
20260511_090501,401728,nominal,trader,1101111,True,accepted
20260511_090501,401729,nominal,trader,0000110,True,accepted
20260511_090501,401730,nominal,trader,0001101,True,accepted
20260511_090501,401731,nominal,trader,0101110,True,accepted
20260511_090501,401732,nominal,trader,0110100,True,accepted
20260511_090501,401733,nominal,trader,0001111,True,accepted
20260511_090501,401734,nominal,trader,0000100,True,accepted
20260511_090501,401735,nominal,trader,1101100,True,accepted
20260511_090501,401736,nominal,trader,0001010,True,accepted
20260511_090501,401737,nominal,trader,0101100,True,accepted
20260511_090501,401738,nominal,trader,1111111,True,accepted
20260511_090501,401739,nominal,trader,0001000,True,accepted
20260511_090501,401740,nominal,trader,0000001,True,accepted
20260511_090501,401741,nominal,trader,0111111,True,accepted
20260511_090501,401742,nominal,trader,0111100,True,accepted
20260511_090501,401743,nominal,trader,0100101,True,accepted
20260511_090501,401744,nominal,trader,0100110,True,accepted
20260511_090501,401745,nominal,trader,0001010,True,accepted
20260511_090501,401746,nominal,trader,0001000,True,accepted
20260511_090501,401747,nominal,trader,1110111,True,accepted
20260511_090501,401748,nominal,trader,0111101,True,accepted
20260511_090501,401749,nominal,trader,0000000,True,accepted
20260511_090501,401750,nominal,trader,0100100,True,accepted
20260511_090501,401751,nominal,trader,0110110,True,accepted
20260511_090501,401752,nominal,trader,0000101,True,accepted
20260511_090501,401753,nominal,trader,1101110,True,accepted
20260511_090501,401754,nominal,trader,0101101,True,accepted
20260511_090501,401755,nominal,trader,0001100,True,accepted
20260511_090501,401756,nominal,trader,0001110,True,accepted
20260511_090501,401757,nominal,trader,0101111,True,accepted
20260511_090501,401758,nominal,trader,1100110,True,accepted
20260511_090501,401759,nominal,trader,0000011,True,accepted
20260511_090501,401760,nominal,trader,0001111,True,accepted
20260511_090501,401761,nominal,trader,0110110,True,accepted
20260511_090501,401762,nominal,trader,0111110,True,accepted
20260511_090501,401763,nominal,trader,0000000,True,accepted
20260511_090501,401764,nominal,trader,0000111,True,accepted
20260511_090501,401765,nominal,trader,1111100,True,accepted
20260511_090501,401766,nominal,trader,0100110,True,accepted
20260511_090501,401767,nominal,trader,0001001,True,accepted
20260511_090501,401768,nominal,trader,1100101,True,accepted
20260511_090501,401769,nominal,trader,0000011,True,accepted
20260511_090501,401770,nominal,trader,0001110,True,accepted
20260511_090501,401771,nominal,trader,0101111,True,accepted
20260511_090501,401772,nominal,trader,0101100,True,accepted
20260511_090501,401773,nominal,trader,0001100,True,accepted
